code,year,subject,practice_count,test_count,baseline_pass,quality_pass,shared_source,cross_bank_duplicates,generic_items,truncated_items,missing_feedback,missing_audio,missing_visual_alt,option_mismatch,practice_answer_spread,test_answer_spread,practice_path,test_path,issues
AC9M1A01,1,math,28,16,true,true,false,0,0,0,0,0,0,0,1,1,quiz/year-1/math/ac9m1a01/practice/questions.js,quiz/year-1/math/ac9m1a01/test/questions.js,
AC9M1A02,1,math,28,16,true,true,false,0,0,0,0,0,0,0,1,1,quiz/year-1/math/ac9m1a02/practice/questions.js,quiz/year-1/math/ac9m1a02/test/questions.js,
AC9M1M01,1,math,28,16,true,true,false,0,0,0,0,0,0,0,1,1,quiz/year-1/math/ac9m1m01/practice/questions.js,quiz/year-1/math/ac9m1m01/test/questions.js,
AC9M1M02,1,math,28,16,true,true,false,0,0,0,0,0,0,0,1,1,quiz/year-1/math/ac9m1m02/practice/questions.js,quiz/year-1/math/ac9m1m02/test/questions.js,
AC9M1M03,1,math,28,16,true,true,false,0,0,0,0,0,0,0,1,1,quiz/year-1/math/ac9m1m03/practice/questions.js,quiz/year-1/math/ac9m1m03/test/questions.js,
AC9M1N01,1,math,56,24,true,true,false,0,0,0,0,0,0,0,1,0,quiz/year-1/math/ac9m1n01/practice/questions.js,quiz/year-1/math/ac9m1n01/test/questions.js,
AC9M1N02,1,math,56,24,true,true,false,0,0,0,0,0,0,0,1,0,quiz/year-1/math/ac9m1n02/practice/questions.js,quiz/year-1/math/ac9m1n02/test/questions.js,
AC9M1N03,1,math,56,24,true,true,false,0,0,0,0,0,0,0,1,0,quiz/year-1/math/ac9m1n03/practice/questions.js,quiz/year-1/math/ac9m1n03/test/questions.js,
AC9M1N04,1,math,28,16,true,true,false,0,0,0,0,0,0,0,1,1,quiz/year-1/math/ac9m1n04/practice/questions.js,quiz/year-1/math/ac9m1n04/test/questions.js,
AC9M1N05,1,math,28,16,true,true,false,0,0,0,0,0,0,0,1,1,quiz/year-1/math/ac9m1n05/practice/questions.js,quiz/year-1/math/ac9m1n05/test/questions.js,
AC9M1N06,1,math,28,16,true,true,false,0,0,0,0,0,0,0,1,1,quiz/year-1/math/ac9m1n06/practice/questions.js,quiz/year-1/math/ac9m1n06/test/questions.js,
AC9M1SP01,1,math,28,16,true,true,false,0,0,0,0,0,0,0,1,1,quiz/year-1/math/ac9m1sp01/practice/questions.js,quiz/year-1/math/ac9m1sp01/test/questions.js,
AC9M1SP02,1,math,28,16,true,true,false,0,0,0,0,0,0,0,1,1,quiz/year-1/math/ac9m1sp02/practice/questions.js,quiz/year-1/math/ac9m1sp02/test/questions.js,
AC9M1ST01,1,math,28,16,true,true,false,0,0,0,0,0,0,0,1,1,quiz/year-1/math/ac9m1st01/practice/questions.js,quiz/year-1/math/ac9m1st01/test/questions.js,
AC9M1ST02,1,math,28,16,true,true,false,0,0,0,0,0,0,0,1,1,quiz/year-1/math/ac9m1st02/practice/questions.js,quiz/year-1/math/ac9m1st02/test/questions.js,
AC9S1H01,1,science,24,16,true,true,false,0,0,0,0,0,0,0,0,1,quiz/year-1/science/ac9s1h01/practice/questions.js,quiz/year-1/science/ac9s1h01/test/questions.js,
AC9S1I01,1,science,24,16,true,true,false,0,0,0,0,0,0,0,0,1,quiz/year-1/science/ac9s1i01/practice/questions.js,quiz/year-1/science/ac9s1i01/test/questions.js,
AC9S1I02,1,science,24,16,true,true,false,0,0,0,0,0,0,0,0,1,quiz/year-1/science/ac9s1i02/practice/questions.js,quiz/year-1/science/ac9s1i02/test/questions.js,
AC9S1I03,1,science,24,16,true,true,false,0,0,0,0,0,0,0,0,1,quiz/year-1/science/ac9s1i03/practice/questions.js,quiz/year-1/science/ac9s1i03/test/questions.js,
AC9S1I04,1,science,24,16,true,true,false,0,0,0,0,0,0,0,0,1,quiz/year-1/science/ac9s1i04/practice/questions.js,quiz/year-1/science/ac9s1i04/test/questions.js,
AC9S1I05,1,science,24,16,true,true,false,0,0,0,0,0,0,0,0,1,quiz/year-1/science/ac9s1i05/practice/questions.js,quiz/year-1/science/ac9s1i05/test/questions.js,
AC9S1I06,1,science,24,16,true,true,false,0,0,0,0,0,0,0,0,1,quiz/year-1/science/ac9s1i06/practice/questions.js,quiz/year-1/science/ac9s1i06/test/questions.js,
AC9S1U01,1,science,24,16,true,true,false,0,0,0,0,0,0,0,0,1,quiz/year-1/science/ac9s1u01/practice/questions.js,quiz/year-1/science/ac9s1u01/test/questions.js,
AC9S1U02,1,science,24,16,true,true,false,0,0,0,0,0,0,0,0,1,quiz/year-1/science/ac9s1u02/practice/questions.js,quiz/year-1/science/ac9s1u02/test/questions.js,
AC9S1U03,1,science,24,16,true,true,false,0,0,0,0,0,0,0,0,1,quiz/year-1/science/ac9s1u03/practice/questions.js,quiz/year-1/science/ac9s1u03/test/questions.js,
AC9E1LA01,1,english,24,16,true,true,false,0,0,0,0,0,0,0,0,1,quiz/year-1/english/ac9e1la01/practice/questions.js,quiz/year-1/english/ac9e1la01/test/questions.js,
AC9E1LA02,1,english,24,16,true,true,false,0,0,0,0,0,0,0,0,1,quiz/year-1/english/ac9e1la02/practice/questions.js,quiz/year-1/english/ac9e1la02/test/questions.js,
AC9E1LA03,1,english,24,16,true,true,false,0,0,0,0,0,0,0,0,1,quiz/year-1/english/ac9e1la03/practice/questions.js,quiz/year-1/english/ac9e1la03/test/questions.js,
AC9E1LA04,1,english,24,16,true,true,false,0,0,0,0,0,0,0,0,1,quiz/year-1/english/ac9e1la04/practice/questions.js,quiz/year-1/english/ac9e1la04/test/questions.js,
AC9E1LA05,1,english,24,16,true,true,false,0,0,0,0,0,0,0,0,1,quiz/year-1/english/ac9e1la05/practice/questions.js,quiz/year-1/english/ac9e1la05/test/questions.js,
AC9E1LA06,1,english,24,16,true,true,false,0,0,0,0,0,0,0,0,1,quiz/year-1/english/ac9e1la06/practice/questions.js,quiz/year-1/english/ac9e1la06/test/questions.js,
AC9E1LA07,1,english,24,16,true,true,false,0,0,0,0,0,0,0,0,1,quiz/year-1/english/ac9e1la07/practice/questions.js,quiz/year-1/english/ac9e1la07/test/questions.js,
AC9E1LA08,1,english,24,16,true,true,false,0,0,0,0,0,0,0,0,1,quiz/year-1/english/ac9e1la08/practice/questions.js,quiz/year-1/english/ac9e1la08/test/questions.js,
AC9E1LA09,1,english,24,16,true,true,false,0,0,0,0,0,0,0,0,1,quiz/year-1/english/ac9e1la09/practice/questions.js,quiz/year-1/english/ac9e1la09/test/questions.js,
AC9E1LA10,1,english,24,16,true,true,false,0,0,0,0,0,0,0,0,1,quiz/year-1/english/ac9e1la10/practice/questions.js,quiz/year-1/english/ac9e1la10/test/questions.js,
AC9E1LE01,1,english,24,16,true,true,false,0,0,0,0,0,0,0,0,1,quiz/year-1/english/ac9e1le01/practice/questions.js,quiz/year-1/english/ac9e1le01/test/questions.js,
AC9E1LE02,1,english,24,16,true,true,false,0,0,0,0,0,0,0,0,1,quiz/year-1/english/ac9e1le02/practice/questions.js,quiz/year-1/english/ac9e1le02/test/questions.js,
AC9E1LE03,1,english,24,16,true,true,false,0,0,0,0,0,0,0,0,1,quiz/year-1/english/ac9e1le03/practice/questions.js,quiz/year-1/english/ac9e1le03/test/questions.js,
AC9E1LE04,1,english,24,16,true,true,false,0,0,0,0,0,0,0,0,1,quiz/year-1/english/ac9e1le04/practice/questions.js,quiz/year-1/english/ac9e1le04/test/questions.js,
AC9E1LE05,1,english,24,16,true,true,false,0,0,0,0,0,0,0,0,1,quiz/year-1/english/ac9e1le05/practice/questions.js,quiz/year-1/english/ac9e1le05/test/questions.js,
AC9E1LY01,1,english,24,16,true,true,false,0,0,0,0,0,0,0,0,1,quiz/year-1/english/ac9e1ly01/practice/questions.js,quiz/year-1/english/ac9e1ly01/test/questions.js,
AC9E1LY02,1,english,24,16,true,true,false,0,0,0,0,0,0,0,0,1,quiz/year-1/english/ac9e1ly02/practice/questions.js,quiz/year-1/english/ac9e1ly02/test/questions.js,
AC9E1LY03,1,english,24,16,true,true,false,0,0,0,0,0,0,0,0,1,quiz/year-1/english/ac9e1ly03/practice/questions.js,quiz/year-1/english/ac9e1ly03/test/questions.js,
AC9E1LY04,1,english,24,16,true,true,false,0,0,0,0,0,0,0,0,1,quiz/year-1/english/ac9e1ly04/practice/questions.js,quiz/year-1/english/ac9e1ly04/test/questions.js,
AC9E1LY05,1,english,24,16,true,true,false,0,0,0,0,0,0,0,0,1,quiz/year-1/english/ac9e1ly05/practice/questions.js,quiz/year-1/english/ac9e1ly05/test/questions.js,
AC9E1LY06,1,english,24,16,true,true,false,0,0,0,0,0,0,0,0,1,quiz/year-1/english/ac9e1ly06/practice/questions.js,quiz/year-1/english/ac9e1ly06/test/questions.js,
AC9E1LY07,1,english,24,16,true,true,false,0,0,0,0,0,0,0,0,1,quiz/year-1/english/ac9e1ly07/practice/questions.js,quiz/year-1/english/ac9e1ly07/test/questions.js,
AC9E1LY08,1,english,24,16,true,true,false,0,0,0,0,0,0,0,0,1,quiz/year-1/english/ac9e1ly08/practice/questions.js,quiz/year-1/english/ac9e1ly08/test/questions.js,
AC9E1LY09,1,english,24,16,true,true,false,0,0,0,0,0,0,0,0,1,quiz/year-1/english/ac9e1ly09/practice/questions.js,quiz/year-1/english/ac9e1ly09/test/questions.js,
AC9E1LY10,1,english,24,16,true,true,false,0,0,0,0,0,0,0,0,1,quiz/year-1/english/ac9e1ly10/practice/questions.js,quiz/year-1/english/ac9e1ly10/test/questions.js,
AC9E1LY11,1,english,24,16,true,true,false,0,0,0,0,0,0,0,0,1,quiz/year-1/english/ac9e1ly11/practice/questions.js,quiz/year-1/english/ac9e1ly11/test/questions.js,
AC9E1LY12,1,english,24,16,true,true,false,0,0,0,0,0,0,0,0,1,quiz/year-1/english/ac9e1ly12/practice/questions.js,quiz/year-1/english/ac9e1ly12/test/questions.js,
AC9E1LY13,1,english,24,16,true,true,false,0,0,0,0,0,0,0,0,1,quiz/year-1/english/ac9e1ly13/practice/questions.js,quiz/year-1/english/ac9e1ly13/test/questions.js,
AC9E1LY14,1,english,24,16,true,true,false,0,0,0,0,0,0,0,0,1,quiz/year-1/english/ac9e1ly14/practice/questions.js,quiz/year-1/english/ac9e1ly14/test/questions.js,
AC9E1LY15,1,english,24,16,true,true,false,0,0,0,0,0,0,0,0,1,quiz/year-1/english/ac9e1ly15/practice/questions.js,quiz/year-1/english/ac9e1ly15/test/questions.js,
AC9M2A01,2,math,8,8,false,false,true,8,16,16,16,16,0,16,0,0,quiz/year-2/math/ac9m2a01/practice/questions.js,quiz/year-2/math/ac9m2a01/practice/questions.js,practice below 24; dedicated test below 16; practice and test load the same source; 8 practice/test duplicate prompts; generic curriculum-description items; truncated prompt or answer text; missing summary + hint feedback; missing early-years audio prompts; grade-band option count mismatch
AC9M2A02,2,math,8,8,false,false,true,8,16,16,16,16,0,16,0,0,quiz/year-2/math/ac9m2a02/practice/questions.js,quiz/year-2/math/ac9m2a02/practice/questions.js,practice below 24; dedicated test below 16; practice and test load the same source; 8 practice/test duplicate prompts; generic curriculum-description items; truncated prompt or answer text; missing summary + hint feedback; missing early-years audio prompts; grade-band option count mismatch
AC9M2A03,2,math,8,8,false,false,true,8,16,16,16,16,0,16,0,0,quiz/year-2/math/ac9m2a03/practice/questions.js,quiz/year-2/math/ac9m2a03/practice/questions.js,practice below 24; dedicated test below 16; practice and test load the same source; 8 practice/test duplicate prompts; generic curriculum-description items; truncated prompt or answer text; missing summary + hint feedback; missing early-years audio prompts; grade-band option count mismatch
AC9M2M01,2,math,8,8,false,false,true,8,16,16,16,16,0,16,0,0,quiz/year-2/math/ac9m2m01/practice/questions.js,quiz/year-2/math/ac9m2m01/practice/questions.js,practice below 24; dedicated test below 16; practice and test load the same source; 8 practice/test duplicate prompts; generic curriculum-description items; truncated prompt or answer text; missing summary + hint feedback; missing early-years audio prompts; grade-band option count mismatch
AC9M2M02,2,math,8,8,false,false,true,8,16,16,16,16,0,16,0,0,quiz/year-2/math/ac9m2m02/practice/questions.js,quiz/year-2/math/ac9m2m02/practice/questions.js,practice below 24; dedicated test below 16; practice and test load the same source; 8 practice/test duplicate prompts; generic curriculum-description items; truncated prompt or answer text; missing summary + hint feedback; missing early-years audio prompts; grade-band option count mismatch
AC9M2M03,2,math,8,8,false,false,true,8,16,16,16,16,0,16,0,0,quiz/year-2/math/ac9m2m03/practice/questions.js,quiz/year-2/math/ac9m2m03/practice/questions.js,practice below 24; dedicated test below 16; practice and test load the same source; 8 practice/test duplicate prompts; generic curriculum-description items; truncated prompt or answer text; missing summary + hint feedback; missing early-years audio prompts; grade-band option count mismatch
AC9M2M04,2,math,8,8,false,false,true,8,16,16,16,16,0,16,0,0,quiz/year-2/math/ac9m2m04/practice/questions.js,quiz/year-2/math/ac9m2m04/practice/questions.js,practice below 24; dedicated test below 16; practice and test load the same source; 8 practice/test duplicate prompts; generic curriculum-description items; truncated prompt or answer text; missing summary + hint feedback; missing early-years audio prompts; grade-band option count mismatch
AC9M2M05,2,math,8,8,false,false,true,8,16,16,16,16,0,16,0,0,quiz/year-2/math/ac9m2m05/practice/questions.js,quiz/year-2/math/ac9m2m05/practice/questions.js,practice below 24; dedicated test below 16; practice and test load the same source; 8 practice/test duplicate prompts; generic curriculum-description items; truncated prompt or answer text; missing summary + hint feedback; missing early-years audio prompts; grade-band option count mismatch
AC9M2N01,2,math,8,8,false,false,true,8,16,16,16,16,0,16,0,0,quiz/year-2/math/ac9m2n01/practice/questions.js,quiz/year-2/math/ac9m2n01/practice/questions.js,practice below 24; dedicated test below 16; practice and test load the same source; 8 practice/test duplicate prompts; generic curriculum-description items; truncated prompt or answer text; missing summary + hint feedback; missing early-years audio prompts; grade-band option count mismatch
AC9M2N02,2,math,8,8,false,false,true,8,16,16,16,16,0,16,0,0,quiz/year-2/math/ac9m2n02/practice/questions.js,quiz/year-2/math/ac9m2n02/practice/questions.js,practice below 24; dedicated test below 16; practice and test load the same source; 8 practice/test duplicate prompts; generic curriculum-description items; truncated prompt or answer text; missing summary + hint feedback; missing early-years audio prompts; grade-band option count mismatch
AC9M2N03,2,math,8,8,false,false,true,8,16,16,16,16,0,16,0,0,quiz/year-2/math/ac9m2n03/practice/questions.js,quiz/year-2/math/ac9m2n03/practice/questions.js,practice below 24; dedicated test below 16; practice and test load the same source; 8 practice/test duplicate prompts; generic curriculum-description items; truncated prompt or answer text; missing summary + hint feedback; missing early-years audio prompts; grade-band option count mismatch
AC9M2N04,2,math,8,8,false,false,true,8,16,16,16,16,0,16,0,0,quiz/year-2/math/ac9m2n04/practice/questions.js,quiz/year-2/math/ac9m2n04/practice/questions.js,practice below 24; dedicated test below 16; practice and test load the same source; 8 practice/test duplicate prompts; generic curriculum-description items; truncated prompt or answer text; missing summary + hint feedback; missing early-years audio prompts; grade-band option count mismatch
AC9M2N05,2,math,8,8,false,false,true,8,16,16,16,16,0,16,0,0,quiz/year-2/math/ac9m2n05/practice/questions.js,quiz/year-2/math/ac9m2n05/practice/questions.js,practice below 24; dedicated test below 16; practice and test load the same source; 8 practice/test duplicate prompts; generic curriculum-description items; truncated prompt or answer text; missing summary + hint feedback; missing early-years audio prompts; grade-band option count mismatch
AC9M2N06,2,math,8,8,false,false,true,8,16,16,16,16,0,16,0,0,quiz/year-2/math/ac9m2n06/practice/questions.js,quiz/year-2/math/ac9m2n06/practice/questions.js,practice below 24; dedicated test below 16; practice and test load the same source; 8 practice/test duplicate prompts; generic curriculum-description items; truncated prompt or answer text; missing summary + hint feedback; missing early-years audio prompts; grade-band option count mismatch
AC9M2N07,2,math,0,0,false,false,false,0,0,0,0,0,0,0,0,0,,,practice below 24; dedicated test below 16
AC9M2N08,2,math,0,0,false,false,false,0,0,0,0,0,0,0,0,0,,,practice below 24; dedicated test below 16
AC9M2SP01,2,math,8,8,false,false,true,8,16,16,16,16,0,16,0,0,quiz/year-2/math/ac9m2sp01/practice/questions.js,quiz/year-2/math/ac9m2sp01/practice/questions.js,practice below 24; dedicated test below 16; practice and test load the same source; 8 practice/test duplicate prompts; generic curriculum-description items; truncated prompt or answer text; missing summary + hint feedback; missing early-years audio prompts; grade-band option count mismatch
AC9M2SP02,2,math,8,8,false,false,true,8,16,16,16,16,0,16,0,0,quiz/year-2/math/ac9m2sp02/practice/questions.js,quiz/year-2/math/ac9m2sp02/practice/questions.js,practice below 24; dedicated test below 16; practice and test load the same source; 8 practice/test duplicate prompts; generic curriculum-description items; truncated prompt or answer text; missing summary + hint feedback; missing early-years audio prompts; grade-band option count mismatch
AC9M2ST01,2,math,8,8,false,false,true,8,16,16,16,16,0,16,0,0,quiz/year-2/math/ac9m2st01/practice/questions.js,quiz/year-2/math/ac9m2st01/practice/questions.js,practice below 24; dedicated test below 16; practice and test load the same source; 8 practice/test duplicate prompts; generic curriculum-description items; truncated prompt or answer text; missing summary + hint feedback; missing early-years audio prompts; grade-band option count mismatch
AC9M2ST02,2,math,8,8,false,false,true,8,16,16,16,16,0,16,0,0,quiz/year-2/math/ac9m2st02/practice/questions.js,quiz/year-2/math/ac9m2st02/practice/questions.js,practice below 24; dedicated test below 16; practice and test load the same source; 8 practice/test duplicate prompts; generic curriculum-description items; truncated prompt or answer text; missing summary + hint feedback; missing early-years audio prompts; grade-band option count mismatch
AC9S2H01,2,science,0,0,false,false,false,0,0,0,0,0,0,0,0,0,,,practice below 24; dedicated test below 16
AC9S2I01,2,science,0,0,false,false,false,0,0,0,0,0,0,0,0,0,,,practice below 24; dedicated test below 16
AC9S2I02,2,science,0,0,false,false,false,0,0,0,0,0,0,0,0,0,,,practice below 24; dedicated test below 16
AC9S2I03,2,science,0,0,false,false,false,0,0,0,0,0,0,0,0,0,,,practice below 24; dedicated test below 16
AC9S2I04,2,science,0,0,false,false,false,0,0,0,0,0,0,0,0,0,,,practice below 24; dedicated test below 16
AC9S2I05,2,science,0,0,false,false,false,0,0,0,0,0,0,0,0,0,,,practice below 24; dedicated test below 16
AC9S2I06,2,science,0,0,false,false,false,0,0,0,0,0,0,0,0,0,,,practice below 24; dedicated test below 16
AC9S2U01,2,science,0,0,false,false,false,0,0,0,0,0,0,0,0,0,,,practice below 24; dedicated test below 16
AC9S2U02,2,science,0,0,false,false,false,0,0,0,0,0,0,0,0,0,,,practice below 24; dedicated test below 16
AC9S2U03,2,science,0,0,false,false,false,0,0,0,0,0,0,0,0,0,,,practice below 24; dedicated test below 16
AC9E2LA01,2,english,0,0,false,false,false,0,0,0,0,0,0,0,0,0,,,practice below 24; dedicated test below 16
AC9E2LA02,2,english,0,0,false,false,false,0,0,0,0,0,0,0,0,0,,,practice below 24; dedicated test below 16
AC9E2LA03,2,english,0,0,false,false,false,0,0,0,0,0,0,0,0,0,,,practice below 24; dedicated test below 16
AC9E2LA04,2,english,8,8,false,false,true,8,16,16,16,16,0,16,0,0,quiz/year-2/english/ac9e2la04/practice/questions.js,quiz/year-2/english/ac9e2la04/practice/questions.js,practice below 24; dedicated test below 16; practice and test load the same source; 8 practice/test duplicate prompts; generic curriculum-description items; truncated prompt or answer text; missing summary + hint feedback; missing early-years audio prompts; grade-band option count mismatch
AC9E2LA05,2,english,8,8,false,false,true,8,16,16,16,16,0,16,0,0,quiz/year-2/english/ac9e2la05/practice/questions.js,quiz/year-2/english/ac9e2la05/practice/questions.js,practice below 24; dedicated test below 16; practice and test load the same source; 8 practice/test duplicate prompts; generic curriculum-description items; truncated prompt or answer text; missing summary + hint feedback; missing early-years audio prompts; grade-band option count mismatch
AC9E2LA06,2,english,8,8,false,false,true,8,16,16,16,16,0,16,0,0,quiz/year-2/english/ac9e2la06/practice/questions.js,quiz/year-2/english/ac9e2la06/practice/questions.js,practice below 24; dedicated test below 16; practice and test load the same source; 8 practice/test duplicate prompts; generic curriculum-description items; truncated prompt or answer text; missing summary + hint feedback; missing early-years audio prompts; grade-band option count mismatch
AC9E2LA07,2,english,8,8,false,false,true,8,16,16,16,16,0,16,0,0,quiz/year-2/english/ac9e2la07/practice/questions.js,quiz/year-2/english/ac9e2la07/practice/questions.js,practice below 24; dedicated test below 16; practice and test load the same source; 8 practice/test duplicate prompts; generic curriculum-description items; truncated prompt or answer text; missing summary + hint feedback; missing early-years audio prompts; grade-band option count mismatch
AC9E2LA08,2,english,8,8,false,false,true,8,16,16,16,16,0,16,0,0,quiz/year-2/english/ac9e2la08/practice/questions.js,quiz/year-2/english/ac9e2la08/practice/questions.js,practice below 24; dedicated test below 16; practice and test load the same source; 8 practice/test duplicate prompts; generic curriculum-description items; truncated prompt or answer text; missing summary + hint feedback; missing early-years audio prompts; grade-band option count mismatch
AC9E2LA09,2,english,8,8,false,false,true,8,16,16,16,16,0,16,0,0,quiz/year-2/english/ac9e2la09/practice/questions.js,quiz/year-2/english/ac9e2la09/practice/questions.js,practice below 24; dedicated test below 16; practice and test load the same source; 8 practice/test duplicate prompts; generic curriculum-description items; truncated prompt or answer text; missing summary + hint feedback; missing early-years audio prompts; grade-band option count mismatch
AC9E2LA10,2,english,8,8,false,false,true,8,16,16,16,16,0,16,0,0,quiz/year-2/english/ac9e2la10/practice/questions.js,quiz/year-2/english/ac9e2la10/practice/questions.js,practice below 24; dedicated test below 16; practice and test load the same source; 8 practice/test duplicate prompts; generic curriculum-description items; truncated prompt or answer text; missing summary + hint feedback; missing early-years audio prompts; grade-band option count mismatch
AC9E2LE01,2,english,8,8,false,false,true,8,16,16,16,16,0,16,0,0,quiz/year-2/english/ac9e2le01/practice/questions.js,quiz/year-2/english/ac9e2le01/practice/questions.js,practice below 24; dedicated test below 16; practice and test load the same source; 8 practice/test duplicate prompts; generic curriculum-description items; truncated prompt or answer text; missing summary + hint feedback; missing early-years audio prompts; grade-band option count mismatch
AC9E2LE02,2,english,8,8,false,false,true,8,16,16,16,16,0,16,0,0,quiz/year-2/english/ac9e2le02/practice/questions.js,quiz/year-2/english/ac9e2le02/practice/questions.js,practice below 24; dedicated test below 16; practice and test load the same source; 8 practice/test duplicate prompts; generic curriculum-description items; truncated prompt or answer text; missing summary + hint feedback; missing early-years audio prompts; grade-band option count mismatch
AC9E2LE03,2,english,8,8,false,false,true,8,16,16,16,16,0,16,0,0,quiz/year-2/english/ac9e2le03/practice/questions.js,quiz/year-2/english/ac9e2le03/practice/questions.js,practice below 24; dedicated test below 16; practice and test load the same source; 8 practice/test duplicate prompts; generic curriculum-description items; truncated prompt or answer text; missing summary + hint feedback; missing early-years audio prompts; grade-band option count mismatch
AC9E2LE04,2,english,8,8,false,false,true,8,16,16,16,16,0,16,0,0,quiz/year-2/english/ac9e2le04/practice/questions.js,quiz/year-2/english/ac9e2le04/practice/questions.js,practice below 24; dedicated test below 16; practice and test load the same source; 8 practice/test duplicate prompts; generic curriculum-description items; truncated prompt or answer text; missing summary + hint feedback; missing early-years audio prompts; grade-band option count mismatch
AC9E2LE05,2,english,8,8,false,false,true,8,16,16,16,16,0,16,0,0,quiz/year-2/english/ac9e2le05/practice/questions.js,quiz/year-2/english/ac9e2le05/practice/questions.js,practice below 24; dedicated test below 16; practice and test load the same source; 8 practice/test duplicate prompts; generic curriculum-description items; truncated prompt or answer text; missing summary + hint feedback; missing early-years audio prompts; grade-band option count mismatch
AC9E2LY01,2,english,8,8,false,false,true,8,16,16,16,16,0,16,0,0,quiz/year-2/english/ac9e2ly01/practice/questions.js,quiz/year-2/english/ac9e2ly01/practice/questions.js,practice below 24; dedicated test below 16; practice and test load the same source; 8 practice/test duplicate prompts; generic curriculum-description items; truncated prompt or answer text; missing summary + hint feedback; missing early-years audio prompts; grade-band option count mismatch
AC9E2LY02,2,english,8,8,false,false,true,8,16,16,16,16,0,16,0,0,quiz/year-2/english/ac9e2ly02/practice/questions.js,quiz/year-2/english/ac9e2ly02/practice/questions.js,practice below 24; dedicated test below 16; practice and test load the same source; 8 practice/test duplicate prompts; generic curriculum-description items; truncated prompt or answer text; missing summary + hint feedback; missing early-years audio prompts; grade-band option count mismatch
AC9E2LY03,2,english,8,8,false,false,true,8,16,16,16,16,0,16,0,0,quiz/year-2/english/ac9e2ly03/practice/questions.js,quiz/year-2/english/ac9e2ly03/practice/questions.js,practice below 24; dedicated test below 16; practice and test load the same source; 8 practice/test duplicate prompts; generic curriculum-description items; truncated prompt or answer text; missing summary + hint feedback; missing early-years audio prompts; grade-band option count mismatch
AC9E2LY04,2,english,8,8,false,false,true,8,16,16,16,16,0,16,0,0,quiz/year-2/english/ac9e2ly04/practice/questions.js,quiz/year-2/english/ac9e2ly04/practice/questions.js,practice below 24; dedicated test below 16; practice and test load the same source; 8 practice/test duplicate prompts; generic curriculum-description items; truncated prompt or answer text; missing summary + hint feedback; missing early-years audio prompts; grade-band option count mismatch
AC9E2LY05,2,english,8,8,false,false,true,8,16,16,16,16,0,16,0,0,quiz/year-2/english/ac9e2ly05/practice/questions.js,quiz/year-2/english/ac9e2ly05/practice/questions.js,practice below 24; dedicated test below 16; practice and test load the same source; 8 practice/test duplicate prompts; generic curriculum-description items; truncated prompt or answer text; missing summary + hint feedback; missing early-years audio prompts; grade-band option count mismatch
AC9E2LY06,2,english,8,8,false,false,true,8,16,16,16,16,0,16,0,0,quiz/year-2/english/ac9e2ly06/practice/questions.js,quiz/year-2/english/ac9e2ly06/practice/questions.js,practice below 24; dedicated test below 16; practice and test load the same source; 8 practice/test duplicate prompts; generic curriculum-description items; truncated prompt or answer text; missing summary + hint feedback; missing early-years audio prompts; grade-band option count mismatch
AC9E2LY07,2,english,8,8,false,false,true,8,16,16,16,16,0,16,0,0,quiz/year-2/english/ac9e2ly07/practice/questions.js,quiz/year-2/english/ac9e2ly07/practice/questions.js,practice below 24; dedicated test below 16; practice and test load the same source; 8 practice/test duplicate prompts; generic curriculum-description items; truncated prompt or answer text; missing summary + hint feedback; missing early-years audio prompts; grade-band option count mismatch
AC9E2LY08,2,english,8,8,false,false,true,8,16,16,16,16,0,16,0,0,quiz/year-2/english/ac9e2ly08/practice/questions.js,quiz/year-2/english/ac9e2ly08/practice/questions.js,practice below 24; dedicated test below 16; practice and test load the same source; 8 practice/test duplicate prompts; generic curriculum-description items; truncated prompt or answer text; missing summary + hint feedback; missing early-years audio prompts; grade-band option count mismatch
AC9E2LY09,2,english,8,8,false,false,true,8,16,16,16,16,0,16,0,0,quiz/year-2/english/ac9e2ly09/practice/questions.js,quiz/year-2/english/ac9e2ly09/practice/questions.js,practice below 24; dedicated test below 16; practice and test load the same source; 8 practice/test duplicate prompts; generic curriculum-description items; truncated prompt or answer text; missing summary + hint feedback; missing early-years audio prompts; grade-band option count mismatch
AC9E2LY10,2,english,8,8,false,false,true,8,16,16,16,16,0,16,0,0,quiz/year-2/english/ac9e2ly10/practice/questions.js,quiz/year-2/english/ac9e2ly10/practice/questions.js,practice below 24; dedicated test below 16; practice and test load the same source; 8 practice/test duplicate prompts; generic curriculum-description items; truncated prompt or answer text; missing summary + hint feedback; missing early-years audio prompts; grade-band option count mismatch
AC9E2LY11,2,english,8,8,false,false,true,8,16,16,16,16,0,16,0,0,quiz/year-2/english/ac9e2ly11/practice/questions.js,quiz/year-2/english/ac9e2ly11/practice/questions.js,practice below 24; dedicated test below 16; practice and test load the same source; 8 practice/test duplicate prompts; generic curriculum-description items; truncated prompt or answer text; missing summary + hint feedback; missing early-years audio prompts; grade-band option count mismatch
AC9E2LY12,2,english,8,8,false,false,true,8,16,16,16,16,0,16,0,0,quiz/year-2/english/ac9e2ly12/practice/questions.js,quiz/year-2/english/ac9e2ly12/practice/questions.js,practice below 24; dedicated test below 16; practice and test load the same source; 8 practice/test duplicate prompts; generic curriculum-description items; truncated prompt or answer text; missing summary + hint feedback; missing early-years audio prompts; grade-band option count mismatch
AC9M3A01,3,math,8,8,false,false,false,0,0,0,16,0,0,0,0,0,quiz/year-3/math/ac9m3a01/practice/questions.js,quiz/year-3/math/ac9m3a01/test/questions.js,practice below 24; dedicated test below 16; missing summary + hint feedback
AC9M3A02,3,math,8,8,false,false,false,0,0,0,16,0,0,2,0,0,quiz/year-3/math/ac9m3a02/practice/questions.js,quiz/year-3/math/ac9m3a02/test/questions.js,practice below 24; dedicated test below 16; missing summary + hint feedback; grade-band option count mismatch
AC9M3A03,3,math,8,8,false,false,false,0,0,0,16,0,0,0,0,0,quiz/year-3/math/ac9m3a03/practice/questions.js,quiz/year-3/math/ac9m3a03/test/questions.js,practice below 24; dedicated test below 16; missing summary + hint feedback
AC9M3M01,3,math,8,8,false,false,false,0,0,0,16,0,0,2,0,0,quiz/year-3/math/ac9m3m01/practice/questions.js,quiz/year-3/math/ac9m3m01/test/questions.js,practice below 24; dedicated test below 16; missing summary + hint feedback; grade-band option count mismatch
AC9M3M02,3,math,8,8,false,false,false,0,0,0,16,0,0,2,0,0,quiz/year-3/math/ac9m3m02/practice/questions.js,quiz/year-3/math/ac9m3m02/test/questions.js,practice below 24; dedicated test below 16; missing summary + hint feedback; grade-band option count mismatch
AC9M3M03,3,math,8,8,false,false,false,0,0,0,16,0,0,2,0,0,quiz/year-3/math/ac9m3m03/practice/questions.js,quiz/year-3/math/ac9m3m03/test/questions.js,practice below 24; dedicated test below 16; missing summary + hint feedback; grade-band option count mismatch
AC9M3M04,3,math,8,8,false,false,false,0,0,0,16,0,0,1,0,0,quiz/year-3/math/ac9m3m04/practice/questions.js,quiz/year-3/math/ac9m3m04/test/questions.js,practice below 24; dedicated test below 16; missing summary + hint feedback; grade-band option count mismatch
AC9M3M05,3,math,8,8,false,false,false,0,0,0,16,0,0,2,0,0,quiz/year-3/math/ac9m3m05/practice/questions.js,quiz/year-3/math/ac9m3m05/test/questions.js,practice below 24; dedicated test below 16; missing summary + hint feedback; grade-band option count mismatch
AC9M3M06,3,math,8,8,false,false,false,0,0,0,16,0,0,2,0,0,quiz/year-3/math/ac9m3m06/practice/questions.js,quiz/year-3/math/ac9m3m06/test/questions.js,practice below 24; dedicated test below 16; missing summary + hint feedback; grade-band option count mismatch
AC9M3N01,3,math,8,8,false,false,false,0,0,0,16,0,0,0,0,0,quiz/year-3/math/ac9m3n01/practice/questions.js,quiz/year-3/math/ac9m3n01/test/questions.js,practice below 24; dedicated test below 16; missing summary + hint feedback
AC9M3N02,3,math,8,8,false,false,false,0,0,0,16,0,0,2,0,0,quiz/year-3/math/ac9m3n02/practice/questions.js,quiz/year-3/math/ac9m3n02/test/questions.js,practice below 24; dedicated test below 16; missing summary + hint feedback; grade-band option count mismatch
AC9M3N03,3,math,8,8,false,false,false,0,0,0,16,0,0,1,0,0,quiz/year-3/math/ac9m3n03/practice/questions.js,quiz/year-3/math/ac9m3n03/test/questions.js,practice below 24; dedicated test below 16; missing summary + hint feedback; grade-band option count mismatch
AC9M3N04,3,math,8,8,false,false,false,0,0,0,16,0,0,2,0,0,quiz/year-3/math/ac9m3n04/practice/questions.js,quiz/year-3/math/ac9m3n04/test/questions.js,practice below 24; dedicated test below 16; missing summary + hint feedback; grade-band option count mismatch
AC9M3N05,3,math,8,8,false,false,false,0,0,0,16,0,0,2,0,0,quiz/year-3/math/ac9m3n05/practice/questions.js,quiz/year-3/math/ac9m3n05/test/questions.js,practice below 24; dedicated test below 16; missing summary + hint feedback; grade-band option count mismatch
AC9M3N06,3,math,8,8,false,false,false,0,0,0,16,0,0,1,0,0,quiz/year-3/math/ac9m3n06/practice/questions.js,quiz/year-3/math/ac9m3n06/test/questions.js,practice below 24; dedicated test below 16; missing summary + hint feedback; grade-band option count mismatch
AC9M3N07,3,math,8,8,false,false,false,0,0,0,16,0,0,2,0,0,quiz/year-3/math/ac9m3n07/practice/questions.js,quiz/year-3/math/ac9m3n07/test/questions.js,practice below 24; dedicated test below 16; missing summary + hint feedback; grade-band option count mismatch
AC9M3P01,3,math,8,8,false,false,false,0,0,0,16,0,0,1,0,0,quiz/year-3/math/ac9m3p01/practice/questions.js,quiz/year-3/math/ac9m3p01/test/questions.js,practice below 24; dedicated test below 16; missing summary + hint feedback; grade-band option count mismatch
AC9M3P02,3,math,8,8,false,false,false,0,0,0,16,0,0,1,0,0,quiz/year-3/math/ac9m3p02/practice/questions.js,quiz/year-3/math/ac9m3p02/test/questions.js,practice below 24; dedicated test below 16; missing summary + hint feedback; grade-band option count mismatch
AC9M3SP01,3,math,8,8,false,false,false,0,0,0,16,0,0,1,0,0,quiz/year-3/math/ac9m3sp01/practice/questions.js,quiz/year-3/math/ac9m3sp01/test/questions.js,practice below 24; dedicated test below 16; missing summary + hint feedback; grade-band option count mismatch
AC9M3SP02,3,math,8,8,false,false,false,0,0,0,16,0,0,1,0,0,quiz/year-3/math/ac9m3sp02/practice/questions.js,quiz/year-3/math/ac9m3sp02/test/questions.js,practice below 24; dedicated test below 16; missing summary + hint feedback; grade-band option count mismatch
AC9M3ST01,3,math,8,8,false,false,false,0,0,0,16,0,0,2,0,0,quiz/year-3/math/ac9m3st01/practice/questions.js,quiz/year-3/math/ac9m3st01/test/questions.js,practice below 24; dedicated test below 16; missing summary + hint feedback; grade-band option count mismatch
AC9M3ST02,3,math,8,8,false,false,false,0,0,0,16,0,0,2,0,0,quiz/year-3/math/ac9m3st02/practice/questions.js,quiz/year-3/math/ac9m3st02/test/questions.js,practice below 24; dedicated test below 16; missing summary + hint feedback; grade-band option count mismatch
AC9M3ST03,3,math,8,8,false,false,false,0,0,0,16,0,0,2,0,0,quiz/year-3/math/ac9m3st03/practice/questions.js,quiz/year-3/math/ac9m3st03/test/questions.js,practice below 24; dedicated test below 16; missing summary + hint feedback; grade-band option count mismatch
AC9S3H01,3,science,8,8,false,false,false,0,0,0,16,0,0,2,0,0,quiz/year-3/science/ac9s3h01/practice/questions.js,quiz/year-3/science/ac9s3h01/test/questions.js,practice below 24; dedicated test below 16; missing summary + hint feedback; grade-band option count mismatch
AC9S3H02,3,science,8,8,false,false,false,0,0,0,16,0,0,2,0,0,quiz/year-3/science/ac9s3h02/practice/questions.js,quiz/year-3/science/ac9s3h02/test/questions.js,practice below 24; dedicated test below 16; missing summary + hint feedback; grade-band option count mismatch
AC9S3I01,3,science,8,8,false,false,false,0,0,0,16,0,0,2,0,0,quiz/year-3/science/ac9s3i01/practice/questions.js,quiz/year-3/science/ac9s3i01/test/questions.js,practice below 24; dedicated test below 16; missing summary + hint feedback; grade-band option count mismatch
AC9S3I02,3,science,8,8,false,false,false,0,0,0,16,0,0,2,0,0,quiz/year-3/science/ac9s3i02/practice/questions.js,quiz/year-3/science/ac9s3i02/test/questions.js,practice below 24; dedicated test below 16; missing summary + hint feedback; grade-band option count mismatch
AC9S3I03,3,science,8,8,false,false,false,0,0,0,16,0,0,2,0,0,quiz/year-3/science/ac9s3i03/practice/questions.js,quiz/year-3/science/ac9s3i03/test/questions.js,practice below 24; dedicated test below 16; missing summary + hint feedback; grade-band option count mismatch
AC9S3I04,3,science,8,8,false,false,false,0,0,0,16,0,0,2,0,0,quiz/year-3/science/ac9s3i04/practice/questions.js,quiz/year-3/science/ac9s3i04/test/questions.js,practice below 24; dedicated test below 16; missing summary + hint feedback; grade-band option count mismatch
AC9S3I05,3,science,8,8,false,false,false,0,0,0,16,0,0,2,0,0,quiz/year-3/science/ac9s3i05/practice/questions.js,quiz/year-3/science/ac9s3i05/test/questions.js,practice below 24; dedicated test below 16; missing summary + hint feedback; grade-band option count mismatch
AC9S3I06,3,science,8,8,false,false,false,0,0,0,16,0,0,2,0,0,quiz/year-3/science/ac9s3i06/practice/questions.js,quiz/year-3/science/ac9s3i06/test/questions.js,practice below 24; dedicated test below 16; missing summary + hint feedback; grade-band option count mismatch
AC9S3U01,3,science,8,8,false,false,false,0,0,0,16,0,0,2,0,0,quiz/year-3/science/ac9s3u01/practice/questions.js,quiz/year-3/science/ac9s3u01/test/questions.js,practice below 24; dedicated test below 16; missing summary + hint feedback; grade-band option count mismatch
AC9S3U02,3,science,8,8,false,false,false,0,0,0,16,0,0,2,0,0,quiz/year-3/science/ac9s3u02/practice/questions.js,quiz/year-3/science/ac9s3u02/test/questions.js,practice below 24; dedicated test below 16; missing summary + hint feedback; grade-band option count mismatch
AC9S3U03,3,science,8,8,false,false,false,0,0,0,16,0,0,2,0,0,quiz/year-3/science/ac9s3u03/practice/questions.js,quiz/year-3/science/ac9s3u03/test/questions.js,practice below 24; dedicated test below 16; missing summary + hint feedback; grade-band option count mismatch
AC9S3U04,3,science,8,8,false,false,false,0,0,0,16,0,0,2,0,0,quiz/year-3/science/ac9s3u04/practice/questions.js,quiz/year-3/science/ac9s3u04/test/questions.js,practice below 24; dedicated test below 16; missing summary + hint feedback; grade-band option count mismatch
AC9E3LA01,3,english,8,8,false,false,false,0,0,0,16,0,0,0,0,0,quiz/year-3/english/ac9e3la01/practice/questions.js,quiz/year-3/english/ac9e3la01/test/questions.js,practice below 24; dedicated test below 16; missing summary + hint feedback
AC9E3LA02,3,english,8,8,false,false,false,6,0,0,16,0,0,2,0,0,quiz/year-3/english/ac9e3la02/practice/questions.js,quiz/year-3/english/ac9e3la02/test/questions.js,practice below 24; dedicated test below 16; 6 practice/test duplicate prompts; missing summary + hint feedback; grade-band option count mismatch
AC9E3LA03,3,english,8,8,false,false,false,6,0,0,16,0,0,2,0,0,quiz/year-3/english/ac9e3la03/practice/questions.js,quiz/year-3/english/ac9e3la03/test/questions.js,practice below 24; dedicated test below 16; 6 practice/test duplicate prompts; missing summary + hint feedback; grade-band option count mismatch
AC9E3LA04,3,english,8,8,false,false,false,7,0,0,16,0,0,0,0,0,quiz/year-3/english/ac9e3la04/practice/questions.js,quiz/year-3/english/ac9e3la04/test/questions.js,practice below 24; dedicated test below 16; 7 practice/test duplicate prompts; missing summary + hint feedback
AC9E3LA05,3,english,8,8,false,false,false,7,0,0,16,0,0,2,0,0,quiz/year-3/english/ac9e3la05/practice/questions.js,quiz/year-3/english/ac9e3la05/test/questions.js,practice below 24; dedicated test below 16; 7 practice/test duplicate prompts; missing summary + hint feedback; grade-band option count mismatch
AC9E3LA06,3,english,8,8,false,false,false,5,0,0,16,0,0,0,0,0,quiz/year-3/english/ac9e3la06/practice/questions.js,quiz/year-3/english/ac9e3la06/test/questions.js,practice below 24; dedicated test below 16; 5 practice/test duplicate prompts; missing summary + hint feedback
AC9E3LA07,3,english,8,8,false,false,false,6,0,0,16,0,0,2,0,0,quiz/year-3/english/ac9e3la07/practice/questions.js,quiz/year-3/english/ac9e3la07/test/questions.js,practice below 24; dedicated test below 16; 6 practice/test duplicate prompts; missing summary + hint feedback; grade-band option count mismatch
AC9E3LA08,3,english,8,8,false,false,false,5,0,0,16,0,0,0,0,0,quiz/year-3/english/ac9e3la08/practice/questions.js,quiz/year-3/english/ac9e3la08/test/questions.js,practice below 24; dedicated test below 16; 5 practice/test duplicate prompts; missing summary + hint feedback
AC9E3LA09,3,english,8,8,false,false,false,8,0,0,16,0,0,2,0,0,quiz/year-3/english/ac9e3la09/practice/questions.js,quiz/year-3/english/ac9e3la09/test/questions.js,practice below 24; dedicated test below 16; 8 practice/test duplicate prompts; missing summary + hint feedback; grade-band option count mismatch
AC9E3LA10,3,english,8,8,false,false,false,6,0,0,16,0,0,2,0,0,quiz/year-3/english/ac9e3la10/practice/questions.js,quiz/year-3/english/ac9e3la10/test/questions.js,practice below 24; dedicated test below 16; 6 practice/test duplicate prompts; missing summary + hint feedback; grade-band option count mismatch
AC9E3LA11,3,english,8,8,false,false,false,7,0,0,16,0,0,2,0,0,quiz/year-3/english/ac9e3la11/practice/questions.js,quiz/year-3/english/ac9e3la11/test/questions.js,practice below 24; dedicated test below 16; 7 practice/test duplicate prompts; missing summary + hint feedback; grade-band option count mismatch
AC9E3LE01,3,english,8,8,false,false,false,7,0,0,16,0,0,0,0,0,quiz/year-3/english/ac9e3le01/practice/questions.js,quiz/year-3/english/ac9e3le01/test/questions.js,practice below 24; dedicated test below 16; 7 practice/test duplicate prompts; missing summary + hint feedback
AC9E3LE02,3,english,8,8,false,false,false,5,0,0,16,0,0,0,0,0,quiz/year-3/english/ac9e3le02/practice/questions.js,quiz/year-3/english/ac9e3le02/test/questions.js,practice below 24; dedicated test below 16; 5 practice/test duplicate prompts; missing summary + hint feedback
AC9E3LE03,3,english,8,8,false,false,false,8,0,0,16,0,0,4,2,2,quiz/year-3/english/ac9e3le03/practice/questions.js,quiz/year-3/english/ac9e3le03/test/questions.js,practice below 24; dedicated test below 16; 8 practice/test duplicate prompts; missing summary + hint feedback; grade-band option count mismatch; correct-answer position imbalance
AC9E3LE04,3,english,8,8,false,false,false,7,0,0,16,0,0,4,0,0,quiz/year-3/english/ac9e3le04/practice/questions.js,quiz/year-3/english/ac9e3le04/test/questions.js,practice below 24; dedicated test below 16; 7 practice/test duplicate prompts; missing summary + hint feedback; grade-band option count mismatch
AC9E3LE05,3,english,8,8,false,false,false,5,0,0,16,0,0,0,0,0,quiz/year-3/english/ac9e3le05/practice/questions.js,quiz/year-3/english/ac9e3le05/test/questions.js,practice below 24; dedicated test below 16; 5 practice/test duplicate prompts; missing summary + hint feedback
AC9E3LY01,3,english,8,8,false,false,false,6,0,0,16,0,0,2,0,0,quiz/year-3/english/ac9e3ly01/practice/questions.js,quiz/year-3/english/ac9e3ly01/test/questions.js,practice below 24; dedicated test below 16; 6 practice/test duplicate prompts; missing summary + hint feedback; grade-band option count mismatch
AC9E3LY02,3,english,8,8,false,false,false,5,0,0,16,0,0,2,0,0,quiz/year-3/english/ac9e3ly02/practice/questions.js,quiz/year-3/english/ac9e3ly02/test/questions.js,practice below 24; dedicated test below 16; 5 practice/test duplicate prompts; missing summary + hint feedback; grade-band option count mismatch
AC9E3LY03,3,english,8,8,false,false,false,7,0,4,16,0,0,0,0,0,quiz/year-3/english/ac9e3ly03/practice/questions.js,quiz/year-3/english/ac9e3ly03/test/questions.js,practice below 24; dedicated test below 16; 7 practice/test duplicate prompts; truncated prompt or answer text; missing summary + hint feedback
AC9E3LY04,3,english,8,8,false,false,false,8,0,0,16,0,0,2,0,0,quiz/year-3/english/ac9e3ly04/practice/questions.js,quiz/year-3/english/ac9e3ly04/test/questions.js,practice below 24; dedicated test below 16; 8 practice/test duplicate prompts; missing summary + hint feedback; grade-band option count mismatch
AC9E3LY05,3,english,8,8,false,false,false,6,0,0,16,0,0,0,0,0,quiz/year-3/english/ac9e3ly05/practice/questions.js,quiz/year-3/english/ac9e3ly05/test/questions.js,practice below 24; dedicated test below 16; 6 practice/test duplicate prompts; missing summary + hint feedback
AC9E3LY06,3,english,8,8,false,false,false,7,0,0,16,0,0,2,0,0,quiz/year-3/english/ac9e3ly06/practice/questions.js,quiz/year-3/english/ac9e3ly06/test/questions.js,practice below 24; dedicated test below 16; 7 practice/test duplicate prompts; missing summary + hint feedback; grade-band option count mismatch
AC9E3LY07,3,english,8,8,false,false,false,6,0,0,16,0,0,4,2,2,quiz/year-3/english/ac9e3ly07/practice/questions.js,quiz/year-3/english/ac9e3ly07/test/questions.js,practice below 24; dedicated test below 16; 6 practice/test duplicate prompts; missing summary + hint feedback; grade-band option count mismatch; correct-answer position imbalance
AC9E3LY08,3,english,8,8,false,false,false,6,0,0,16,0,0,4,2,2,quiz/year-3/english/ac9e3ly08/practice/questions.js,quiz/year-3/english/ac9e3ly08/test/questions.js,practice below 24; dedicated test below 16; 6 practice/test duplicate prompts; missing summary + hint feedback; grade-band option count mismatch; correct-answer position imbalance
AC9E3LY09,3,english,8,8,false,false,false,7,0,0,16,0,0,4,2,2,quiz/year-3/english/ac9e3ly09/practice/questions.js,quiz/year-3/english/ac9e3ly09/test/questions.js,practice below 24; dedicated test below 16; 7 practice/test duplicate prompts; missing summary + hint feedback; grade-band option count mismatch; correct-answer position imbalance
AC9E3LY10,3,english,8,8,false,false,false,7,0,0,16,0,0,4,0,0,quiz/year-3/english/ac9e3ly10/practice/questions.js,quiz/year-3/english/ac9e3ly10/test/questions.js,practice below 24; dedicated test below 16; 7 practice/test duplicate prompts; missing summary + hint feedback; grade-band option count mismatch
AC9E3LY11,3,english,8,8,false,false,false,7,0,0,16,0,0,4,2,2,quiz/year-3/english/ac9e3ly11/practice/questions.js,quiz/year-3/english/ac9e3ly11/test/questions.js,practice below 24; dedicated test below 16; 7 practice/test duplicate prompts; missing summary + hint feedback; grade-band option count mismatch; correct-answer position imbalance
AC9E3LY12,3,english,8,8,false,false,false,5,0,0,16,0,0,0,0,0,quiz/year-3/english/ac9e3ly12/practice/questions.js,quiz/year-3/english/ac9e3ly12/test/questions.js,practice below 24; dedicated test below 16; 5 practice/test duplicate prompts; missing summary + hint feedback
AC9M4A01,4,math,8,8,false,false,false,0,0,0,16,0,0,1,0,0,quiz/year-4/math/ac9m4a01/practice/questions.js,quiz/year-4/math/ac9m4a01/test/questions.js,practice below 24; dedicated test below 16; missing summary + hint feedback; grade-band option count mismatch
AC9M4A02,4,math,8,8,false,false,false,0,0,0,16,0,0,1,0,0,quiz/year-4/math/ac9m4a02/practice/questions.js,quiz/year-4/math/ac9m4a02/test/questions.js,practice below 24; dedicated test below 16; missing summary + hint feedback; grade-band option count mismatch
AC9M4M01,4,math,8,8,false,false,false,0,0,0,16,0,0,2,0,0,quiz/year-4/math/ac9m4m01/practice/questions.js,quiz/year-4/math/ac9m4m01/test/questions.js,practice below 24; dedicated test below 16; missing summary + hint feedback; grade-band option count mismatch
AC9M4M02,4,math,8,8,false,false,false,0,0,0,16,0,0,1,0,0,quiz/year-4/math/ac9m4m02/practice/questions.js,quiz/year-4/math/ac9m4m02/test/questions.js,practice below 24; dedicated test below 16; missing summary + hint feedback; grade-band option count mismatch
AC9M4M03,4,math,8,8,false,false,false,0,0,0,16,0,0,1,0,0,quiz/year-4/math/ac9m4m03/practice/questions.js,quiz/year-4/math/ac9m4m03/test/questions.js,practice below 24; dedicated test below 16; missing summary + hint feedback; grade-band option count mismatch
AC9M4M04,4,math,8,8,false,false,false,0,0,0,16,0,0,1,0,0,quiz/year-4/math/ac9m4m04/practice/questions.js,quiz/year-4/math/ac9m4m04/test/questions.js,practice below 24; dedicated test below 16; missing summary + hint feedback; grade-band option count mismatch
AC9M4N01,4,math,8,8,false,false,false,0,0,0,16,0,0,2,0,0,quiz/year-4/math/ac9m4n01/practice/questions.js,quiz/year-4/math/ac9m4n01/test/questions.js,practice below 24; dedicated test below 16; missing summary + hint feedback; grade-band option count mismatch
AC9M4N02,4,math,8,8,false,false,false,0,0,0,16,0,0,2,0,0,quiz/year-4/math/ac9m4n02/practice/questions.js,quiz/year-4/math/ac9m4n02/test/questions.js,practice below 24; dedicated test below 16; missing summary + hint feedback; grade-band option count mismatch
AC9M4N03,4,math,8,8,false,false,false,0,0,0,16,0,0,1,0,0,quiz/year-4/math/ac9m4n03/practice/questions.js,quiz/year-4/math/ac9m4n03/test/questions.js,practice below 24; dedicated test below 16; missing summary + hint feedback; grade-band option count mismatch
AC9M4N04,4,math,8,8,false,false,false,0,0,0,16,0,0,1,0,0,quiz/year-4/math/ac9m4n04/practice/questions.js,quiz/year-4/math/ac9m4n04/test/questions.js,practice below 24; dedicated test below 16; missing summary + hint feedback; grade-band option count mismatch
AC9M4N05,4,math,8,8,false,false,false,0,0,0,16,0,0,2,0,0,quiz/year-4/math/ac9m4n05/practice/questions.js,quiz/year-4/math/ac9m4n05/test/questions.js,practice below 24; dedicated test below 16; missing summary + hint feedback; grade-band option count mismatch
AC9M4N06,4,math,8,8,false,false,false,0,0,0,16,0,0,1,0,0,quiz/year-4/math/ac9m4n06/practice/questions.js,quiz/year-4/math/ac9m4n06/test/questions.js,practice below 24; dedicated test below 16; missing summary + hint feedback; grade-band option count mismatch
AC9M4N07,4,math,8,8,false,false,false,0,0,0,16,0,0,1,0,0,quiz/year-4/math/ac9m4n07/practice/questions.js,quiz/year-4/math/ac9m4n07/test/questions.js,practice below 24; dedicated test below 16; missing summary + hint feedback; grade-band option count mismatch
AC9M4N08,4,math,8,8,false,false,false,0,0,0,16,0,0,1,0,0,quiz/year-4/math/ac9m4n08/practice/questions.js,quiz/year-4/math/ac9m4n08/test/questions.js,practice below 24; dedicated test below 16; missing summary + hint feedback; grade-band option count mismatch
AC9M4N09,4,math,8,8,false,false,false,0,0,0,16,0,0,1,0,0,quiz/year-4/math/ac9m4n09/practice/questions.js,quiz/year-4/math/ac9m4n09/test/questions.js,practice below 24; dedicated test below 16; missing summary + hint feedback; grade-band option count mismatch
AC9M4P01,4,math,8,8,false,false,false,0,0,0,16,0,0,1,0,0,quiz/year-4/math/ac9m4p01/practice/questions.js,quiz/year-4/math/ac9m4p01/test/questions.js,practice below 24; dedicated test below 16; missing summary + hint feedback; grade-band option count mismatch
AC9M4P02,4,math,8,8,false,false,false,0,0,0,16,0,0,1,0,0,quiz/year-4/math/ac9m4p02/practice/questions.js,quiz/year-4/math/ac9m4p02/test/questions.js,practice below 24; dedicated test below 16; missing summary + hint feedback; grade-band option count mismatch
AC9M4SP01,4,math,8,8,false,false,false,0,0,0,16,0,0,1,0,0,quiz/year-4/math/ac9m4sp01/practice/questions.js,quiz/year-4/math/ac9m4sp01/test/questions.js,practice below 24; dedicated test below 16; missing summary + hint feedback; grade-band option count mismatch
AC9M4SP02,4,math,8,8,false,false,false,0,0,0,16,0,0,2,0,0,quiz/year-4/math/ac9m4sp02/practice/questions.js,quiz/year-4/math/ac9m4sp02/test/questions.js,practice below 24; dedicated test below 16; missing summary + hint feedback; grade-band option count mismatch
AC9M4SP03,4,math,8,8,false,false,false,0,0,0,16,0,0,2,0,0,quiz/year-4/math/ac9m4sp03/practice/questions.js,quiz/year-4/math/ac9m4sp03/test/questions.js,practice below 24; dedicated test below 16; missing summary + hint feedback; grade-band option count mismatch
AC9M4ST01,4,math,8,8,false,false,false,0,0,0,16,0,0,1,0,0,quiz/year-4/math/ac9m4st01/practice/questions.js,quiz/year-4/math/ac9m4st01/test/questions.js,practice below 24; dedicated test below 16; missing summary + hint feedback; grade-band option count mismatch
AC9M4ST02,4,math,8,8,false,false,false,0,0,0,16,0,0,1,0,0,quiz/year-4/math/ac9m4st02/practice/questions.js,quiz/year-4/math/ac9m4st02/test/questions.js,practice below 24; dedicated test below 16; missing summary + hint feedback; grade-band option count mismatch
AC9M4ST03,4,math,8,8,false,false,false,0,0,0,16,0,0,1,0,0,quiz/year-4/math/ac9m4st03/practice/questions.js,quiz/year-4/math/ac9m4st03/test/questions.js,practice below 24; dedicated test below 16; missing summary + hint feedback; grade-band option count mismatch
AC9S4H01,4,science,8,8,false,false,false,0,0,0,16,0,0,3,0,0,quiz/year-4/science/ac9s4h01/practice/questions.js,quiz/year-4/science/ac9s4h01/test/questions.js,practice below 24; dedicated test below 16; missing summary + hint feedback; grade-band option count mismatch
AC9S4H02,4,science,8,8,false,false,false,0,0,0,16,0,0,3,2,0,quiz/year-4/science/ac9s4h02/practice/questions.js,quiz/year-4/science/ac9s4h02/test/questions.js,practice below 24; dedicated test below 16; missing summary + hint feedback; grade-band option count mismatch; correct-answer position imbalance
AC9S4I01,4,science,8,8,false,false,false,0,0,0,16,0,0,2,0,0,quiz/year-4/science/ac9s4i01/practice/questions.js,quiz/year-4/science/ac9s4i01/test/questions.js,practice below 24; dedicated test below 16; missing summary + hint feedback; grade-band option count mismatch
AC9S4I02,4,science,8,8,false,false,false,0,0,0,16,0,0,2,0,0,quiz/year-4/science/ac9s4i02/practice/questions.js,quiz/year-4/science/ac9s4i02/test/questions.js,practice below 24; dedicated test below 16; missing summary + hint feedback; grade-band option count mismatch
AC9S4I03,4,science,8,8,false,false,false,0,0,0,16,0,0,2,0,0,quiz/year-4/science/ac9s4i03/practice/questions.js,quiz/year-4/science/ac9s4i03/test/questions.js,practice below 24; dedicated test below 16; missing summary + hint feedback; grade-band option count mismatch
AC9S4I04,4,science,8,8,false,false,false,0,0,0,16,0,0,2,0,0,quiz/year-4/science/ac9s4i04/practice/questions.js,quiz/year-4/science/ac9s4i04/test/questions.js,practice below 24; dedicated test below 16; missing summary + hint feedback; grade-band option count mismatch
AC9S4I05,4,science,8,8,false,false,false,0,0,0,16,0,0,2,0,0,quiz/year-4/science/ac9s4i05/practice/questions.js,quiz/year-4/science/ac9s4i05/test/questions.js,practice below 24; dedicated test below 16; missing summary + hint feedback; grade-band option count mismatch
AC9S4I06,4,science,8,8,false,false,false,0,0,0,16,0,0,2,0,0,quiz/year-4/science/ac9s4i06/practice/questions.js,quiz/year-4/science/ac9s4i06/test/questions.js,practice below 24; dedicated test below 16; missing summary + hint feedback; grade-band option count mismatch
AC9S4U01,4,science,8,8,false,false,false,0,0,0,16,0,0,2,0,0,quiz/year-4/science/ac9s4u01/practice/questions.js,quiz/year-4/science/ac9s4u01/test/questions.js,practice below 24; dedicated test below 16; missing summary + hint feedback; grade-band option count mismatch
AC9S4U02,4,science,8,8,false,false,false,0,0,0,16,0,0,3,0,2,quiz/year-4/science/ac9s4u02/practice/questions.js,quiz/year-4/science/ac9s4u02/test/questions.js,practice below 24; dedicated test below 16; missing summary + hint feedback; grade-band option count mismatch; correct-answer position imbalance
AC9S4U03,4,science,8,8,false,false,false,0,0,0,16,0,0,3,0,2,quiz/year-4/science/ac9s4u03/practice/questions.js,quiz/year-4/science/ac9s4u03/test/questions.js,practice below 24; dedicated test below 16; missing summary + hint feedback; grade-band option count mismatch; correct-answer position imbalance
AC9S4U04,4,science,8,8,false,false,false,0,0,0,16,0,0,3,0,2,quiz/year-4/science/ac9s4u04/practice/questions.js,quiz/year-4/science/ac9s4u04/test/questions.js,practice below 24; dedicated test below 16; missing summary + hint feedback; grade-band option count mismatch; correct-answer position imbalance
AC9E4LA01,4,english,8,8,false,false,true,8,16,16,16,0,0,0,0,0,quiz/year-4/english/ac9e4la01/practice/questions.js,quiz/year-4/english/ac9e4la01/practice/questions.js,practice below 24; dedicated test below 16; practice and test load the same source; 8 practice/test duplicate prompts; generic curriculum-description items; truncated prompt or answer text; missing summary + hint feedback
AC9E4LA02,4,english,8,8,false,false,true,8,16,16,16,0,0,0,0,0,quiz/year-4/english/ac9e4la02/practice/questions.js,quiz/year-4/english/ac9e4la02/practice/questions.js,practice below 24; dedicated test below 16; practice and test load the same source; 8 practice/test duplicate prompts; generic curriculum-description items; truncated prompt or answer text; missing summary + hint feedback
AC9E4LA03,4,english,8,8,false,false,true,8,16,16,16,0,0,0,0,0,quiz/year-4/english/ac9e4la03/practice/questions.js,quiz/year-4/english/ac9e4la03/practice/questions.js,practice below 24; dedicated test below 16; practice and test load the same source; 8 practice/test duplicate prompts; generic curriculum-description items; truncated prompt or answer text; missing summary + hint feedback
AC9E4LA04,4,english,8,8,false,false,true,8,16,16,16,0,0,0,0,0,quiz/year-4/english/ac9e4la04/practice/questions.js,quiz/year-4/english/ac9e4la04/practice/questions.js,practice below 24; dedicated test below 16; practice and test load the same source; 8 practice/test duplicate prompts; generic curriculum-description items; truncated prompt or answer text; missing summary + hint feedback
AC9E4LA05,4,english,8,8,false,false,true,8,16,16,16,0,0,0,0,0,quiz/year-4/english/ac9e4la05/practice/questions.js,quiz/year-4/english/ac9e4la05/practice/questions.js,practice below 24; dedicated test below 16; practice and test load the same source; 8 practice/test duplicate prompts; generic curriculum-description items; truncated prompt or answer text; missing summary + hint feedback
AC9E4LA06,4,english,8,8,false,false,true,8,16,16,16,0,0,0,0,0,quiz/year-4/english/ac9e4la06/practice/questions.js,quiz/year-4/english/ac9e4la06/practice/questions.js,practice below 24; dedicated test below 16; practice and test load the same source; 8 practice/test duplicate prompts; generic curriculum-description items; truncated prompt or answer text; missing summary + hint feedback
AC9E4LA07,4,english,8,8,false,false,true,8,16,16,16,0,0,0,0,0,quiz/year-4/english/ac9e4la07/practice/questions.js,quiz/year-4/english/ac9e4la07/practice/questions.js,practice below 24; dedicated test below 16; practice and test load the same source; 8 practice/test duplicate prompts; generic curriculum-description items; truncated prompt or answer text; missing summary + hint feedback
AC9E4LA08,4,english,8,8,false,false,true,8,16,16,16,0,0,0,0,0,quiz/year-4/english/ac9e4la08/practice/questions.js,quiz/year-4/english/ac9e4la08/practice/questions.js,practice below 24; dedicated test below 16; practice and test load the same source; 8 practice/test duplicate prompts; generic curriculum-description items; truncated prompt or answer text; missing summary + hint feedback
AC9E4LA09,4,english,8,8,false,false,true,8,16,16,16,0,0,0,0,0,quiz/year-4/english/ac9e4la09/practice/questions.js,quiz/year-4/english/ac9e4la09/practice/questions.js,practice below 24; dedicated test below 16; practice and test load the same source; 8 practice/test duplicate prompts; generic curriculum-description items; truncated prompt or answer text; missing summary + hint feedback
AC9E4LA10,4,english,8,8,false,false,true,8,16,16,16,0,0,0,0,0,quiz/year-4/english/ac9e4la10/practice/questions.js,quiz/year-4/english/ac9e4la10/practice/questions.js,practice below 24; dedicated test below 16; practice and test load the same source; 8 practice/test duplicate prompts; generic curriculum-description items; truncated prompt or answer text; missing summary + hint feedback
AC9E4LA11,4,english,8,8,false,false,true,8,16,16,16,0,0,0,0,0,quiz/year-4/english/ac9e4la11/practice/questions.js,quiz/year-4/english/ac9e4la11/practice/questions.js,practice below 24; dedicated test below 16; practice and test load the same source; 8 practice/test duplicate prompts; generic curriculum-description items; truncated prompt or answer text; missing summary + hint feedback
AC9E4LA12,4,english,8,8,false,false,true,8,16,16,16,0,0,0,0,0,quiz/year-4/english/ac9e4la12/practice/questions.js,quiz/year-4/english/ac9e4la12/practice/questions.js,practice below 24; dedicated test below 16; practice and test load the same source; 8 practice/test duplicate prompts; generic curriculum-description items; truncated prompt or answer text; missing summary + hint feedback
AC9E4LE01,4,english,8,8,false,false,true,8,16,16,16,0,0,0,0,0,quiz/year-4/english/ac9e4le01/practice/questions.js,quiz/year-4/english/ac9e4le01/practice/questions.js,practice below 24; dedicated test below 16; practice and test load the same source; 8 practice/test duplicate prompts; generic curriculum-description items; truncated prompt or answer text; missing summary + hint feedback
AC9E4LE02,4,english,8,8,false,false,true,8,16,16,16,0,0,0,0,0,quiz/year-4/english/ac9e4le02/practice/questions.js,quiz/year-4/english/ac9e4le02/practice/questions.js,practice below 24; dedicated test below 16; practice and test load the same source; 8 practice/test duplicate prompts; generic curriculum-description items; truncated prompt or answer text; missing summary + hint feedback
AC9E4LE03,4,english,8,8,false,false,true,8,16,16,16,0,0,0,0,0,quiz/year-4/english/ac9e4le03/practice/questions.js,quiz/year-4/english/ac9e4le03/practice/questions.js,practice below 24; dedicated test below 16; practice and test load the same source; 8 practice/test duplicate prompts; generic curriculum-description items; truncated prompt or answer text; missing summary + hint feedback
AC9E4LE04,4,english,8,8,false,false,true,8,16,16,16,0,0,0,0,0,quiz/year-4/english/ac9e4le04/practice/questions.js,quiz/year-4/english/ac9e4le04/practice/questions.js,practice below 24; dedicated test below 16; practice and test load the same source; 8 practice/test duplicate prompts; generic curriculum-description items; truncated prompt or answer text; missing summary + hint feedback
AC9E4LE05,4,english,8,8,false,false,true,8,16,16,16,0,0,0,0,0,quiz/year-4/english/ac9e4le05/practice/questions.js,quiz/year-4/english/ac9e4le05/practice/questions.js,practice below 24; dedicated test below 16; practice and test load the same source; 8 practice/test duplicate prompts; generic curriculum-description items; truncated prompt or answer text; missing summary + hint feedback
AC9E4LY01,4,english,8,8,false,false,true,8,16,16,16,0,0,0,0,0,quiz/year-4/english/ac9e4ly01/practice/questions.js,quiz/year-4/english/ac9e4ly01/practice/questions.js,practice below 24; dedicated test below 16; practice and test load the same source; 8 practice/test duplicate prompts; generic curriculum-description items; truncated prompt or answer text; missing summary + hint feedback
AC9E4LY02,4,english,8,8,false,false,true,8,16,16,16,0,0,0,0,0,quiz/year-4/english/ac9e4ly02/practice/questions.js,quiz/year-4/english/ac9e4ly02/practice/questions.js,practice below 24; dedicated test below 16; practice and test load the same source; 8 practice/test duplicate prompts; generic curriculum-description items; truncated prompt or answer text; missing summary + hint feedback
AC9E4LY03,4,english,8,8,false,false,true,8,16,16,16,0,0,0,0,0,quiz/year-4/english/ac9e4ly03/practice/questions.js,quiz/year-4/english/ac9e4ly03/practice/questions.js,practice below 24; dedicated test below 16; practice and test load the same source; 8 practice/test duplicate prompts; generic curriculum-description items; truncated prompt or answer text; missing summary + hint feedback
AC9E4LY04,4,english,8,8,false,false,true,8,16,16,16,0,0,0,0,0,quiz/year-4/english/ac9e4ly04/practice/questions.js,quiz/year-4/english/ac9e4ly04/practice/questions.js,practice below 24; dedicated test below 16; practice and test load the same source; 8 practice/test duplicate prompts; generic curriculum-description items; truncated prompt or answer text; missing summary + hint feedback
AC9E4LY05,4,english,8,8,false,false,true,8,16,16,16,0,0,0,0,0,quiz/year-4/english/ac9e4ly05/practice/questions.js,quiz/year-4/english/ac9e4ly05/practice/questions.js,practice below 24; dedicated test below 16; practice and test load the same source; 8 practice/test duplicate prompts; generic curriculum-description items; truncated prompt or answer text; missing summary + hint feedback
AC9E4LY06,4,english,8,8,false,false,true,8,16,16,16,0,0,0,0,0,quiz/year-4/english/ac9e4ly06/practice/questions.js,quiz/year-4/english/ac9e4ly06/practice/questions.js,practice below 24; dedicated test below 16; practice and test load the same source; 8 practice/test duplicate prompts; generic curriculum-description items; truncated prompt or answer text; missing summary + hint feedback
AC9E4LY07,4,english,8,8,false,false,true,8,16,16,16,0,0,0,0,0,quiz/year-4/english/ac9e4ly07/practice/questions.js,quiz/year-4/english/ac9e4ly07/practice/questions.js,practice below 24; dedicated test below 16; practice and test load the same source; 8 practice/test duplicate prompts; generic curriculum-description items; truncated prompt or answer text; missing summary + hint feedback
AC9E4LY08,4,english,8,8,false,false,true,8,16,16,16,0,0,0,0,0,quiz/year-4/english/ac9e4ly08/practice/questions.js,quiz/year-4/english/ac9e4ly08/practice/questions.js,practice below 24; dedicated test below 16; practice and test load the same source; 8 practice/test duplicate prompts; generic curriculum-description items; truncated prompt or answer text; missing summary + hint feedback
AC9E4LY09,4,english,8,8,false,false,true,8,16,16,16,0,0,0,0,0,quiz/year-4/english/ac9e4ly09/practice/questions.js,quiz/year-4/english/ac9e4ly09/practice/questions.js,practice below 24; dedicated test below 16; practice and test load the same source; 8 practice/test duplicate prompts; generic curriculum-description items; truncated prompt or answer text; missing summary + hint feedback
AC9E4LY10,4,english,8,8,false,false,true,8,16,16,16,0,0,0,0,0,quiz/year-4/english/ac9e4ly10/practice/questions.js,quiz/year-4/english/ac9e4ly10/practice/questions.js,practice below 24; dedicated test below 16; practice and test load the same source; 8 practice/test duplicate prompts; generic curriculum-description items; truncated prompt or answer text; missing summary + hint feedback
AC9E4LY11,4,english,8,8,false,false,true,8,16,16,16,0,0,0,0,0,quiz/year-4/english/ac9e4ly11/practice/questions.js,quiz/year-4/english/ac9e4ly11/practice/questions.js,practice below 24; dedicated test below 16; practice and test load the same source; 8 practice/test duplicate prompts; generic curriculum-description items; truncated prompt or answer text; missing summary + hint feedback
AC9M5A01,5,math,8,8,false,false,true,8,16,16,16,0,0,0,0,0,quiz/year-5/math/ac9m5a01/practice/questions.js,quiz/year-5/math/ac9m5a01/practice/questions.js,practice below 24; dedicated test below 16; practice and test load the same source; 8 practice/test duplicate prompts; generic curriculum-description items; truncated prompt or answer text; missing summary + hint feedback
AC9M5A02,5,math,8,8,false,false,true,8,16,16,16,0,0,0,0,0,quiz/year-5/math/ac9m5a02/practice/questions.js,quiz/year-5/math/ac9m5a02/practice/questions.js,practice below 24; dedicated test below 16; practice and test load the same source; 8 practice/test duplicate prompts; generic curriculum-description items; truncated prompt or answer text; missing summary + hint feedback
AC9M5M01,5,math,8,8,false,false,true,8,16,16,16,0,0,0,0,0,quiz/year-5/math/ac9m5m01/practice/questions.js,quiz/year-5/math/ac9m5m01/practice/questions.js,practice below 24; dedicated test below 16; practice and test load the same source; 8 practice/test duplicate prompts; generic curriculum-description items; truncated prompt or answer text; missing summary + hint feedback
AC9M5M02,5,math,8,8,false,false,true,8,16,16,16,0,0,0,0,0,quiz/year-5/math/ac9m5m02/practice/questions.js,quiz/year-5/math/ac9m5m02/practice/questions.js,practice below 24; dedicated test below 16; practice and test load the same source; 8 practice/test duplicate prompts; generic curriculum-description items; truncated prompt or answer text; missing summary + hint feedback
AC9M5M03,5,math,8,8,false,false,true,8,16,16,16,0,0,0,0,0,quiz/year-5/math/ac9m5m03/practice/questions.js,quiz/year-5/math/ac9m5m03/practice/questions.js,practice below 24; dedicated test below 16; practice and test load the same source; 8 practice/test duplicate prompts; generic curriculum-description items; truncated prompt or answer text; missing summary + hint feedback
AC9M5M04,5,math,8,8,false,false,true,8,16,16,16,0,0,0,0,0,quiz/year-5/math/ac9m5m04/practice/questions.js,quiz/year-5/math/ac9m5m04/practice/questions.js,practice below 24; dedicated test below 16; practice and test load the same source; 8 practice/test duplicate prompts; generic curriculum-description items; truncated prompt or answer text; missing summary + hint feedback
AC9M5N01,5,math,8,8,false,false,true,8,16,16,16,0,0,0,0,0,quiz/year-5/math/ac9m5n01/practice/questions.js,quiz/year-5/math/ac9m5n01/practice/questions.js,practice below 24; dedicated test below 16; practice and test load the same source; 8 practice/test duplicate prompts; generic curriculum-description items; truncated prompt or answer text; missing summary + hint feedback
AC9M5N02,5,math,8,8,false,false,true,8,16,16,16,0,0,0,0,0,quiz/year-5/math/ac9m5n02/practice/questions.js,quiz/year-5/math/ac9m5n02/practice/questions.js,practice below 24; dedicated test below 16; practice and test load the same source; 8 practice/test duplicate prompts; generic curriculum-description items; truncated prompt or answer text; missing summary + hint feedback
AC9M5N03,5,math,8,8,false,false,true,8,16,16,16,0,0,0,0,0,quiz/year-5/math/ac9m5n03/practice/questions.js,quiz/year-5/math/ac9m5n03/practice/questions.js,practice below 24; dedicated test below 16; practice and test load the same source; 8 practice/test duplicate prompts; generic curriculum-description items; truncated prompt or answer text; missing summary + hint feedback
AC9M5N04,5,math,8,8,false,false,true,8,16,16,16,0,0,0,0,0,quiz/year-5/math/ac9m5n04/practice/questions.js,quiz/year-5/math/ac9m5n04/practice/questions.js,practice below 24; dedicated test below 16; practice and test load the same source; 8 practice/test duplicate prompts; generic curriculum-description items; truncated prompt or answer text; missing summary + hint feedback
AC9M5N05,5,math,8,8,false,false,true,8,16,16,16,0,0,0,0,0,quiz/year-5/math/ac9m5n05/practice/questions.js,quiz/year-5/math/ac9m5n05/practice/questions.js,practice below 24; dedicated test below 16; practice and test load the same source; 8 practice/test duplicate prompts; generic curriculum-description items; truncated prompt or answer text; missing summary + hint feedback
AC9M5N06,5,math,8,8,false,false,true,8,16,16,16,0,0,0,0,0,quiz/year-5/math/ac9m5n06/practice/questions.js,quiz/year-5/math/ac9m5n06/practice/questions.js,practice below 24; dedicated test below 16; practice and test load the same source; 8 practice/test duplicate prompts; generic curriculum-description items; truncated prompt or answer text; missing summary + hint feedback
AC9M5N07,5,math,8,8,false,false,true,8,16,16,16,0,0,0,0,0,quiz/year-5/math/ac9m5n07/practice/questions.js,quiz/year-5/math/ac9m5n07/practice/questions.js,practice below 24; dedicated test below 16; practice and test load the same source; 8 practice/test duplicate prompts; generic curriculum-description items; truncated prompt or answer text; missing summary + hint feedback
AC9M5N08,5,math,8,8,false,false,true,8,16,16,16,0,0,0,0,0,quiz/year-5/math/ac9m5n08/practice/questions.js,quiz/year-5/math/ac9m5n08/practice/questions.js,practice below 24; dedicated test below 16; practice and test load the same source; 8 practice/test duplicate prompts; generic curriculum-description items; truncated prompt or answer text; missing summary + hint feedback
AC9M5N09,5,math,8,8,false,false,true,8,16,16,16,0,0,0,0,0,quiz/year-5/math/ac9m5n09/practice/questions.js,quiz/year-5/math/ac9m5n09/practice/questions.js,practice below 24; dedicated test below 16; practice and test load the same source; 8 practice/test duplicate prompts; generic curriculum-description items; truncated prompt or answer text; missing summary + hint feedback
AC9M5N10,5,math,8,8,false,false,true,8,16,16,16,0,0,0,0,0,quiz/year-5/math/ac9m5n10/practice/questions.js,quiz/year-5/math/ac9m5n10/practice/questions.js,practice below 24; dedicated test below 16; practice and test load the same source; 8 practice/test duplicate prompts; generic curriculum-description items; truncated prompt or answer text; missing summary + hint feedback
AC9M5P01,5,math,8,8,false,false,true,8,16,16,16,0,0,0,0,0,quiz/year-5/math/ac9m5p01/practice/questions.js,quiz/year-5/math/ac9m5p01/practice/questions.js,practice below 24; dedicated test below 16; practice and test load the same source; 8 practice/test duplicate prompts; generic curriculum-description items; truncated prompt or answer text; missing summary + hint feedback
AC9M5P02,5,math,8,8,false,false,true,8,16,16,16,0,0,0,0,0,quiz/year-5/math/ac9m5p02/practice/questions.js,quiz/year-5/math/ac9m5p02/practice/questions.js,practice below 24; dedicated test below 16; practice and test load the same source; 8 practice/test duplicate prompts; generic curriculum-description items; truncated prompt or answer text; missing summary + hint feedback
AC9M5SP01,5,math,8,8,false,false,true,8,16,16,16,0,0,0,0,0,quiz/year-5/math/ac9m5sp01/practice/questions.js,quiz/year-5/math/ac9m5sp01/practice/questions.js,practice below 24; dedicated test below 16; practice and test load the same source; 8 practice/test duplicate prompts; generic curriculum-description items; truncated prompt or answer text; missing summary + hint feedback
AC9M5SP02,5,math,8,8,false,false,true,8,16,16,16,0,0,0,0,0,quiz/year-5/math/ac9m5sp02/practice/questions.js,quiz/year-5/math/ac9m5sp02/practice/questions.js,practice below 24; dedicated test below 16; practice and test load the same source; 8 practice/test duplicate prompts; generic curriculum-description items; truncated prompt or answer text; missing summary + hint feedback
AC9M5SP03,5,math,8,8,false,false,true,8,16,16,16,0,0,0,0,0,quiz/year-5/math/ac9m5sp03/practice/questions.js,quiz/year-5/math/ac9m5sp03/practice/questions.js,practice below 24; dedicated test below 16; practice and test load the same source; 8 practice/test duplicate prompts; generic curriculum-description items; truncated prompt or answer text; missing summary + hint feedback
AC9M5ST01,5,math,8,8,false,false,true,8,16,16,16,0,0,0,0,0,quiz/year-5/math/ac9m5st01/practice/questions.js,quiz/year-5/math/ac9m5st01/practice/questions.js,practice below 24; dedicated test below 16; practice and test load the same source; 8 practice/test duplicate prompts; generic curriculum-description items; truncated prompt or answer text; missing summary + hint feedback
AC9M5ST02,5,math,8,8,false,false,true,8,16,16,16,0,0,0,0,0,quiz/year-5/math/ac9m5st02/practice/questions.js,quiz/year-5/math/ac9m5st02/practice/questions.js,practice below 24; dedicated test below 16; practice and test load the same source; 8 practice/test duplicate prompts; generic curriculum-description items; truncated prompt or answer text; missing summary + hint feedback
AC9M5ST03,5,math,8,8,false,false,true,8,16,16,16,0,0,0,0,0,quiz/year-5/math/ac9m5st03/practice/questions.js,quiz/year-5/math/ac9m5st03/practice/questions.js,practice below 24; dedicated test below 16; practice and test load the same source; 8 practice/test duplicate prompts; generic curriculum-description items; truncated prompt or answer text; missing summary + hint feedback
AC9S5H01,5,science,8,8,false,false,true,8,16,16,16,0,0,0,0,0,quiz/year-5/science/ac9s5h01/practice/questions.js,quiz/year-5/science/ac9s5h01/practice/questions.js,practice below 24; dedicated test below 16; practice and test load the same source; 8 practice/test duplicate prompts; generic curriculum-description items; truncated prompt or answer text; missing summary + hint feedback
AC9S5H02,5,science,8,8,false,false,true,8,16,16,16,0,0,0,0,0,quiz/year-5/science/ac9s5h02/practice/questions.js,quiz/year-5/science/ac9s5h02/practice/questions.js,practice below 24; dedicated test below 16; practice and test load the same source; 8 practice/test duplicate prompts; generic curriculum-description items; truncated prompt or answer text; missing summary + hint feedback
AC9S5I01,5,science,8,8,false,false,true,8,16,16,16,0,0,0,0,0,quiz/year-5/science/ac9s5i01/practice/questions.js,quiz/year-5/science/ac9s5i01/practice/questions.js,practice below 24; dedicated test below 16; practice and test load the same source; 8 practice/test duplicate prompts; generic curriculum-description items; truncated prompt or answer text; missing summary + hint feedback
AC9S5I02,5,science,8,8,false,false,true,8,16,16,16,0,0,0,0,0,quiz/year-5/science/ac9s5i02/practice/questions.js,quiz/year-5/science/ac9s5i02/practice/questions.js,practice below 24; dedicated test below 16; practice and test load the same source; 8 practice/test duplicate prompts; generic curriculum-description items; truncated prompt or answer text; missing summary + hint feedback
AC9S5I03,5,science,8,8,false,false,true,8,16,16,16,0,0,0,0,0,quiz/year-5/science/ac9s5i03/practice/questions.js,quiz/year-5/science/ac9s5i03/practice/questions.js,practice below 24; dedicated test below 16; practice and test load the same source; 8 practice/test duplicate prompts; generic curriculum-description items; truncated prompt or answer text; missing summary + hint feedback
AC9S5I04,5,science,8,8,false,false,true,8,16,16,16,0,0,0,0,0,quiz/year-5/science/ac9s5i04/practice/questions.js,quiz/year-5/science/ac9s5i04/practice/questions.js,practice below 24; dedicated test below 16; practice and test load the same source; 8 practice/test duplicate prompts; generic curriculum-description items; truncated prompt or answer text; missing summary + hint feedback
AC9S5I05,5,science,8,8,false,false,true,8,16,16,16,0,0,0,0,0,quiz/year-5/science/ac9s5i05/practice/questions.js,quiz/year-5/science/ac9s5i05/practice/questions.js,practice below 24; dedicated test below 16; practice and test load the same source; 8 practice/test duplicate prompts; generic curriculum-description items; truncated prompt or answer text; missing summary + hint feedback
AC9S5I06,5,science,8,8,false,false,true,8,16,16,16,0,0,0,0,0,quiz/year-5/science/ac9s5i06/practice/questions.js,quiz/year-5/science/ac9s5i06/practice/questions.js,practice below 24; dedicated test below 16; practice and test load the same source; 8 practice/test duplicate prompts; generic curriculum-description items; truncated prompt or answer text; missing summary + hint feedback
AC9S5U01,5,science,8,8,false,false,true,8,16,16,16,0,0,0,0,0,quiz/year-5/science/ac9s5u01/practice/questions.js,quiz/year-5/science/ac9s5u01/practice/questions.js,practice below 24; dedicated test below 16; practice and test load the same source; 8 practice/test duplicate prompts; generic curriculum-description items; truncated prompt or answer text; missing summary + hint feedback
AC9S5U02,5,science,8,8,false,false,true,8,16,16,16,0,0,0,0,0,quiz/year-5/science/ac9s5u02/practice/questions.js,quiz/year-5/science/ac9s5u02/practice/questions.js,practice below 24; dedicated test below 16; practice and test load the same source; 8 practice/test duplicate prompts; generic curriculum-description items; truncated prompt or answer text; missing summary + hint feedback
AC9S5U03,5,science,8,8,false,false,true,8,16,16,16,0,0,0,0,0,quiz/year-5/science/ac9s5u03/practice/questions.js,quiz/year-5/science/ac9s5u03/practice/questions.js,practice below 24; dedicated test below 16; practice and test load the same source; 8 practice/test duplicate prompts; generic curriculum-description items; truncated prompt or answer text; missing summary + hint feedback
AC9S5U04,5,science,8,8,false,false,true,8,16,16,16,0,0,0,0,0,quiz/year-5/science/ac9s5u04/practice/questions.js,quiz/year-5/science/ac9s5u04/practice/questions.js,practice below 24; dedicated test below 16; practice and test load the same source; 8 practice/test duplicate prompts; generic curriculum-description items; truncated prompt or answer text; missing summary + hint feedback
AC9E5LA01,5,english,8,8,false,false,true,8,16,16,16,0,0,0,0,0,quiz/year-5/english/ac9e5la01/practice/questions.js,quiz/year-5/english/ac9e5la01/practice/questions.js,practice below 24; dedicated test below 16; practice and test load the same source; 8 practice/test duplicate prompts; generic curriculum-description items; truncated prompt or answer text; missing summary + hint feedback
AC9E5LA02,5,english,8,8,false,false,true,8,16,16,16,0,0,0,0,0,quiz/year-5/english/ac9e5la02/practice/questions.js,quiz/year-5/english/ac9e5la02/practice/questions.js,practice below 24; dedicated test below 16; practice and test load the same source; 8 practice/test duplicate prompts; generic curriculum-description items; truncated prompt or answer text; missing summary + hint feedback
AC9E5LA03,5,english,8,8,false,false,true,8,16,16,16,0,0,0,0,0,quiz/year-5/english/ac9e5la03/practice/questions.js,quiz/year-5/english/ac9e5la03/practice/questions.js,practice below 24; dedicated test below 16; practice and test load the same source; 8 practice/test duplicate prompts; generic curriculum-description items; truncated prompt or answer text; missing summary + hint feedback
AC9E5LA04,5,english,8,8,false,false,true,8,16,16,16,0,0,0,0,0,quiz/year-5/english/ac9e5la04/practice/questions.js,quiz/year-5/english/ac9e5la04/practice/questions.js,practice below 24; dedicated test below 16; practice and test load the same source; 8 practice/test duplicate prompts; generic curriculum-description items; truncated prompt or answer text; missing summary + hint feedback
AC9E5LA05,5,english,8,8,false,false,true,8,16,16,16,0,0,0,0,0,quiz/year-5/english/ac9e5la05/practice/questions.js,quiz/year-5/english/ac9e5la05/practice/questions.js,practice below 24; dedicated test below 16; practice and test load the same source; 8 practice/test duplicate prompts; generic curriculum-description items; truncated prompt or answer text; missing summary + hint feedback
AC9E5LA06,5,english,8,8,false,false,true,8,16,16,16,0,0,0,0,0,quiz/year-5/english/ac9e5la06/practice/questions.js,quiz/year-5/english/ac9e5la06/practice/questions.js,practice below 24; dedicated test below 16; practice and test load the same source; 8 practice/test duplicate prompts; generic curriculum-description items; truncated prompt or answer text; missing summary + hint feedback
AC9E5LA07,5,english,8,8,false,false,true,8,16,16,16,0,0,0,0,0,quiz/year-5/english/ac9e5la07/practice/questions.js,quiz/year-5/english/ac9e5la07/practice/questions.js,practice below 24; dedicated test below 16; practice and test load the same source; 8 practice/test duplicate prompts; generic curriculum-description items; truncated prompt or answer text; missing summary + hint feedback
AC9E5LA08,5,english,8,8,false,false,true,8,16,16,16,0,0,0,0,0,quiz/year-5/english/ac9e5la08/practice/questions.js,quiz/year-5/english/ac9e5la08/practice/questions.js,practice below 24; dedicated test below 16; practice and test load the same source; 8 practice/test duplicate prompts; generic curriculum-description items; truncated prompt or answer text; missing summary + hint feedback
AC9E5LA09,5,english,8,8,false,false,true,8,16,16,16,0,0,0,0,0,quiz/year-5/english/ac9e5la09/practice/questions.js,quiz/year-5/english/ac9e5la09/practice/questions.js,practice below 24; dedicated test below 16; practice and test load the same source; 8 practice/test duplicate prompts; generic curriculum-description items; truncated prompt or answer text; missing summary + hint feedback
AC9E5LE01,5,english,8,8,false,false,true,8,16,16,16,0,0,0,0,0,quiz/year-5/english/ac9e5le01/practice/questions.js,quiz/year-5/english/ac9e5le01/practice/questions.js,practice below 24; dedicated test below 16; practice and test load the same source; 8 practice/test duplicate prompts; generic curriculum-description items; truncated prompt or answer text; missing summary + hint feedback
AC9E5LE02,5,english,8,8,false,false,true,8,16,16,16,0,0,0,0,0,quiz/year-5/english/ac9e5le02/practice/questions.js,quiz/year-5/english/ac9e5le02/practice/questions.js,practice below 24; dedicated test below 16; practice and test load the same source; 8 practice/test duplicate prompts; generic curriculum-description items; truncated prompt or answer text; missing summary + hint feedback
AC9E5LE03,5,english,8,8,false,false,true,8,16,16,16,0,0,0,0,0,quiz/year-5/english/ac9e5le03/practice/questions.js,quiz/year-5/english/ac9e5le03/practice/questions.js,practice below 24; dedicated test below 16; practice and test load the same source; 8 practice/test duplicate prompts; generic curriculum-description items; truncated prompt or answer text; missing summary + hint feedback
AC9E5LE04,5,english,8,8,false,false,true,8,16,16,16,0,0,0,0,0,quiz/year-5/english/ac9e5le04/practice/questions.js,quiz/year-5/english/ac9e5le04/practice/questions.js,practice below 24; dedicated test below 16; practice and test load the same source; 8 practice/test duplicate prompts; generic curriculum-description items; truncated prompt or answer text; missing summary + hint feedback
AC9E5LE05,5,english,8,8,false,false,true,8,16,16,16,0,0,0,0,0,quiz/year-5/english/ac9e5le05/practice/questions.js,quiz/year-5/english/ac9e5le05/practice/questions.js,practice below 24; dedicated test below 16; practice and test load the same source; 8 practice/test duplicate prompts; generic curriculum-description items; truncated prompt or answer text; missing summary + hint feedback
AC9E5LY01,5,english,8,8,false,false,true,8,16,16,16,0,0,0,0,0,quiz/year-5/english/ac9e5ly01/practice/questions.js,quiz/year-5/english/ac9e5ly01/practice/questions.js,practice below 24; dedicated test below 16; practice and test load the same source; 8 practice/test duplicate prompts; generic curriculum-description items; truncated prompt or answer text; missing summary + hint feedback
AC9E5LY02,5,english,8,8,false,false,true,8,16,16,16,0,0,0,0,0,quiz/year-5/english/ac9e5ly02/practice/questions.js,quiz/year-5/english/ac9e5ly02/practice/questions.js,practice below 24; dedicated test below 16; practice and test load the same source; 8 practice/test duplicate prompts; generic curriculum-description items; truncated prompt or answer text; missing summary + hint feedback
AC9E5LY03,5,english,8,8,false,false,true,8,16,16,16,0,0,0,0,0,quiz/year-5/english/ac9e5ly03/practice/questions.js,quiz/year-5/english/ac9e5ly03/practice/questions.js,practice below 24; dedicated test below 16; practice and test load the same source; 8 practice/test duplicate prompts; generic curriculum-description items; truncated prompt or answer text; missing summary + hint feedback
AC9E5LY04,5,english,8,8,false,false,true,8,16,16,16,0,0,0,0,0,quiz/year-5/english/ac9e5ly04/practice/questions.js,quiz/year-5/english/ac9e5ly04/practice/questions.js,practice below 24; dedicated test below 16; practice and test load the same source; 8 practice/test duplicate prompts; generic curriculum-description items; truncated prompt or answer text; missing summary + hint feedback
AC9E5LY05,5,english,8,8,false,false,true,8,16,16,16,0,0,0,0,0,quiz/year-5/english/ac9e5ly05/practice/questions.js,quiz/year-5/english/ac9e5ly05/practice/questions.js,practice below 24; dedicated test below 16; practice and test load the same source; 8 practice/test duplicate prompts; generic curriculum-description items; truncated prompt or answer text; missing summary + hint feedback
AC9E5LY06,5,english,8,8,false,false,true,8,16,16,16,0,0,0,0,0,quiz/year-5/english/ac9e5ly06/practice/questions.js,quiz/year-5/english/ac9e5ly06/practice/questions.js,practice below 24; dedicated test below 16; practice and test load the same source; 8 practice/test duplicate prompts; generic curriculum-description items; truncated prompt or answer text; missing summary + hint feedback
AC9E5LY07,5,english,8,8,false,false,true,8,16,16,16,0,0,0,0,0,quiz/year-5/english/ac9e5ly07/practice/questions.js,quiz/year-5/english/ac9e5ly07/practice/questions.js,practice below 24; dedicated test below 16; practice and test load the same source; 8 practice/test duplicate prompts; generic curriculum-description items; truncated prompt or answer text; missing summary + hint feedback
AC9E5LY08,5,english,8,8,false,false,true,8,16,16,16,0,0,0,0,0,quiz/year-5/english/ac9e5ly08/practice/questions.js,quiz/year-5/english/ac9e5ly08/practice/questions.js,practice below 24; dedicated test below 16; practice and test load the same source; 8 practice/test duplicate prompts; generic curriculum-description items; truncated prompt or answer text; missing summary + hint feedback
AC9E5LY09,5,english,8,8,false,false,true,8,16,16,16,0,0,0,0,0,quiz/year-5/english/ac9e5ly09/practice/questions.js,quiz/year-5/english/ac9e5ly09/practice/questions.js,practice below 24; dedicated test below 16; practice and test load the same source; 8 practice/test duplicate prompts; generic curriculum-description items; truncated prompt or answer text; missing summary + hint feedback
AC9E5LY10,5,english,8,8,false,false,true,8,16,16,16,0,0,0,0,0,quiz/year-5/english/ac9e5ly10/practice/questions.js,quiz/year-5/english/ac9e5ly10/practice/questions.js,practice below 24; dedicated test below 16; practice and test load the same source; 8 practice/test duplicate prompts; generic curriculum-description items; truncated prompt or answer text; missing summary + hint feedback
AC9M6A01,6,math,8,8,false,false,true,8,16,16,16,0,0,0,0,0,quiz/year-6/math/ac9m6a01/practice/questions.js,quiz/year-6/math/ac9m6a01/practice/questions.js,practice below 24; dedicated test below 16; practice and test load the same source; 8 practice/test duplicate prompts; generic curriculum-description items; truncated prompt or answer text; missing summary + hint feedback
AC9M6A02,6,math,8,8,false,false,true,8,16,16,16,0,0,0,0,0,quiz/year-6/math/ac9m6a02/practice/questions.js,quiz/year-6/math/ac9m6a02/practice/questions.js,practice below 24; dedicated test below 16; practice and test load the same source; 8 practice/test duplicate prompts; generic curriculum-description items; truncated prompt or answer text; missing summary + hint feedback
AC9M6A03,6,math,8,8,false,false,true,8,16,16,16,0,0,0,0,0,quiz/year-6/math/ac9m6a03/practice/questions.js,quiz/year-6/math/ac9m6a03/practice/questions.js,practice below 24; dedicated test below 16; practice and test load the same source; 8 practice/test duplicate prompts; generic curriculum-description items; truncated prompt or answer text; missing summary + hint feedback
AC9M6M01,6,math,8,8,false,false,true,8,16,16,16,0,0,0,0,0,quiz/year-6/math/ac9m6m01/practice/questions.js,quiz/year-6/math/ac9m6m01/practice/questions.js,practice below 24; dedicated test below 16; practice and test load the same source; 8 practice/test duplicate prompts; generic curriculum-description items; truncated prompt or answer text; missing summary + hint feedback
AC9M6M02,6,math,8,8,false,false,true,8,16,16,16,0,0,0,0,0,quiz/year-6/math/ac9m6m02/practice/questions.js,quiz/year-6/math/ac9m6m02/practice/questions.js,practice below 24; dedicated test below 16; practice and test load the same source; 8 practice/test duplicate prompts; generic curriculum-description items; truncated prompt or answer text; missing summary + hint feedback
AC9M6M03,6,math,8,8,false,false,true,8,16,16,16,0,0,0,0,0,quiz/year-6/math/ac9m6m03/practice/questions.js,quiz/year-6/math/ac9m6m03/practice/questions.js,practice below 24; dedicated test below 16; practice and test load the same source; 8 practice/test duplicate prompts; generic curriculum-description items; truncated prompt or answer text; missing summary + hint feedback
AC9M6M04,6,math,8,8,false,false,true,8,16,16,16,0,0,0,0,0,quiz/year-6/math/ac9m6m04/practice/questions.js,quiz/year-6/math/ac9m6m04/practice/questions.js,practice below 24; dedicated test below 16; practice and test load the same source; 8 practice/test duplicate prompts; generic curriculum-description items; truncated prompt or answer text; missing summary + hint feedback
AC9M6N01,6,math,8,8,false,false,true,8,16,16,16,0,0,0,0,0,quiz/year-6/math/ac9m6n01/practice/questions.js,quiz/year-6/math/ac9m6n01/practice/questions.js,practice below 24; dedicated test below 16; practice and test load the same source; 8 practice/test duplicate prompts; generic curriculum-description items; truncated prompt or answer text; missing summary + hint feedback
AC9M6N02,6,math,8,8,false,false,true,8,16,16,16,0,0,0,0,0,quiz/year-6/math/ac9m6n02/practice/questions.js,quiz/year-6/math/ac9m6n02/practice/questions.js,practice below 24; dedicated test below 16; practice and test load the same source; 8 practice/test duplicate prompts; generic curriculum-description items; truncated prompt or answer text; missing summary + hint feedback
AC9M6N03,6,math,8,8,false,false,true,8,16,16,16,0,0,0,0,0,quiz/year-6/math/ac9m6n03/practice/questions.js,quiz/year-6/math/ac9m6n03/practice/questions.js,practice below 24; dedicated test below 16; practice and test load the same source; 8 practice/test duplicate prompts; generic curriculum-description items; truncated prompt or answer text; missing summary + hint feedback
AC9M6N04,6,math,8,8,false,false,true,8,16,16,16,0,0,0,0,0,quiz/year-6/math/ac9m6n04/practice/questions.js,quiz/year-6/math/ac9m6n04/practice/questions.js,practice below 24; dedicated test below 16; practice and test load the same source; 8 practice/test duplicate prompts; generic curriculum-description items; truncated prompt or answer text; missing summary + hint feedback
AC9M6N05,6,math,8,8,false,false,true,8,16,16,16,0,0,0,0,0,quiz/year-6/math/ac9m6n05/practice/questions.js,quiz/year-6/math/ac9m6n05/practice/questions.js,practice below 24; dedicated test below 16; practice and test load the same source; 8 practice/test duplicate prompts; generic curriculum-description items; truncated prompt or answer text; missing summary + hint feedback
AC9M6N06,6,math,8,8,false,false,true,8,16,16,16,0,0,0,0,0,quiz/year-6/math/ac9m6n06/practice/questions.js,quiz/year-6/math/ac9m6n06/practice/questions.js,practice below 24; dedicated test below 16; practice and test load the same source; 8 practice/test duplicate prompts; generic curriculum-description items; truncated prompt or answer text; missing summary + hint feedback
AC9M6N07,6,math,8,8,false,false,true,8,16,16,16,0,0,0,0,0,quiz/year-6/math/ac9m6n07/practice/questions.js,quiz/year-6/math/ac9m6n07/practice/questions.js,practice below 24; dedicated test below 16; practice and test load the same source; 8 practice/test duplicate prompts; generic curriculum-description items; truncated prompt or answer text; missing summary + hint feedback
AC9M6N08,6,math,8,8,false,false,true,8,16,16,16,0,0,0,0,0,quiz/year-6/math/ac9m6n08/practice/questions.js,quiz/year-6/math/ac9m6n08/practice/questions.js,practice below 24; dedicated test below 16; practice and test load the same source; 8 practice/test duplicate prompts; generic curriculum-description items; truncated prompt or answer text; missing summary + hint feedback
AC9M6N09,6,math,8,8,false,false,true,8,16,16,16,0,0,0,0,0,quiz/year-6/math/ac9m6n09/practice/questions.js,quiz/year-6/math/ac9m6n09/practice/questions.js,practice below 24; dedicated test below 16; practice and test load the same source; 8 practice/test duplicate prompts; generic curriculum-description items; truncated prompt or answer text; missing summary + hint feedback
AC9M6P01,6,math,8,8,false,false,true,8,16,16,16,0,0,0,0,0,quiz/year-6/math/ac9m6p01/practice/questions.js,quiz/year-6/math/ac9m6p01/practice/questions.js,practice below 24; dedicated test below 16; practice and test load the same source; 8 practice/test duplicate prompts; generic curriculum-description items; truncated prompt or answer text; missing summary + hint feedback
AC9M6P02,6,math,8,8,false,false,true,8,16,16,16,0,0,0,0,0,quiz/year-6/math/ac9m6p02/practice/questions.js,quiz/year-6/math/ac9m6p02/practice/questions.js,practice below 24; dedicated test below 16; practice and test load the same source; 8 practice/test duplicate prompts; generic curriculum-description items; truncated prompt or answer text; missing summary + hint feedback
AC9M6SP01,6,math,8,8,false,false,true,8,16,16,16,0,0,0,0,0,quiz/year-6/math/ac9m6sp01/practice/questions.js,quiz/year-6/math/ac9m6sp01/practice/questions.js,practice below 24; dedicated test below 16; practice and test load the same source; 8 practice/test duplicate prompts; generic curriculum-description items; truncated prompt or answer text; missing summary + hint feedback
AC9M6SP02,6,math,8,8,false,false,true,8,16,16,16,0,0,0,0,0,quiz/year-6/math/ac9m6sp02/practice/questions.js,quiz/year-6/math/ac9m6sp02/practice/questions.js,practice below 24; dedicated test below 16; practice and test load the same source; 8 practice/test duplicate prompts; generic curriculum-description items; truncated prompt or answer text; missing summary + hint feedback
AC9M6SP03,6,math,8,8,false,false,true,8,16,16,16,0,0,0,0,0,quiz/year-6/math/ac9m6sp03/practice/questions.js,quiz/year-6/math/ac9m6sp03/practice/questions.js,practice below 24; dedicated test below 16; practice and test load the same source; 8 practice/test duplicate prompts; generic curriculum-description items; truncated prompt or answer text; missing summary + hint feedback
AC9M6ST01,6,math,8,8,false,false,true,8,16,16,16,0,0,0,0,0,quiz/year-6/math/ac9m6st01/practice/questions.js,quiz/year-6/math/ac9m6st01/practice/questions.js,practice below 24; dedicated test below 16; practice and test load the same source; 8 practice/test duplicate prompts; generic curriculum-description items; truncated prompt or answer text; missing summary + hint feedback
AC9M6ST02,6,math,8,8,false,false,true,8,16,16,16,0,0,0,0,0,quiz/year-6/math/ac9m6st02/practice/questions.js,quiz/year-6/math/ac9m6st02/practice/questions.js,practice below 24; dedicated test below 16; practice and test load the same source; 8 practice/test duplicate prompts; generic curriculum-description items; truncated prompt or answer text; missing summary + hint feedback
AC9M6ST03,6,math,8,8,false,false,true,8,16,16,16,0,0,0,0,0,quiz/year-6/math/ac9m6st03/practice/questions.js,quiz/year-6/math/ac9m6st03/practice/questions.js,practice below 24; dedicated test below 16; practice and test load the same source; 8 practice/test duplicate prompts; generic curriculum-description items; truncated prompt or answer text; missing summary + hint feedback
AC9S6H01,6,science,8,8,false,false,true,8,16,16,16,0,0,0,0,0,quiz/year-6/science/ac9s6h01/practice/questions.js,quiz/year-6/science/ac9s6h01/practice/questions.js,practice below 24; dedicated test below 16; practice and test load the same source; 8 practice/test duplicate prompts; generic curriculum-description items; truncated prompt or answer text; missing summary + hint feedback
AC9S6H02,6,science,8,8,false,false,true,8,16,16,16,0,0,0,0,0,quiz/year-6/science/ac9s6h02/practice/questions.js,quiz/year-6/science/ac9s6h02/practice/questions.js,practice below 24; dedicated test below 16; practice and test load the same source; 8 practice/test duplicate prompts; generic curriculum-description items; truncated prompt or answer text; missing summary + hint feedback
AC9S6I01,6,science,8,8,false,false,true,8,16,16,16,0,0,0,0,0,quiz/year-6/science/ac9s6i01/practice/questions.js,quiz/year-6/science/ac9s6i01/practice/questions.js,practice below 24; dedicated test below 16; practice and test load the same source; 8 practice/test duplicate prompts; generic curriculum-description items; truncated prompt or answer text; missing summary + hint feedback
AC9S6I02,6,science,8,8,false,false,true,8,16,16,16,0,0,0,0,0,quiz/year-6/science/ac9s6i02/practice/questions.js,quiz/year-6/science/ac9s6i02/practice/questions.js,practice below 24; dedicated test below 16; practice and test load the same source; 8 practice/test duplicate prompts; generic curriculum-description items; truncated prompt or answer text; missing summary + hint feedback
AC9S6I03,6,science,8,8,false,false,true,8,16,16,16,0,0,0,0,0,quiz/year-6/science/ac9s6i03/practice/questions.js,quiz/year-6/science/ac9s6i03/practice/questions.js,practice below 24; dedicated test below 16; practice and test load the same source; 8 practice/test duplicate prompts; generic curriculum-description items; truncated prompt or answer text; missing summary + hint feedback
AC9S6I04,6,science,8,8,false,false,true,8,16,16,16,0,0,0,0,0,quiz/year-6/science/ac9s6i04/practice/questions.js,quiz/year-6/science/ac9s6i04/practice/questions.js,practice below 24; dedicated test below 16; practice and test load the same source; 8 practice/test duplicate prompts; generic curriculum-description items; truncated prompt or answer text; missing summary + hint feedback
AC9S6I05,6,science,8,8,false,false,true,8,16,16,16,0,0,0,0,0,quiz/year-6/science/ac9s6i05/practice/questions.js,quiz/year-6/science/ac9s6i05/practice/questions.js,practice below 24; dedicated test below 16; practice and test load the same source; 8 practice/test duplicate prompts; generic curriculum-description items; truncated prompt or answer text; missing summary + hint feedback
AC9S6I06,6,science,8,8,false,false,true,8,16,16,16,0,0,0,0,0,quiz/year-6/science/ac9s6i06/practice/questions.js,quiz/year-6/science/ac9s6i06/practice/questions.js,practice below 24; dedicated test below 16; practice and test load the same source; 8 practice/test duplicate prompts; generic curriculum-description items; truncated prompt or answer text; missing summary + hint feedback
AC9S6U01,6,science,8,8,false,false,true,8,16,16,16,0,0,0,0,0,quiz/year-6/science/ac9s6u01/practice/questions.js,quiz/year-6/science/ac9s6u01/practice/questions.js,practice below 24; dedicated test below 16; practice and test load the same source; 8 practice/test duplicate prompts; generic curriculum-description items; truncated prompt or answer text; missing summary + hint feedback
AC9S6U02,6,science,8,8,false,false,true,8,16,16,16,0,0,0,0,0,quiz/year-6/science/ac9s6u02/practice/questions.js,quiz/year-6/science/ac9s6u02/practice/questions.js,practice below 24; dedicated test below 16; practice and test load the same source; 8 practice/test duplicate prompts; generic curriculum-description items; truncated prompt or answer text; missing summary + hint feedback
AC9S6U03,6,science,8,8,false,false,true,8,16,16,16,0,0,0,0,0,quiz/year-6/science/ac9s6u03/practice/questions.js,quiz/year-6/science/ac9s6u03/practice/questions.js,practice below 24; dedicated test below 16; practice and test load the same source; 8 practice/test duplicate prompts; generic curriculum-description items; truncated prompt or answer text; missing summary + hint feedback
AC9S6U04,6,science,8,8,false,false,true,8,16,16,16,0,0,0,0,0,quiz/year-6/science/ac9s6u04/practice/questions.js,quiz/year-6/science/ac9s6u04/practice/questions.js,practice below 24; dedicated test below 16; practice and test load the same source; 8 practice/test duplicate prompts; generic curriculum-description items; truncated prompt or answer text; missing summary + hint feedback
AC9E6LA01,6,english,8,8,false,false,true,8,16,16,16,0,0,0,0,0,quiz/year-6/english/ac9e6la01/practice/questions.js,quiz/year-6/english/ac9e6la01/practice/questions.js,practice below 24; dedicated test below 16; practice and test load the same source; 8 practice/test duplicate prompts; generic curriculum-description items; truncated prompt or answer text; missing summary + hint feedback
AC9E6LA02,6,english,8,8,false,false,true,8,16,16,16,0,0,0,0,0,quiz/year-6/english/ac9e6la02/practice/questions.js,quiz/year-6/english/ac9e6la02/practice/questions.js,practice below 24; dedicated test below 16; practice and test load the same source; 8 practice/test duplicate prompts; generic curriculum-description items; truncated prompt or answer text; missing summary + hint feedback
AC9E6LA03,6,english,8,8,false,false,true,8,16,16,16,0,0,0,0,0,quiz/year-6/english/ac9e6la03/practice/questions.js,quiz/year-6/english/ac9e6la03/practice/questions.js,practice below 24; dedicated test below 16; practice and test load the same source; 8 practice/test duplicate prompts; generic curriculum-description items; truncated prompt or answer text; missing summary + hint feedback
AC9E6LA04,6,english,8,8,false,false,true,8,16,16,16,0,0,0,0,0,quiz/year-6/english/ac9e6la04/practice/questions.js,quiz/year-6/english/ac9e6la04/practice/questions.js,practice below 24; dedicated test below 16; practice and test load the same source; 8 practice/test duplicate prompts; generic curriculum-description items; truncated prompt or answer text; missing summary + hint feedback
AC9E6LA05,6,english,8,8,false,false,true,8,16,16,16,0,0,0,0,0,quiz/year-6/english/ac9e6la05/practice/questions.js,quiz/year-6/english/ac9e6la05/practice/questions.js,practice below 24; dedicated test below 16; practice and test load the same source; 8 practice/test duplicate prompts; generic curriculum-description items; truncated prompt or answer text; missing summary + hint feedback
AC9E6LA06,6,english,8,8,false,false,true,8,16,16,16,0,0,0,0,0,quiz/year-6/english/ac9e6la06/practice/questions.js,quiz/year-6/english/ac9e6la06/practice/questions.js,practice below 24; dedicated test below 16; practice and test load the same source; 8 practice/test duplicate prompts; generic curriculum-description items; truncated prompt or answer text; missing summary + hint feedback
AC9E6LA07,6,english,8,8,false,false,true,8,16,16,16,0,0,0,0,0,quiz/year-6/english/ac9e6la07/practice/questions.js,quiz/year-6/english/ac9e6la07/practice/questions.js,practice below 24; dedicated test below 16; practice and test load the same source; 8 practice/test duplicate prompts; generic curriculum-description items; truncated prompt or answer text; missing summary + hint feedback
AC9E6LA08,6,english,8,8,false,false,true,8,16,16,16,0,0,0,0,0,quiz/year-6/english/ac9e6la08/practice/questions.js,quiz/year-6/english/ac9e6la08/practice/questions.js,practice below 24; dedicated test below 16; practice and test load the same source; 8 practice/test duplicate prompts; generic curriculum-description items; truncated prompt or answer text; missing summary + hint feedback
AC9E6LA09,6,english,8,8,false,false,true,8,16,16,16,0,0,0,0,0,quiz/year-6/english/ac9e6la09/practice/questions.js,quiz/year-6/english/ac9e6la09/practice/questions.js,practice below 24; dedicated test below 16; practice and test load the same source; 8 practice/test duplicate prompts; generic curriculum-description items; truncated prompt or answer text; missing summary + hint feedback
AC9E6LE01,6,english,8,8,false,false,true,8,16,16,16,0,0,0,0,0,quiz/year-6/english/ac9e6le01/practice/questions.js,quiz/year-6/english/ac9e6le01/practice/questions.js,practice below 24; dedicated test below 16; practice and test load the same source; 8 practice/test duplicate prompts; generic curriculum-description items; truncated prompt or answer text; missing summary + hint feedback
AC9E6LE02,6,english,8,8,false,false,true,8,16,16,16,0,0,0,0,0,quiz/year-6/english/ac9e6le02/practice/questions.js,quiz/year-6/english/ac9e6le02/practice/questions.js,practice below 24; dedicated test below 16; practice and test load the same source; 8 practice/test duplicate prompts; generic curriculum-description items; truncated prompt or answer text; missing summary + hint feedback
AC9E6LE03,6,english,8,8,false,false,true,8,16,16,16,0,0,0,0,0,quiz/year-6/english/ac9e6le03/practice/questions.js,quiz/year-6/english/ac9e6le03/practice/questions.js,practice below 24; dedicated test below 16; practice and test load the same source; 8 practice/test duplicate prompts; generic curriculum-description items; truncated prompt or answer text; missing summary + hint feedback
AC9E6LE04,6,english,8,8,false,false,true,8,16,16,16,0,0,0,0,0,quiz/year-6/english/ac9e6le04/practice/questions.js,quiz/year-6/english/ac9e6le04/practice/questions.js,practice below 24; dedicated test below 16; practice and test load the same source; 8 practice/test duplicate prompts; generic curriculum-description items; truncated prompt or answer text; missing summary + hint feedback
AC9E6LE05,6,english,8,8,false,false,true,8,16,16,16,0,0,0,0,0,quiz/year-6/english/ac9e6le05/practice/questions.js,quiz/year-6/english/ac9e6le05/practice/questions.js,practice below 24; dedicated test below 16; practice and test load the same source; 8 practice/test duplicate prompts; generic curriculum-description items; truncated prompt or answer text; missing summary + hint feedback
AC9E6LY01,6,english,8,8,false,false,true,8,16,16,16,0,0,0,0,0,quiz/year-6/english/ac9e6ly01/practice/questions.js,quiz/year-6/english/ac9e6ly01/practice/questions.js,practice below 24; dedicated test below 16; practice and test load the same source; 8 practice/test duplicate prompts; generic curriculum-description items; truncated prompt or answer text; missing summary + hint feedback
AC9E6LY02,6,english,8,8,false,false,true,8,16,16,16,0,0,0,0,0,quiz/year-6/english/ac9e6ly02/practice/questions.js,quiz/year-6/english/ac9e6ly02/practice/questions.js,practice below 24; dedicated test below 16; practice and test load the same source; 8 practice/test duplicate prompts; generic curriculum-description items; truncated prompt or answer text; missing summary + hint feedback
AC9E6LY03,6,english,8,8,false,false,true,8,16,16,16,0,0,0,0,0,quiz/year-6/english/ac9e6ly03/practice/questions.js,quiz/year-6/english/ac9e6ly03/practice/questions.js,practice below 24; dedicated test below 16; practice and test load the same source; 8 practice/test duplicate prompts; generic curriculum-description items; truncated prompt or answer text; missing summary + hint feedback
AC9E6LY04,6,english,8,8,false,false,true,8,16,16,16,0,0,0,0,0,quiz/year-6/english/ac9e6ly04/practice/questions.js,quiz/year-6/english/ac9e6ly04/practice/questions.js,practice below 24; dedicated test below 16; practice and test load the same source; 8 practice/test duplicate prompts; generic curriculum-description items; truncated prompt or answer text; missing summary + hint feedback
AC9E6LY05,6,english,8,8,false,false,true,8,16,16,16,0,0,0,0,0,quiz/year-6/english/ac9e6ly05/practice/questions.js,quiz/year-6/english/ac9e6ly05/practice/questions.js,practice below 24; dedicated test below 16; practice and test load the same source; 8 practice/test duplicate prompts; generic curriculum-description items; truncated prompt or answer text; missing summary + hint feedback
AC9E6LY06,6,english,8,8,false,false,true,8,16,16,16,0,0,0,0,0,quiz/year-6/english/ac9e6ly06/practice/questions.js,quiz/year-6/english/ac9e6ly06/practice/questions.js,practice below 24; dedicated test below 16; practice and test load the same source; 8 practice/test duplicate prompts; generic curriculum-description items; truncated prompt or answer text; missing summary + hint feedback
AC9E6LY07,6,english,8,8,false,false,true,8,16,16,16,0,0,0,0,0,quiz/year-6/english/ac9e6ly07/practice/questions.js,quiz/year-6/english/ac9e6ly07/practice/questions.js,practice below 24; dedicated test below 16; practice and test load the same source; 8 practice/test duplicate prompts; generic curriculum-description items; truncated prompt or answer text; missing summary + hint feedback
AC9E6LY08,6,english,8,8,false,false,true,8,16,16,16,0,0,0,0,0,quiz/year-6/english/ac9e6ly08/practice/questions.js,quiz/year-6/english/ac9e6ly08/practice/questions.js,practice below 24; dedicated test below 16; practice and test load the same source; 8 practice/test duplicate prompts; generic curriculum-description items; truncated prompt or answer text; missing summary + hint feedback
AC9E6LY09,6,english,8,8,false,false,true,8,16,16,16,0,0,0,0,0,quiz/year-6/english/ac9e6ly09/practice/questions.js,quiz/year-6/english/ac9e6ly09/practice/questions.js,practice below 24; dedicated test below 16; practice and test load the same source; 8 practice/test duplicate prompts; generic curriculum-description items; truncated prompt or answer text; missing summary + hint feedback
AC9M7A01,7,math,56,56,false,false,true,56,0,0,112,0,0,0,56,56,quiz/year-7/math/ac9m7a01/practice/questions.js,quiz/year-7/math/ac9m7a01/practice/questions.js,dedicated test below 16; practice and test load the same source; 56 practice/test duplicate prompts; missing summary + hint feedback; correct-answer position imbalance
AC9M7A02,7,math,8,8,false,false,true,8,16,16,16,0,0,0,0,0,quiz/year-7/math/ac9m7a02/practice/questions.js,quiz/year-7/math/ac9m7a02/practice/questions.js,practice below 24; dedicated test below 16; practice and test load the same source; 8 practice/test duplicate prompts; generic curriculum-description items; truncated prompt or answer text; missing summary + hint feedback
AC9M7A03,7,math,8,8,false,false,true,8,16,16,16,0,0,0,0,0,quiz/year-7/math/ac9m7a03/practice/questions.js,quiz/year-7/math/ac9m7a03/practice/questions.js,practice below 24; dedicated test below 16; practice and test load the same source; 8 practice/test duplicate prompts; generic curriculum-description items; truncated prompt or answer text; missing summary + hint feedback
AC9M7A04,7,math,8,8,false,false,true,8,16,16,16,0,0,0,0,0,quiz/year-7/math/ac9m7a04/practice/questions.js,quiz/year-7/math/ac9m7a04/practice/questions.js,practice below 24; dedicated test below 16; practice and test load the same source; 8 practice/test duplicate prompts; generic curriculum-description items; truncated prompt or answer text; missing summary + hint feedback
AC9M7A05,7,math,8,8,false,false,true,8,16,16,16,0,0,0,0,0,quiz/year-7/math/ac9m7a05/practice/questions.js,quiz/year-7/math/ac9m7a05/practice/questions.js,practice below 24; dedicated test below 16; practice and test load the same source; 8 practice/test duplicate prompts; generic curriculum-description items; truncated prompt or answer text; missing summary + hint feedback
AC9M7A06,7,math,8,8,false,false,true,8,16,16,16,0,0,0,0,0,quiz/year-7/math/ac9m7a06/practice/questions.js,quiz/year-7/math/ac9m7a06/practice/questions.js,practice below 24; dedicated test below 16; practice and test load the same source; 8 practice/test duplicate prompts; generic curriculum-description items; truncated prompt or answer text; missing summary + hint feedback
AC9M7M01,7,math,8,8,false,false,true,8,16,16,16,0,0,0,0,0,quiz/year-7/math/ac9m7m01/practice/questions.js,quiz/year-7/math/ac9m7m01/practice/questions.js,practice below 24; dedicated test below 16; practice and test load the same source; 8 practice/test duplicate prompts; generic curriculum-description items; truncated prompt or answer text; missing summary + hint feedback
AC9M7M02,7,math,8,8,false,false,true,8,16,16,16,0,0,0,0,0,quiz/year-7/math/ac9m7m02/practice/questions.js,quiz/year-7/math/ac9m7m02/practice/questions.js,practice below 24; dedicated test below 16; practice and test load the same source; 8 practice/test duplicate prompts; generic curriculum-description items; truncated prompt or answer text; missing summary + hint feedback
AC9M7M03,7,math,8,8,false,false,true,8,16,16,16,0,0,0,0,0,quiz/year-7/math/ac9m7m03/practice/questions.js,quiz/year-7/math/ac9m7m03/practice/questions.js,practice below 24; dedicated test below 16; practice and test load the same source; 8 practice/test duplicate prompts; generic curriculum-description items; truncated prompt or answer text; missing summary + hint feedback
AC9M7M04,7,math,8,8,false,false,true,8,16,16,16,0,0,0,0,0,quiz/year-7/math/ac9m7m04/practice/questions.js,quiz/year-7/math/ac9m7m04/practice/questions.js,practice below 24; dedicated test below 16; practice and test load the same source; 8 practice/test duplicate prompts; generic curriculum-description items; truncated prompt or answer text; missing summary + hint feedback
AC9M7M05,7,math,8,8,false,false,true,8,16,16,16,0,0,0,0,0,quiz/year-7/math/ac9m7m05/practice/questions.js,quiz/year-7/math/ac9m7m05/practice/questions.js,practice below 24; dedicated test below 16; practice and test load the same source; 8 practice/test duplicate prompts; generic curriculum-description items; truncated prompt or answer text; missing summary + hint feedback
AC9M7M06,7,math,8,8,false,false,true,8,16,16,16,0,0,0,0,0,quiz/year-7/math/ac9m7m06/practice/questions.js,quiz/year-7/math/ac9m7m06/practice/questions.js,practice below 24; dedicated test below 16; practice and test load the same source; 8 practice/test duplicate prompts; generic curriculum-description items; truncated prompt or answer text; missing summary + hint feedback
AC9M7N01,7,math,8,8,false,false,true,8,16,16,16,0,0,0,0,0,quiz/year-7/math/ac9m7n01/practice/questions.js,quiz/year-7/math/ac9m7n01/practice/questions.js,practice below 24; dedicated test below 16; practice and test load the same source; 8 practice/test duplicate prompts; generic curriculum-description items; truncated prompt or answer text; missing summary + hint feedback
AC9M7N02,7,math,56,56,false,false,true,56,0,0,112,0,0,0,56,56,quiz/year-7/math/ac9m7n02/practice/questions.js,quiz/year-7/math/ac9m7n02/practice/questions.js,dedicated test below 16; practice and test load the same source; 56 practice/test duplicate prompts; missing summary + hint feedback; correct-answer position imbalance
AC9M7N03,7,math,56,56,false,false,true,56,0,0,112,0,0,0,56,56,quiz/year-7/math/ac9m7n03/practice/questions.js,quiz/year-7/math/ac9m7n03/practice/questions.js,dedicated test below 16; practice and test load the same source; 56 practice/test duplicate prompts; missing summary + hint feedback; correct-answer position imbalance
AC9M7N04,7,math,56,56,false,false,true,56,0,0,112,0,0,0,56,56,quiz/year-7/math/ac9m7n04/practice/questions.js,quiz/year-7/math/ac9m7n04/practice/questions.js,dedicated test below 16; practice and test load the same source; 56 practice/test duplicate prompts; missing summary + hint feedback; correct-answer position imbalance
AC9M7N05,7,math,56,56,false,false,true,56,0,0,112,0,0,0,56,56,quiz/year-7/math/ac9m7n05/practice/questions.js,quiz/year-7/math/ac9m7n05/practice/questions.js,dedicated test below 16; practice and test load the same source; 56 practice/test duplicate prompts; missing summary + hint feedback; correct-answer position imbalance
AC9M7N06,7,math,56,56,false,false,true,56,0,0,112,0,0,0,56,56,quiz/year-7/math/ac9m7n06/practice/questions.js,quiz/year-7/math/ac9m7n06/practice/questions.js,dedicated test below 16; practice and test load the same source; 56 practice/test duplicate prompts; missing summary + hint feedback; correct-answer position imbalance
AC9M7N07,7,math,56,56,false,false,true,56,0,0,112,0,0,0,56,56,quiz/year-7/math/ac9m7n07/practice/questions.js,quiz/year-7/math/ac9m7n07/practice/questions.js,dedicated test below 16; practice and test load the same source; 56 practice/test duplicate prompts; duplicate prompts within a bank; missing summary + hint feedback; correct-answer position imbalance
AC9M7N08,7,math,56,56,false,false,true,56,0,0,112,0,0,0,56,56,quiz/year-7/math/ac9m7n08/practice/questions.js,quiz/year-7/math/ac9m7n08/practice/questions.js,dedicated test below 16; practice and test load the same source; 56 practice/test duplicate prompts; missing summary + hint feedback; correct-answer position imbalance
AC9M7N09,7,math,56,56,false,false,true,56,0,0,112,0,0,0,56,56,quiz/year-7/math/ac9m7n09/practice/questions.js,quiz/year-7/math/ac9m7n09/practice/questions.js,dedicated test below 16; practice and test load the same source; 56 practice/test duplicate prompts; missing summary + hint feedback; correct-answer position imbalance
AC9M7P01,7,math,8,8,false,false,true,8,16,16,16,0,0,0,0,0,quiz/year-7/math/ac9m7p01/practice/questions.js,quiz/year-7/math/ac9m7p01/practice/questions.js,practice below 24; dedicated test below 16; practice and test load the same source; 8 practice/test duplicate prompts; generic curriculum-description items; truncated prompt or answer text; missing summary + hint feedback
AC9M7P02,7,math,8,8,false,false,true,8,16,16,16,0,0,0,0,0,quiz/year-7/math/ac9m7p02/practice/questions.js,quiz/year-7/math/ac9m7p02/practice/questions.js,practice below 24; dedicated test below 16; practice and test load the same source; 8 practice/test duplicate prompts; generic curriculum-description items; truncated prompt or answer text; missing summary + hint feedback
AC9M7SP01,7,math,8,8,false,false,true,8,16,16,16,0,0,0,0,0,quiz/year-7/math/ac9m7sp01/practice/questions.js,quiz/year-7/math/ac9m7sp01/practice/questions.js,practice below 24; dedicated test below 16; practice and test load the same source; 8 practice/test duplicate prompts; generic curriculum-description items; truncated prompt or answer text; missing summary + hint feedback
AC9M7SP02,7,math,8,8,false,false,true,8,16,16,16,0,0,0,0,0,quiz/year-7/math/ac9m7sp02/practice/questions.js,quiz/year-7/math/ac9m7sp02/practice/questions.js,practice below 24; dedicated test below 16; practice and test load the same source; 8 practice/test duplicate prompts; generic curriculum-description items; truncated prompt or answer text; missing summary + hint feedback
AC9M7SP03,7,math,8,8,false,false,true,8,16,16,16,0,0,0,0,0,quiz/year-7/math/ac9m7sp03/practice/questions.js,quiz/year-7/math/ac9m7sp03/practice/questions.js,practice below 24; dedicated test below 16; practice and test load the same source; 8 practice/test duplicate prompts; generic curriculum-description items; truncated prompt or answer text; missing summary + hint feedback
AC9M7SP04,7,math,8,8,false,false,true,8,16,16,16,0,0,0,0,0,quiz/year-7/math/ac9m7sp04/practice/questions.js,quiz/year-7/math/ac9m7sp04/practice/questions.js,practice below 24; dedicated test below 16; practice and test load the same source; 8 practice/test duplicate prompts; generic curriculum-description items; truncated prompt or answer text; missing summary + hint feedback
AC9M7ST01,7,math,8,8,false,false,true,8,16,16,16,0,0,0,0,0,quiz/year-7/math/ac9m7st01/practice/questions.js,quiz/year-7/math/ac9m7st01/practice/questions.js,practice below 24; dedicated test below 16; practice and test load the same source; 8 practice/test duplicate prompts; generic curriculum-description items; truncated prompt or answer text; missing summary + hint feedback
AC9M7ST02,7,math,8,8,false,false,true,8,16,16,16,0,0,0,0,0,quiz/year-7/math/ac9m7st02/practice/questions.js,quiz/year-7/math/ac9m7st02/practice/questions.js,practice below 24; dedicated test below 16; practice and test load the same source; 8 practice/test duplicate prompts; generic curriculum-description items; truncated prompt or answer text; missing summary + hint feedback
AC9M7ST03,7,math,8,8,false,false,true,8,16,16,16,0,0,0,0,0,quiz/year-7/math/ac9m7st03/practice/questions.js,quiz/year-7/math/ac9m7st03/practice/questions.js,practice below 24; dedicated test below 16; practice and test load the same source; 8 practice/test duplicate prompts; generic curriculum-description items; truncated prompt or answer text; missing summary + hint feedback
AC9S7H01,7,science,8,8,false,false,true,8,16,16,16,0,0,0,0,0,quiz/year-7/science/ac9s7h01/practice/questions.js,quiz/year-7/science/ac9s7h01/practice/questions.js,practice below 24; dedicated test below 16; practice and test load the same source; 8 practice/test duplicate prompts; generic curriculum-description items; truncated prompt or answer text; missing summary + hint feedback
AC9S7H02,7,science,8,8,false,false,true,8,16,16,16,0,0,0,0,0,quiz/year-7/science/ac9s7h02/practice/questions.js,quiz/year-7/science/ac9s7h02/practice/questions.js,practice below 24; dedicated test below 16; practice and test load the same source; 8 practice/test duplicate prompts; generic curriculum-description items; truncated prompt or answer text; missing summary + hint feedback
AC9S7H03,7,science,8,8,false,false,true,8,16,16,16,0,0,0,0,0,quiz/year-7/science/ac9s7h03/practice/questions.js,quiz/year-7/science/ac9s7h03/practice/questions.js,practice below 24; dedicated test below 16; practice and test load the same source; 8 practice/test duplicate prompts; generic curriculum-description items; truncated prompt or answer text; missing summary + hint feedback
AC9S7H04,7,science,8,8,false,false,true,8,16,16,16,0,0,0,0,0,quiz/year-7/science/ac9s7h04/practice/questions.js,quiz/year-7/science/ac9s7h04/practice/questions.js,practice below 24; dedicated test below 16; practice and test load the same source; 8 practice/test duplicate prompts; generic curriculum-description items; truncated prompt or answer text; missing summary + hint feedback
AC9S7I01,7,science,8,8,false,false,true,8,16,16,16,0,0,0,0,0,quiz/year-7/science/ac9s7i01/practice/questions.js,quiz/year-7/science/ac9s7i01/practice/questions.js,practice below 24; dedicated test below 16; practice and test load the same source; 8 practice/test duplicate prompts; generic curriculum-description items; truncated prompt or answer text; missing summary + hint feedback
AC9S7I02,7,science,8,8,false,false,true,8,16,16,16,0,0,0,0,0,quiz/year-7/science/ac9s7i02/practice/questions.js,quiz/year-7/science/ac9s7i02/practice/questions.js,practice below 24; dedicated test below 16; practice and test load the same source; 8 practice/test duplicate prompts; generic curriculum-description items; truncated prompt or answer text; missing summary + hint feedback
AC9S7I03,7,science,8,8,false,false,true,8,16,16,16,0,0,0,0,0,quiz/year-7/science/ac9s7i03/practice/questions.js,quiz/year-7/science/ac9s7i03/practice/questions.js,practice below 24; dedicated test below 16; practice and test load the same source; 8 practice/test duplicate prompts; generic curriculum-description items; truncated prompt or answer text; missing summary + hint feedback
AC9S7I04,7,science,8,8,false,false,true,8,16,16,16,0,0,0,0,0,quiz/year-7/science/ac9s7i04/practice/questions.js,quiz/year-7/science/ac9s7i04/practice/questions.js,practice below 24; dedicated test below 16; practice and test load the same source; 8 practice/test duplicate prompts; generic curriculum-description items; truncated prompt or answer text; missing summary + hint feedback
AC9S7I05,7,science,8,8,false,false,true,8,16,16,16,0,0,0,0,0,quiz/year-7/science/ac9s7i05/practice/questions.js,quiz/year-7/science/ac9s7i05/practice/questions.js,practice below 24; dedicated test below 16; practice and test load the same source; 8 practice/test duplicate prompts; generic curriculum-description items; truncated prompt or answer text; missing summary + hint feedback
AC9S7I06,7,science,8,8,false,false,true,8,16,16,16,0,0,0,0,0,quiz/year-7/science/ac9s7i06/practice/questions.js,quiz/year-7/science/ac9s7i06/practice/questions.js,practice below 24; dedicated test below 16; practice and test load the same source; 8 practice/test duplicate prompts; generic curriculum-description items; truncated prompt or answer text; missing summary + hint feedback
AC9S7I07,7,science,8,8,false,false,true,8,16,16,16,0,0,0,0,0,quiz/year-7/science/ac9s7i07/practice/questions.js,quiz/year-7/science/ac9s7i07/practice/questions.js,practice below 24; dedicated test below 16; practice and test load the same source; 8 practice/test duplicate prompts; generic curriculum-description items; truncated prompt or answer text; missing summary + hint feedback
AC9S7I08,7,science,8,8,false,false,true,8,16,16,16,0,0,0,0,0,quiz/year-7/science/ac9s7i08/practice/questions.js,quiz/year-7/science/ac9s7i08/practice/questions.js,practice below 24; dedicated test below 16; practice and test load the same source; 8 practice/test duplicate prompts; generic curriculum-description items; truncated prompt or answer text; missing summary + hint feedback
AC9S7U01,7,science,8,8,false,false,true,8,16,16,16,0,0,0,0,0,quiz/year-7/science/ac9s7u01/practice/questions.js,quiz/year-7/science/ac9s7u01/practice/questions.js,practice below 24; dedicated test below 16; practice and test load the same source; 8 practice/test duplicate prompts; generic curriculum-description items; truncated prompt or answer text; missing summary + hint feedback
AC9S7U02,7,science,8,8,false,false,true,8,16,16,16,0,0,0,0,0,quiz/year-7/science/ac9s7u02/practice/questions.js,quiz/year-7/science/ac9s7u02/practice/questions.js,practice below 24; dedicated test below 16; practice and test load the same source; 8 practice/test duplicate prompts; generic curriculum-description items; truncated prompt or answer text; missing summary + hint feedback
AC9S7U03,7,science,8,8,false,false,true,8,16,16,16,0,0,0,0,0,quiz/year-7/science/ac9s7u03/practice/questions.js,quiz/year-7/science/ac9s7u03/practice/questions.js,practice below 24; dedicated test below 16; practice and test load the same source; 8 practice/test duplicate prompts; generic curriculum-description items; truncated prompt or answer text; missing summary + hint feedback
AC9S7U04,7,science,8,8,false,false,true,8,16,16,16,0,0,0,0,0,quiz/year-7/science/ac9s7u04/practice/questions.js,quiz/year-7/science/ac9s7u04/practice/questions.js,practice below 24; dedicated test below 16; practice and test load the same source; 8 practice/test duplicate prompts; generic curriculum-description items; truncated prompt or answer text; missing summary + hint feedback
AC9S7U05,7,science,8,8,false,false,true,8,16,16,16,0,0,0,0,0,quiz/year-7/science/ac9s7u05/practice/questions.js,quiz/year-7/science/ac9s7u05/practice/questions.js,practice below 24; dedicated test below 16; practice and test load the same source; 8 practice/test duplicate prompts; generic curriculum-description items; truncated prompt or answer text; missing summary + hint feedback
AC9S7U06,7,science,8,8,false,false,true,8,16,16,16,0,0,0,0,0,quiz/year-7/science/ac9s7u06/practice/questions.js,quiz/year-7/science/ac9s7u06/practice/questions.js,practice below 24; dedicated test below 16; practice and test load the same source; 8 practice/test duplicate prompts; generic curriculum-description items; truncated prompt or answer text; missing summary + hint feedback
AC9E7LA01,7,english,8,8,false,false,true,8,16,16,16,0,0,0,0,0,quiz/year-7/english/ac9e7la01/practice/questions.js,quiz/year-7/english/ac9e7la01/practice/questions.js,practice below 24; dedicated test below 16; practice and test load the same source; 8 practice/test duplicate prompts; generic curriculum-description items; truncated prompt or answer text; missing summary + hint feedback
AC9E7LA02,7,english,8,8,false,false,true,8,16,16,16,0,0,0,0,0,quiz/year-7/english/ac9e7la02/practice/questions.js,quiz/year-7/english/ac9e7la02/practice/questions.js,practice below 24; dedicated test below 16; practice and test load the same source; 8 practice/test duplicate prompts; generic curriculum-description items; truncated prompt or answer text; missing summary + hint feedback
AC9E7LA03,7,english,8,8,false,false,true,8,16,16,16,0,0,0,0,0,quiz/year-7/english/ac9e7la03/practice/questions.js,quiz/year-7/english/ac9e7la03/practice/questions.js,practice below 24; dedicated test below 16; practice and test load the same source; 8 practice/test duplicate prompts; generic curriculum-description items; truncated prompt or answer text; missing summary + hint feedback
AC9E7LA04,7,english,8,8,false,false,true,8,16,16,16,0,0,0,0,0,quiz/year-7/english/ac9e7la04/practice/questions.js,quiz/year-7/english/ac9e7la04/practice/questions.js,practice below 24; dedicated test below 16; practice and test load the same source; 8 practice/test duplicate prompts; generic curriculum-description items; truncated prompt or answer text; missing summary + hint feedback
AC9E7LA05,7,english,8,8,false,false,true,8,16,16,16,0,0,0,0,0,quiz/year-7/english/ac9e7la05/practice/questions.js,quiz/year-7/english/ac9e7la05/practice/questions.js,practice below 24; dedicated test below 16; practice and test load the same source; 8 practice/test duplicate prompts; generic curriculum-description items; truncated prompt or answer text; missing summary + hint feedback
AC9E7LA06,7,english,8,8,false,false,true,8,16,16,16,0,0,0,0,0,quiz/year-7/english/ac9e7la06/practice/questions.js,quiz/year-7/english/ac9e7la06/practice/questions.js,practice below 24; dedicated test below 16; practice and test load the same source; 8 practice/test duplicate prompts; generic curriculum-description items; truncated prompt or answer text; missing summary + hint feedback
AC9E7LA07,7,english,8,8,false,false,true,8,16,16,16,0,0,0,0,0,quiz/year-7/english/ac9e7la07/practice/questions.js,quiz/year-7/english/ac9e7la07/practice/questions.js,practice below 24; dedicated test below 16; practice and test load the same source; 8 practice/test duplicate prompts; generic curriculum-description items; truncated prompt or answer text; missing summary + hint feedback
AC9E7LA08,7,english,8,8,false,false,true,8,16,16,16,0,0,0,0,0,quiz/year-7/english/ac9e7la08/practice/questions.js,quiz/year-7/english/ac9e7la08/practice/questions.js,practice below 24; dedicated test below 16; practice and test load the same source; 8 practice/test duplicate prompts; generic curriculum-description items; truncated prompt or answer text; missing summary + hint feedback
AC9E7LA09,7,english,8,8,false,false,true,8,16,16,16,0,0,0,0,0,quiz/year-7/english/ac9e7la09/practice/questions.js,quiz/year-7/english/ac9e7la09/practice/questions.js,practice below 24; dedicated test below 16; practice and test load the same source; 8 practice/test duplicate prompts; generic curriculum-description items; truncated prompt or answer text; missing summary + hint feedback
AC9E7LE01,7,english,8,8,false,false,true,8,16,16,16,0,0,0,0,0,quiz/year-7/english/ac9e7le01/practice/questions.js,quiz/year-7/english/ac9e7le01/practice/questions.js,practice below 24; dedicated test below 16; practice and test load the same source; 8 practice/test duplicate prompts; generic curriculum-description items; truncated prompt or answer text; missing summary + hint feedback
AC9E7LE02,7,english,8,8,false,false,true,8,16,16,16,0,0,0,0,0,quiz/year-7/english/ac9e7le02/practice/questions.js,quiz/year-7/english/ac9e7le02/practice/questions.js,practice below 24; dedicated test below 16; practice and test load the same source; 8 practice/test duplicate prompts; generic curriculum-description items; truncated prompt or answer text; missing summary + hint feedback
AC9E7LE03,7,english,8,8,false,false,true,8,16,16,16,0,0,0,0,0,quiz/year-7/english/ac9e7le03/practice/questions.js,quiz/year-7/english/ac9e7le03/practice/questions.js,practice below 24; dedicated test below 16; practice and test load the same source; 8 practice/test duplicate prompts; generic curriculum-description items; truncated prompt or answer text; missing summary + hint feedback
AC9E7LE04,7,english,8,8,false,false,true,8,16,16,16,0,0,0,0,0,quiz/year-7/english/ac9e7le04/practice/questions.js,quiz/year-7/english/ac9e7le04/practice/questions.js,practice below 24; dedicated test below 16; practice and test load the same source; 8 practice/test duplicate prompts; generic curriculum-description items; truncated prompt or answer text; missing summary + hint feedback
AC9E7LE05,7,english,8,8,false,false,true,8,16,16,16,0,0,0,0,0,quiz/year-7/english/ac9e7le05/practice/questions.js,quiz/year-7/english/ac9e7le05/practice/questions.js,practice below 24; dedicated test below 16; practice and test load the same source; 8 practice/test duplicate prompts; generic curriculum-description items; truncated prompt or answer text; missing summary + hint feedback
AC9E7LE06,7,english,8,8,false,false,true,8,16,16,16,0,0,0,0,0,quiz/year-7/english/ac9e7le06/practice/questions.js,quiz/year-7/english/ac9e7le06/practice/questions.js,practice below 24; dedicated test below 16; practice and test load the same source; 8 practice/test duplicate prompts; generic curriculum-description items; truncated prompt or answer text; missing summary + hint feedback
AC9E7LE07,7,english,8,8,false,false,true,8,16,16,16,0,0,0,0,0,quiz/year-7/english/ac9e7le07/practice/questions.js,quiz/year-7/english/ac9e7le07/practice/questions.js,practice below 24; dedicated test below 16; practice and test load the same source; 8 practice/test duplicate prompts; generic curriculum-description items; truncated prompt or answer text; missing summary + hint feedback
AC9E7LY01,7,english,8,8,false,false,true,8,16,16,16,0,0,0,0,0,quiz/year-7/english/ac9e7ly01/practice/questions.js,quiz/year-7/english/ac9e7ly01/practice/questions.js,practice below 24; dedicated test below 16; practice and test load the same source; 8 practice/test duplicate prompts; generic curriculum-description items; truncated prompt or answer text; missing summary + hint feedback
AC9E7LY02,7,english,8,8,false,false,true,8,16,16,16,0,0,0,0,0,quiz/year-7/english/ac9e7ly02/practice/questions.js,quiz/year-7/english/ac9e7ly02/practice/questions.js,practice below 24; dedicated test below 16; practice and test load the same source; 8 practice/test duplicate prompts; generic curriculum-description items; truncated prompt or answer text; missing summary + hint feedback
AC9E7LY03,7,english,8,8,false,false,true,8,16,16,16,0,0,0,0,0,quiz/year-7/english/ac9e7ly03/practice/questions.js,quiz/year-7/english/ac9e7ly03/practice/questions.js,practice below 24; dedicated test below 16; practice and test load the same source; 8 practice/test duplicate prompts; generic curriculum-description items; truncated prompt or answer text; missing summary + hint feedback
AC9E7LY04,7,english,8,8,false,false,true,8,16,16,16,0,0,0,0,0,quiz/year-7/english/ac9e7ly04/practice/questions.js,quiz/year-7/english/ac9e7ly04/practice/questions.js,practice below 24; dedicated test below 16; practice and test load the same source; 8 practice/test duplicate prompts; generic curriculum-description items; truncated prompt or answer text; missing summary + hint feedback
AC9E7LY05,7,english,8,8,false,false,true,8,16,16,16,0,0,0,0,0,quiz/year-7/english/ac9e7ly05/practice/questions.js,quiz/year-7/english/ac9e7ly05/practice/questions.js,practice below 24; dedicated test below 16; practice and test load the same source; 8 practice/test duplicate prompts; generic curriculum-description items; truncated prompt or answer text; missing summary + hint feedback
AC9E7LY06,7,english,8,8,false,false,true,8,16,16,16,0,0,0,0,0,quiz/year-7/english/ac9e7ly06/practice/questions.js,quiz/year-7/english/ac9e7ly06/practice/questions.js,practice below 24; dedicated test below 16; practice and test load the same source; 8 practice/test duplicate prompts; generic curriculum-description items; truncated prompt or answer text; missing summary + hint feedback
AC9E7LY07,7,english,8,8,false,false,true,8,16,16,16,0,0,0,0,0,quiz/year-7/english/ac9e7ly07/practice/questions.js,quiz/year-7/english/ac9e7ly07/practice/questions.js,practice below 24; dedicated test below 16; practice and test load the same source; 8 practice/test duplicate prompts; generic curriculum-description items; truncated prompt or answer text; missing summary + hint feedback
AC9E7LY08,7,english,8,8,false,false,true,8,16,16,16,0,0,0,0,0,quiz/year-7/english/ac9e7ly08/practice/questions.js,quiz/year-7/english/ac9e7ly08/practice/questions.js,practice below 24; dedicated test below 16; practice and test load the same source; 8 practice/test duplicate prompts; generic curriculum-description items; truncated prompt or answer text; missing summary + hint feedback
AC9M8A01,8,math,8,8,false,false,true,8,16,16,16,0,0,0,0,0,quiz/year-8/math/ac9m8a01/practice/questions.js,quiz/year-8/math/ac9m8a01/practice/questions.js,practice below 24; dedicated test below 16; practice and test load the same source; 8 practice/test duplicate prompts; generic curriculum-description items; truncated prompt or answer text; missing summary + hint feedback
AC9M8A02,8,math,8,8,false,false,true,8,16,16,16,0,0,0,0,0,quiz/year-8/math/ac9m8a02/practice/questions.js,quiz/year-8/math/ac9m8a02/practice/questions.js,practice below 24; dedicated test below 16; practice and test load the same source; 8 practice/test duplicate prompts; generic curriculum-description items; truncated prompt or answer text; missing summary + hint feedback
AC9M8A03,8,math,8,8,false,false,true,8,16,16,16,0,0,0,0,0,quiz/year-8/math/ac9m8a03/practice/questions.js,quiz/year-8/math/ac9m8a03/practice/questions.js,practice below 24; dedicated test below 16; practice and test load the same source; 8 practice/test duplicate prompts; generic curriculum-description items; truncated prompt or answer text; missing summary + hint feedback
AC9M8A04,8,math,8,8,false,false,true,8,16,16,16,0,0,0,0,0,quiz/year-8/math/ac9m8a04/practice/questions.js,quiz/year-8/math/ac9m8a04/practice/questions.js,practice below 24; dedicated test below 16; practice and test load the same source; 8 practice/test duplicate prompts; generic curriculum-description items; truncated prompt or answer text; missing summary + hint feedback
AC9M8M01,8,math,8,8,false,false,true,8,16,16,16,0,0,0,0,0,quiz/year-8/math/ac9m8m01/practice/questions.js,quiz/year-8/math/ac9m8m01/practice/questions.js,practice below 24; dedicated test below 16; practice and test load the same source; 8 practice/test duplicate prompts; generic curriculum-description items; truncated prompt or answer text; missing summary + hint feedback
AC9M8M02,8,math,8,8,false,false,true,8,16,16,16,0,0,0,0,0,quiz/year-8/math/ac9m8m02/practice/questions.js,quiz/year-8/math/ac9m8m02/practice/questions.js,practice below 24; dedicated test below 16; practice and test load the same source; 8 practice/test duplicate prompts; generic curriculum-description items; truncated prompt or answer text; missing summary + hint feedback
AC9M8M03,8,math,8,8,false,false,true,8,16,16,16,0,0,0,0,0,quiz/year-8/math/ac9m8m03/practice/questions.js,quiz/year-8/math/ac9m8m03/practice/questions.js,practice below 24; dedicated test below 16; practice and test load the same source; 8 practice/test duplicate prompts; generic curriculum-description items; truncated prompt or answer text; missing summary + hint feedback
AC9M8M04,8,math,8,8,false,false,true,8,16,16,16,0,0,0,0,0,quiz/year-8/math/ac9m8m04/practice/questions.js,quiz/year-8/math/ac9m8m04/practice/questions.js,practice below 24; dedicated test below 16; practice and test load the same source; 8 practice/test duplicate prompts; generic curriculum-description items; truncated prompt or answer text; missing summary + hint feedback
AC9M8M05,8,math,8,8,false,false,true,8,16,16,16,0,0,0,0,0,quiz/year-8/math/ac9m8m05/practice/questions.js,quiz/year-8/math/ac9m8m05/practice/questions.js,practice below 24; dedicated test below 16; practice and test load the same source; 8 practice/test duplicate prompts; generic curriculum-description items; truncated prompt or answer text; missing summary + hint feedback
AC9M8M06,8,math,8,8,false,false,true,8,16,16,16,0,0,0,0,0,quiz/year-8/math/ac9m8m06/practice/questions.js,quiz/year-8/math/ac9m8m06/practice/questions.js,practice below 24; dedicated test below 16; practice and test load the same source; 8 practice/test duplicate prompts; generic curriculum-description items; truncated prompt or answer text; missing summary + hint feedback
AC9M8M07,8,math,8,8,false,false,true,8,16,16,16,0,0,0,0,0,quiz/year-8/math/ac9m8m07/practice/questions.js,quiz/year-8/math/ac9m8m07/practice/questions.js,practice below 24; dedicated test below 16; practice and test load the same source; 8 practice/test duplicate prompts; generic curriculum-description items; truncated prompt or answer text; missing summary + hint feedback
AC9M8N01,8,math,8,8,false,false,true,8,16,16,16,0,0,0,0,0,quiz/year-8/math/ac9m8n01/practice/questions.js,quiz/year-8/math/ac9m8n01/practice/questions.js,practice below 24; dedicated test below 16; practice and test load the same source; 8 practice/test duplicate prompts; generic curriculum-description items; truncated prompt or answer text; missing summary + hint feedback
AC9M8N02,8,math,8,8,false,false,true,8,16,16,16,0,0,0,0,0,quiz/year-8/math/ac9m8n02/practice/questions.js,quiz/year-8/math/ac9m8n02/practice/questions.js,practice below 24; dedicated test below 16; practice and test load the same source; 8 practice/test duplicate prompts; generic curriculum-description items; truncated prompt or answer text; missing summary + hint feedback
AC9M8N03,8,math,8,8,false,false,true,8,16,16,16,0,0,0,0,0,quiz/year-8/math/ac9m8n03/practice/questions.js,quiz/year-8/math/ac9m8n03/practice/questions.js,practice below 24; dedicated test below 16; practice and test load the same source; 8 practice/test duplicate prompts; generic curriculum-description items; truncated prompt or answer text; missing summary + hint feedback
AC9M8N04,8,math,8,8,false,false,true,8,16,16,16,0,0,0,0,0,quiz/year-8/math/ac9m8n04/practice/questions.js,quiz/year-8/math/ac9m8n04/practice/questions.js,practice below 24; dedicated test below 16; practice and test load the same source; 8 practice/test duplicate prompts; generic curriculum-description items; truncated prompt or answer text; missing summary + hint feedback
AC9M8N05,8,math,8,8,false,false,true,8,16,16,16,0,0,0,0,0,quiz/year-8/math/ac9m8n05/practice/questions.js,quiz/year-8/math/ac9m8n05/practice/questions.js,practice below 24; dedicated test below 16; practice and test load the same source; 8 practice/test duplicate prompts; generic curriculum-description items; truncated prompt or answer text; missing summary + hint feedback
AC9M8P01,8,math,8,8,false,false,true,8,16,16,16,0,0,0,0,0,quiz/year-8/math/ac9m8p01/practice/questions.js,quiz/year-8/math/ac9m8p01/practice/questions.js,practice below 24; dedicated test below 16; practice and test load the same source; 8 practice/test duplicate prompts; generic curriculum-description items; truncated prompt or answer text; missing summary + hint feedback
AC9M8P02,8,math,8,8,false,false,true,8,16,16,16,0,0,0,0,0,quiz/year-8/math/ac9m8p02/practice/questions.js,quiz/year-8/math/ac9m8p02/practice/questions.js,practice below 24; dedicated test below 16; practice and test load the same source; 8 practice/test duplicate prompts; generic curriculum-description items; truncated prompt or answer text; missing summary + hint feedback
AC9M8P03,8,math,8,8,false,false,true,8,16,16,16,0,0,0,0,0,quiz/year-8/math/ac9m8p03/practice/questions.js,quiz/year-8/math/ac9m8p03/practice/questions.js,practice below 24; dedicated test below 16; practice and test load the same source; 8 practice/test duplicate prompts; generic curriculum-description items; truncated prompt or answer text; missing summary + hint feedback
AC9M8SP01,8,math,8,8,false,false,true,8,16,16,16,0,0,0,0,0,quiz/year-8/math/ac9m8sp01/practice/questions.js,quiz/year-8/math/ac9m8sp01/practice/questions.js,practice below 24; dedicated test below 16; practice and test load the same source; 8 practice/test duplicate prompts; generic curriculum-description items; truncated prompt or answer text; missing summary + hint feedback
AC9M8SP02,8,math,8,8,false,false,true,8,16,16,16,0,0,0,0,0,quiz/year-8/math/ac9m8sp02/practice/questions.js,quiz/year-8/math/ac9m8sp02/practice/questions.js,practice below 24; dedicated test below 16; practice and test load the same source; 8 practice/test duplicate prompts; generic curriculum-description items; truncated prompt or answer text; missing summary + hint feedback
AC9M8SP03,8,math,8,8,false,false,true,8,16,16,16,0,0,0,0,0,quiz/year-8/math/ac9m8sp03/practice/questions.js,quiz/year-8/math/ac9m8sp03/practice/questions.js,practice below 24; dedicated test below 16; practice and test load the same source; 8 practice/test duplicate prompts; generic curriculum-description items; truncated prompt or answer text; missing summary + hint feedback
AC9M8SP04,8,math,8,8,false,false,true,8,16,16,16,0,0,0,0,0,quiz/year-8/math/ac9m8sp04/practice/questions.js,quiz/year-8/math/ac9m8sp04/practice/questions.js,practice below 24; dedicated test below 16; practice and test load the same source; 8 practice/test duplicate prompts; generic curriculum-description items; truncated prompt or answer text; missing summary + hint feedback
AC9M8ST01,8,math,8,8,false,false,true,8,16,16,16,0,0,0,0,0,quiz/year-8/math/ac9m8st01/practice/questions.js,quiz/year-8/math/ac9m8st01/practice/questions.js,practice below 24; dedicated test below 16; practice and test load the same source; 8 practice/test duplicate prompts; generic curriculum-description items; truncated prompt or answer text; missing summary + hint feedback
AC9M8ST02,8,math,8,8,false,false,true,8,16,16,16,0,0,0,0,0,quiz/year-8/math/ac9m8st02/practice/questions.js,quiz/year-8/math/ac9m8st02/practice/questions.js,practice below 24; dedicated test below 16; practice and test load the same source; 8 practice/test duplicate prompts; generic curriculum-description items; truncated prompt or answer text; missing summary + hint feedback
AC9M8ST03,8,math,8,8,false,false,true,8,16,16,16,0,0,0,0,0,quiz/year-8/math/ac9m8st03/practice/questions.js,quiz/year-8/math/ac9m8st03/practice/questions.js,practice below 24; dedicated test below 16; practice and test load the same source; 8 practice/test duplicate prompts; generic curriculum-description items; truncated prompt or answer text; missing summary + hint feedback
AC9M8ST04,8,math,8,8,false,false,true,8,16,16,16,0,0,0,0,0,quiz/year-8/math/ac9m8st04/practice/questions.js,quiz/year-8/math/ac9m8st04/practice/questions.js,practice below 24; dedicated test below 16; practice and test load the same source; 8 practice/test duplicate prompts; generic curriculum-description items; truncated prompt or answer text; missing summary + hint feedback
AC9S8H01,8,science,8,8,false,false,true,8,16,16,16,0,0,0,0,0,quiz/year-8/science/ac9s8h01/practice/questions.js,quiz/year-8/science/ac9s8h01/practice/questions.js,practice below 24; dedicated test below 16; practice and test load the same source; 8 practice/test duplicate prompts; generic curriculum-description items; truncated prompt or answer text; missing summary + hint feedback
AC9S8H02,8,science,8,8,false,false,true,8,16,16,16,0,0,0,0,0,quiz/year-8/science/ac9s8h02/practice/questions.js,quiz/year-8/science/ac9s8h02/practice/questions.js,practice below 24; dedicated test below 16; practice and test load the same source; 8 practice/test duplicate prompts; generic curriculum-description items; truncated prompt or answer text; missing summary + hint feedback
AC9S8H03,8,science,8,8,false,false,true,8,16,16,16,0,0,0,0,0,quiz/year-8/science/ac9s8h03/practice/questions.js,quiz/year-8/science/ac9s8h03/practice/questions.js,practice below 24; dedicated test below 16; practice and test load the same source; 8 practice/test duplicate prompts; generic curriculum-description items; truncated prompt or answer text; missing summary + hint feedback
AC9S8H04,8,science,8,8,false,false,true,8,16,16,16,0,0,0,0,0,quiz/year-8/science/ac9s8h04/practice/questions.js,quiz/year-8/science/ac9s8h04/practice/questions.js,practice below 24; dedicated test below 16; practice and test load the same source; 8 practice/test duplicate prompts; generic curriculum-description items; truncated prompt or answer text; missing summary + hint feedback
AC9S8I01,8,science,8,8,false,false,true,8,16,16,16,0,0,0,0,0,quiz/year-8/science/ac9s8i01/practice/questions.js,quiz/year-8/science/ac9s8i01/practice/questions.js,practice below 24; dedicated test below 16; practice and test load the same source; 8 practice/test duplicate prompts; generic curriculum-description items; truncated prompt or answer text; missing summary + hint feedback
AC9S8I02,8,science,8,8,false,false,true,8,16,16,16,0,0,0,0,0,quiz/year-8/science/ac9s8i02/practice/questions.js,quiz/year-8/science/ac9s8i02/practice/questions.js,practice below 24; dedicated test below 16; practice and test load the same source; 8 practice/test duplicate prompts; generic curriculum-description items; truncated prompt or answer text; missing summary + hint feedback
AC9S8I03,8,science,8,8,false,false,true,8,16,16,16,0,0,0,0,0,quiz/year-8/science/ac9s8i03/practice/questions.js,quiz/year-8/science/ac9s8i03/practice/questions.js,practice below 24; dedicated test below 16; practice and test load the same source; 8 practice/test duplicate prompts; generic curriculum-description items; truncated prompt or answer text; missing summary + hint feedback
AC9S8I04,8,science,8,8,false,false,true,8,16,16,16,0,0,0,0,0,quiz/year-8/science/ac9s8i04/practice/questions.js,quiz/year-8/science/ac9s8i04/practice/questions.js,practice below 24; dedicated test below 16; practice and test load the same source; 8 practice/test duplicate prompts; generic curriculum-description items; truncated prompt or answer text; missing summary + hint feedback
AC9S8I05,8,science,8,8,false,false,true,8,16,16,16,0,0,0,0,0,quiz/year-8/science/ac9s8i05/practice/questions.js,quiz/year-8/science/ac9s8i05/practice/questions.js,practice below 24; dedicated test below 16; practice and test load the same source; 8 practice/test duplicate prompts; generic curriculum-description items; truncated prompt or answer text; missing summary + hint feedback
AC9S8I06,8,science,8,8,false,false,true,8,16,16,16,0,0,0,0,0,quiz/year-8/science/ac9s8i06/practice/questions.js,quiz/year-8/science/ac9s8i06/practice/questions.js,practice below 24; dedicated test below 16; practice and test load the same source; 8 practice/test duplicate prompts; generic curriculum-description items; truncated prompt or answer text; missing summary + hint feedback
AC9S8I07,8,science,8,8,false,false,true,8,16,16,16,0,0,0,0,0,quiz/year-8/science/ac9s8i07/practice/questions.js,quiz/year-8/science/ac9s8i07/practice/questions.js,practice below 24; dedicated test below 16; practice and test load the same source; 8 practice/test duplicate prompts; generic curriculum-description items; truncated prompt or answer text; missing summary + hint feedback
AC9S8I08,8,science,8,8,false,false,true,8,16,16,16,0,0,0,0,0,quiz/year-8/science/ac9s8i08/practice/questions.js,quiz/year-8/science/ac9s8i08/practice/questions.js,practice below 24; dedicated test below 16; practice and test load the same source; 8 practice/test duplicate prompts; generic curriculum-description items; truncated prompt or answer text; missing summary + hint feedback
AC9S8U01,8,science,8,8,false,false,true,8,16,16,16,0,0,0,0,0,quiz/year-8/science/ac9s8u01/practice/questions.js,quiz/year-8/science/ac9s8u01/practice/questions.js,practice below 24; dedicated test below 16; practice and test load the same source; 8 practice/test duplicate prompts; generic curriculum-description items; truncated prompt or answer text; missing summary + hint feedback
AC9S8U02,8,science,8,8,false,false,true,8,16,16,16,0,0,0,0,0,quiz/year-8/science/ac9s8u02/practice/questions.js,quiz/year-8/science/ac9s8u02/practice/questions.js,practice below 24; dedicated test below 16; practice and test load the same source; 8 practice/test duplicate prompts; generic curriculum-description items; truncated prompt or answer text; missing summary + hint feedback
AC9S8U03,8,science,8,8,false,false,true,8,16,16,16,0,0,0,0,0,quiz/year-8/science/ac9s8u03/practice/questions.js,quiz/year-8/science/ac9s8u03/practice/questions.js,practice below 24; dedicated test below 16; practice and test load the same source; 8 practice/test duplicate prompts; generic curriculum-description items; truncated prompt or answer text; missing summary + hint feedback
AC9S8U04,8,science,8,8,false,false,true,8,16,16,16,0,0,0,0,0,quiz/year-8/science/ac9s8u04/practice/questions.js,quiz/year-8/science/ac9s8u04/practice/questions.js,practice below 24; dedicated test below 16; practice and test load the same source; 8 practice/test duplicate prompts; generic curriculum-description items; truncated prompt or answer text; missing summary + hint feedback
AC9S8U05,8,science,8,8,false,false,true,8,16,16,16,0,0,0,0,0,quiz/year-8/science/ac9s8u05/practice/questions.js,quiz/year-8/science/ac9s8u05/practice/questions.js,practice below 24; dedicated test below 16; practice and test load the same source; 8 practice/test duplicate prompts; generic curriculum-description items; truncated prompt or answer text; missing summary + hint feedback
AC9S8U06,8,science,8,8,false,false,true,8,16,16,16,0,0,0,0,0,quiz/year-8/science/ac9s8u06/practice/questions.js,quiz/year-8/science/ac9s8u06/practice/questions.js,practice below 24; dedicated test below 16; practice and test load the same source; 8 practice/test duplicate prompts; generic curriculum-description items; truncated prompt or answer text; missing summary + hint feedback
AC9S8U07,8,science,8,8,false,false,true,8,16,16,16,0,0,0,0,0,quiz/year-8/science/ac9s8u07/practice/questions.js,quiz/year-8/science/ac9s8u07/practice/questions.js,practice below 24; dedicated test below 16; practice and test load the same source; 8 practice/test duplicate prompts; generic curriculum-description items; truncated prompt or answer text; missing summary + hint feedback
AC9E8LA01,8,english,8,8,false,false,true,8,16,16,16,0,0,0,0,0,quiz/year-8/english/ac9e8la01/practice/questions.js,quiz/year-8/english/ac9e8la01/practice/questions.js,practice below 24; dedicated test below 16; practice and test load the same source; 8 practice/test duplicate prompts; generic curriculum-description items; truncated prompt or answer text; missing summary + hint feedback
AC9E8LA02,8,english,8,8,false,false,true,8,16,16,16,0,0,0,0,0,quiz/year-8/english/ac9e8la02/practice/questions.js,quiz/year-8/english/ac9e8la02/practice/questions.js,practice below 24; dedicated test below 16; practice and test load the same source; 8 practice/test duplicate prompts; generic curriculum-description items; truncated prompt or answer text; missing summary + hint feedback
AC9E8LA03,8,english,8,8,false,false,true,8,16,16,16,0,0,0,0,0,quiz/year-8/english/ac9e8la03/practice/questions.js,quiz/year-8/english/ac9e8la03/practice/questions.js,practice below 24; dedicated test below 16; practice and test load the same source; 8 practice/test duplicate prompts; generic curriculum-description items; truncated prompt or answer text; missing summary + hint feedback
AC9E8LA04,8,english,8,8,false,false,true,8,16,16,16,0,0,0,0,0,quiz/year-8/english/ac9e8la04/practice/questions.js,quiz/year-8/english/ac9e8la04/practice/questions.js,practice below 24; dedicated test below 16; practice and test load the same source; 8 practice/test duplicate prompts; generic curriculum-description items; truncated prompt or answer text; missing summary + hint feedback
AC9E8LA05,8,english,8,8,false,false,true,8,16,16,16,0,0,0,0,0,quiz/year-8/english/ac9e8la05/practice/questions.js,quiz/year-8/english/ac9e8la05/practice/questions.js,practice below 24; dedicated test below 16; practice and test load the same source; 8 practice/test duplicate prompts; generic curriculum-description items; truncated prompt or answer text; missing summary + hint feedback
AC9E8LA06,8,english,8,8,false,false,true,8,16,16,16,0,0,0,0,0,quiz/year-8/english/ac9e8la06/practice/questions.js,quiz/year-8/english/ac9e8la06/practice/questions.js,practice below 24; dedicated test below 16; practice and test load the same source; 8 practice/test duplicate prompts; generic curriculum-description items; truncated prompt or answer text; missing summary + hint feedback
AC9E8LA07,8,english,8,8,false,false,true,8,16,16,16,0,0,0,0,0,quiz/year-8/english/ac9e8la07/practice/questions.js,quiz/year-8/english/ac9e8la07/practice/questions.js,practice below 24; dedicated test below 16; practice and test load the same source; 8 practice/test duplicate prompts; generic curriculum-description items; truncated prompt or answer text; missing summary + hint feedback
AC9E8LA08,8,english,8,8,false,false,true,8,16,16,16,0,0,0,0,0,quiz/year-8/english/ac9e8la08/practice/questions.js,quiz/year-8/english/ac9e8la08/practice/questions.js,practice below 24; dedicated test below 16; practice and test load the same source; 8 practice/test duplicate prompts; generic curriculum-description items; truncated prompt or answer text; missing summary + hint feedback
AC9E8LA09,8,english,8,8,false,false,true,8,16,16,16,0,0,0,0,0,quiz/year-8/english/ac9e8la09/practice/questions.js,quiz/year-8/english/ac9e8la09/practice/questions.js,practice below 24; dedicated test below 16; practice and test load the same source; 8 practice/test duplicate prompts; generic curriculum-description items; truncated prompt or answer text; missing summary + hint feedback
AC9E8LE01,8,english,8,8,false,false,true,8,16,16,16,0,0,0,0,0,quiz/year-8/english/ac9e8le01/practice/questions.js,quiz/year-8/english/ac9e8le01/practice/questions.js,practice below 24; dedicated test below 16; practice and test load the same source; 8 practice/test duplicate prompts; generic curriculum-description items; truncated prompt or answer text; missing summary + hint feedback
AC9E8LE02,8,english,8,8,false,false,true,8,16,16,16,0,0,0,0,0,quiz/year-8/english/ac9e8le02/practice/questions.js,quiz/year-8/english/ac9e8le02/practice/questions.js,practice below 24; dedicated test below 16; practice and test load the same source; 8 practice/test duplicate prompts; generic curriculum-description items; truncated prompt or answer text; missing summary + hint feedback
AC9E8LE03,8,english,8,8,false,false,true,8,16,16,16,0,0,0,0,0,quiz/year-8/english/ac9e8le03/practice/questions.js,quiz/year-8/english/ac9e8le03/practice/questions.js,practice below 24; dedicated test below 16; practice and test load the same source; 8 practice/test duplicate prompts; generic curriculum-description items; truncated prompt or answer text; missing summary + hint feedback
AC9E8LE04,8,english,8,8,false,false,true,8,16,16,16,0,0,0,0,0,quiz/year-8/english/ac9e8le04/practice/questions.js,quiz/year-8/english/ac9e8le04/practice/questions.js,practice below 24; dedicated test below 16; practice and test load the same source; 8 practice/test duplicate prompts; generic curriculum-description items; truncated prompt or answer text; missing summary + hint feedback
AC9E8LE05,8,english,8,8,false,false,true,8,16,16,16,0,0,0,0,0,quiz/year-8/english/ac9e8le05/practice/questions.js,quiz/year-8/english/ac9e8le05/practice/questions.js,practice below 24; dedicated test below 16; practice and test load the same source; 8 practice/test duplicate prompts; generic curriculum-description items; truncated prompt or answer text; missing summary + hint feedback
AC9E8LE06,8,english,8,8,false,false,true,8,16,16,16,0,0,0,0,0,quiz/year-8/english/ac9e8le06/practice/questions.js,quiz/year-8/english/ac9e8le06/practice/questions.js,practice below 24; dedicated test below 16; practice and test load the same source; 8 practice/test duplicate prompts; generic curriculum-description items; truncated prompt or answer text; missing summary + hint feedback
AC9E8LY01,8,english,8,8,false,false,true,8,16,16,16,0,0,0,0,0,quiz/year-8/english/ac9e8ly01/practice/questions.js,quiz/year-8/english/ac9e8ly01/practice/questions.js,practice below 24; dedicated test below 16; practice and test load the same source; 8 practice/test duplicate prompts; generic curriculum-description items; truncated prompt or answer text; missing summary + hint feedback
AC9E8LY02,8,english,8,8,false,false,true,8,16,16,16,0,0,0,0,0,quiz/year-8/english/ac9e8ly02/practice/questions.js,quiz/year-8/english/ac9e8ly02/practice/questions.js,practice below 24; dedicated test below 16; practice and test load the same source; 8 practice/test duplicate prompts; generic curriculum-description items; truncated prompt or answer text; missing summary + hint feedback
AC9E8LY03,8,english,8,8,false,false,true,8,16,16,16,0,0,0,0,0,quiz/year-8/english/ac9e8ly03/practice/questions.js,quiz/year-8/english/ac9e8ly03/practice/questions.js,practice below 24; dedicated test below 16; practice and test load the same source; 8 practice/test duplicate prompts; generic curriculum-description items; truncated prompt or answer text; missing summary + hint feedback
AC9E8LY04,8,english,8,8,false,false,true,8,16,16,16,0,0,0,0,0,quiz/year-8/english/ac9e8ly04/practice/questions.js,quiz/year-8/english/ac9e8ly04/practice/questions.js,practice below 24; dedicated test below 16; practice and test load the same source; 8 practice/test duplicate prompts; generic curriculum-description items; truncated prompt or answer text; missing summary + hint feedback
AC9E8LY05,8,english,8,8,false,false,true,8,16,16,16,0,0,0,0,0,quiz/year-8/english/ac9e8ly05/practice/questions.js,quiz/year-8/english/ac9e8ly05/practice/questions.js,practice below 24; dedicated test below 16; practice and test load the same source; 8 practice/test duplicate prompts; generic curriculum-description items; truncated prompt or answer text; missing summary + hint feedback
AC9E8LY06,8,english,8,8,false,false,true,8,16,16,16,0,0,0,0,0,quiz/year-8/english/ac9e8ly06/practice/questions.js,quiz/year-8/english/ac9e8ly06/practice/questions.js,practice below 24; dedicated test below 16; practice and test load the same source; 8 practice/test duplicate prompts; generic curriculum-description items; truncated prompt or answer text; missing summary + hint feedback
AC9E8LY07,8,english,8,8,false,false,true,8,16,16,16,0,0,0,0,0,quiz/year-8/english/ac9e8ly07/practice/questions.js,quiz/year-8/english/ac9e8ly07/practice/questions.js,practice below 24; dedicated test below 16; practice and test load the same source; 8 practice/test duplicate prompts; generic curriculum-description items; truncated prompt or answer text; missing summary + hint feedback
AC9E8LY08,8,english,8,8,false,false,true,8,16,16,16,0,0,0,0,0,quiz/year-8/english/ac9e8ly08/practice/questions.js,quiz/year-8/english/ac9e8ly08/practice/questions.js,practice below 24; dedicated test below 16; practice and test load the same source; 8 practice/test duplicate prompts; generic curriculum-description items; truncated prompt or answer text; missing summary + hint feedback
AC9M9A01,9,math,8,8,false,false,true,8,16,16,16,0,0,0,0,0,quiz/year-9/math/ac9m9a01/practice/questions.js,quiz/year-9/math/ac9m9a01/practice/questions.js,practice below 24; dedicated test below 16; practice and test load the same source; 8 practice/test duplicate prompts; generic curriculum-description items; truncated prompt or answer text; missing summary + hint feedback
AC9M9A02,9,math,8,8,false,false,true,8,16,16,16,0,0,0,0,0,quiz/year-9/math/ac9m9a02/practice/questions.js,quiz/year-9/math/ac9m9a02/practice/questions.js,practice below 24; dedicated test below 16; practice and test load the same source; 8 practice/test duplicate prompts; generic curriculum-description items; truncated prompt or answer text; missing summary + hint feedback
AC9M9A03,9,math,8,8,false,false,true,8,16,16,16,0,0,0,0,0,quiz/year-9/math/ac9m9a03/practice/questions.js,quiz/year-9/math/ac9m9a03/practice/questions.js,practice below 24; dedicated test below 16; practice and test load the same source; 8 practice/test duplicate prompts; generic curriculum-description items; truncated prompt or answer text; missing summary + hint feedback
AC9M9A04,9,math,8,8,false,false,true,8,16,16,16,0,0,0,0,0,quiz/year-9/math/ac9m9a04/practice/questions.js,quiz/year-9/math/ac9m9a04/practice/questions.js,practice below 24; dedicated test below 16; practice and test load the same source; 8 practice/test duplicate prompts; generic curriculum-description items; truncated prompt or answer text; missing summary + hint feedback
AC9M9A05,9,math,8,8,false,false,true,8,16,16,16,0,0,0,0,0,quiz/year-9/math/ac9m9a05/practice/questions.js,quiz/year-9/math/ac9m9a05/practice/questions.js,practice below 24; dedicated test below 16; practice and test load the same source; 8 practice/test duplicate prompts; generic curriculum-description items; truncated prompt or answer text; missing summary + hint feedback
AC9M9A06,9,math,8,8,false,false,true,8,16,16,16,0,0,0,0,0,quiz/year-9/math/ac9m9a06/practice/questions.js,quiz/year-9/math/ac9m9a06/practice/questions.js,practice below 24; dedicated test below 16; practice and test load the same source; 8 practice/test duplicate prompts; generic curriculum-description items; truncated prompt or answer text; missing summary + hint feedback
AC9M9M01,9,math,8,8,false,false,true,8,16,16,16,0,0,0,0,0,quiz/year-9/math/ac9m9m01/practice/questions.js,quiz/year-9/math/ac9m9m01/practice/questions.js,practice below 24; dedicated test below 16; practice and test load the same source; 8 practice/test duplicate prompts; generic curriculum-description items; truncated prompt or answer text; missing summary + hint feedback
AC9M9M02,9,math,8,8,false,false,true,8,16,16,16,0,0,0,0,0,quiz/year-9/math/ac9m9m02/practice/questions.js,quiz/year-9/math/ac9m9m02/practice/questions.js,practice below 24; dedicated test below 16; practice and test load the same source; 8 practice/test duplicate prompts; generic curriculum-description items; truncated prompt or answer text; missing summary + hint feedback
AC9M9M03,9,math,8,8,false,false,true,8,16,16,16,0,0,0,0,0,quiz/year-9/math/ac9m9m03/practice/questions.js,quiz/year-9/math/ac9m9m03/practice/questions.js,practice below 24; dedicated test below 16; practice and test load the same source; 8 practice/test duplicate prompts; generic curriculum-description items; truncated prompt or answer text; missing summary + hint feedback
AC9M9M04,9,math,8,8,false,false,true,8,16,16,16,0,0,0,0,0,quiz/year-9/math/ac9m9m04/practice/questions.js,quiz/year-9/math/ac9m9m04/practice/questions.js,practice below 24; dedicated test below 16; practice and test load the same source; 8 practice/test duplicate prompts; generic curriculum-description items; truncated prompt or answer text; missing summary + hint feedback
AC9M9M05,9,math,8,8,false,false,true,8,16,16,16,0,0,0,0,0,quiz/year-9/math/ac9m9m05/practice/questions.js,quiz/year-9/math/ac9m9m05/practice/questions.js,practice below 24; dedicated test below 16; practice and test load the same source; 8 practice/test duplicate prompts; generic curriculum-description items; truncated prompt or answer text; missing summary + hint feedback
AC9M9N01,9,math,8,8,false,false,true,8,16,16,16,0,0,0,0,0,quiz/year-9/math/ac9m9n01/practice/questions.js,quiz/year-9/math/ac9m9n01/practice/questions.js,practice below 24; dedicated test below 16; practice and test load the same source; 8 practice/test duplicate prompts; generic curriculum-description items; truncated prompt or answer text; missing summary + hint feedback
AC9M9P01,9,math,8,8,false,false,true,8,16,16,16,0,0,0,0,0,quiz/year-9/math/ac9m9p01/practice/questions.js,quiz/year-9/math/ac9m9p01/practice/questions.js,practice below 24; dedicated test below 16; practice and test load the same source; 8 practice/test duplicate prompts; generic curriculum-description items; truncated prompt or answer text; missing summary + hint feedback
AC9M9P02,9,math,8,8,false,false,true,8,16,16,16,0,0,0,0,0,quiz/year-9/math/ac9m9p02/practice/questions.js,quiz/year-9/math/ac9m9p02/practice/questions.js,practice below 24; dedicated test below 16; practice and test load the same source; 8 practice/test duplicate prompts; generic curriculum-description items; truncated prompt or answer text; missing summary + hint feedback
AC9M9P03,9,math,8,8,false,false,true,8,16,16,16,0,0,0,0,0,quiz/year-9/math/ac9m9p03/practice/questions.js,quiz/year-9/math/ac9m9p03/practice/questions.js,practice below 24; dedicated test below 16; practice and test load the same source; 8 practice/test duplicate prompts; generic curriculum-description items; truncated prompt or answer text; missing summary + hint feedback
AC9M9SP01,9,math,8,8,false,false,true,8,16,16,16,0,0,0,0,0,quiz/year-9/math/ac9m9sp01/practice/questions.js,quiz/year-9/math/ac9m9sp01/practice/questions.js,practice below 24; dedicated test below 16; practice and test load the same source; 8 practice/test duplicate prompts; generic curriculum-description items; truncated prompt or answer text; missing summary + hint feedback
AC9M9SP02,9,math,8,8,false,false,true,8,16,16,16,0,0,0,0,0,quiz/year-9/math/ac9m9sp02/practice/questions.js,quiz/year-9/math/ac9m9sp02/practice/questions.js,practice below 24; dedicated test below 16; practice and test load the same source; 8 practice/test duplicate prompts; generic curriculum-description items; truncated prompt or answer text; missing summary + hint feedback
AC9M9SP03,9,math,8,8,false,false,true,8,16,16,16,0,0,0,0,0,quiz/year-9/math/ac9m9sp03/practice/questions.js,quiz/year-9/math/ac9m9sp03/practice/questions.js,practice below 24; dedicated test below 16; practice and test load the same source; 8 practice/test duplicate prompts; generic curriculum-description items; truncated prompt or answer text; missing summary + hint feedback
AC9M9ST01,9,math,8,8,false,false,true,8,16,16,16,0,0,0,0,0,quiz/year-9/math/ac9m9st01/practice/questions.js,quiz/year-9/math/ac9m9st01/practice/questions.js,practice below 24; dedicated test below 16; practice and test load the same source; 8 practice/test duplicate prompts; generic curriculum-description items; truncated prompt or answer text; missing summary + hint feedback
AC9M9ST02,9,math,8,8,false,false,true,8,16,16,16,0,0,0,0,0,quiz/year-9/math/ac9m9st02/practice/questions.js,quiz/year-9/math/ac9m9st02/practice/questions.js,practice below 24; dedicated test below 16; practice and test load the same source; 8 practice/test duplicate prompts; generic curriculum-description items; truncated prompt or answer text; missing summary + hint feedback
AC9M9ST03,9,math,8,8,false,false,true,8,16,16,16,0,0,0,0,0,quiz/year-9/math/ac9m9st03/practice/questions.js,quiz/year-9/math/ac9m9st03/practice/questions.js,practice below 24; dedicated test below 16; practice and test load the same source; 8 practice/test duplicate prompts; generic curriculum-description items; truncated prompt or answer text; missing summary + hint feedback
AC9M9ST04,9,math,8,8,false,false,true,8,16,16,16,0,0,0,0,0,quiz/year-9/math/ac9m9st04/practice/questions.js,quiz/year-9/math/ac9m9st04/practice/questions.js,practice below 24; dedicated test below 16; practice and test load the same source; 8 practice/test duplicate prompts; generic curriculum-description items; truncated prompt or answer text; missing summary + hint feedback
AC9M9ST05,9,math,8,8,false,false,true,8,16,16,16,0,0,0,0,0,quiz/year-9/math/ac9m9st05/practice/questions.js,quiz/year-9/math/ac9m9st05/practice/questions.js,practice below 24; dedicated test below 16; practice and test load the same source; 8 practice/test duplicate prompts; generic curriculum-description items; truncated prompt or answer text; missing summary + hint feedback
AC9S9H01,9,science,8,8,false,false,true,8,16,16,16,0,0,0,0,0,quiz/year-9/science/ac9s9h01/practice/questions.js,quiz/year-9/science/ac9s9h01/practice/questions.js,practice below 24; dedicated test below 16; practice and test load the same source; 8 practice/test duplicate prompts; generic curriculum-description items; truncated prompt or answer text; missing summary + hint feedback
AC9S9H02,9,science,8,8,false,false,true,8,16,16,16,0,0,0,0,0,quiz/year-9/science/ac9s9h02/practice/questions.js,quiz/year-9/science/ac9s9h02/practice/questions.js,practice below 24; dedicated test below 16; practice and test load the same source; 8 practice/test duplicate prompts; generic curriculum-description items; truncated prompt or answer text; missing summary + hint feedback
AC9S9H03,9,science,8,8,false,false,true,8,16,16,16,0,0,0,0,0,quiz/year-9/science/ac9s9h03/practice/questions.js,quiz/year-9/science/ac9s9h03/practice/questions.js,practice below 24; dedicated test below 16; practice and test load the same source; 8 practice/test duplicate prompts; generic curriculum-description items; truncated prompt or answer text; missing summary + hint feedback
AC9S9H04,9,science,8,8,false,false,true,8,16,16,16,0,0,0,0,0,quiz/year-9/science/ac9s9h04/practice/questions.js,quiz/year-9/science/ac9s9h04/practice/questions.js,practice below 24; dedicated test below 16; practice and test load the same source; 8 practice/test duplicate prompts; generic curriculum-description items; truncated prompt or answer text; missing summary + hint feedback
AC9S9I01,9,science,8,8,false,false,true,8,16,16,16,0,0,0,0,0,quiz/year-9/science/ac9s9i01/practice/questions.js,quiz/year-9/science/ac9s9i01/practice/questions.js,practice below 24; dedicated test below 16; practice and test load the same source; 8 practice/test duplicate prompts; generic curriculum-description items; truncated prompt or answer text; missing summary + hint feedback
AC9S9I02,9,science,8,8,false,false,true,8,16,16,16,0,0,0,0,0,quiz/year-9/science/ac9s9i02/practice/questions.js,quiz/year-9/science/ac9s9i02/practice/questions.js,practice below 24; dedicated test below 16; practice and test load the same source; 8 practice/test duplicate prompts; generic curriculum-description items; truncated prompt or answer text; missing summary + hint feedback
AC9S9I03,9,science,8,8,false,false,true,8,16,16,16,0,0,0,0,0,quiz/year-9/science/ac9s9i03/practice/questions.js,quiz/year-9/science/ac9s9i03/practice/questions.js,practice below 24; dedicated test below 16; practice and test load the same source; 8 practice/test duplicate prompts; generic curriculum-description items; truncated prompt or answer text; missing summary + hint feedback
AC9S9I04,9,science,8,8,false,false,true,8,16,16,16,0,0,0,0,0,quiz/year-9/science/ac9s9i04/practice/questions.js,quiz/year-9/science/ac9s9i04/practice/questions.js,practice below 24; dedicated test below 16; practice and test load the same source; 8 practice/test duplicate prompts; generic curriculum-description items; truncated prompt or answer text; missing summary + hint feedback
AC9S9I05,9,science,8,8,false,false,true,8,16,16,16,0,0,0,0,0,quiz/year-9/science/ac9s9i05/practice/questions.js,quiz/year-9/science/ac9s9i05/practice/questions.js,practice below 24; dedicated test below 16; practice and test load the same source; 8 practice/test duplicate prompts; generic curriculum-description items; truncated prompt or answer text; missing summary + hint feedback
AC9S9I06,9,science,8,8,false,false,true,8,16,16,16,0,0,0,0,0,quiz/year-9/science/ac9s9i06/practice/questions.js,quiz/year-9/science/ac9s9i06/practice/questions.js,practice below 24; dedicated test below 16; practice and test load the same source; 8 practice/test duplicate prompts; generic curriculum-description items; truncated prompt or answer text; missing summary + hint feedback
AC9S9I07,9,science,8,8,false,false,true,8,16,16,16,0,0,0,0,0,quiz/year-9/science/ac9s9i07/practice/questions.js,quiz/year-9/science/ac9s9i07/practice/questions.js,practice below 24; dedicated test below 16; practice and test load the same source; 8 practice/test duplicate prompts; generic curriculum-description items; truncated prompt or answer text; missing summary + hint feedback
AC9S9I08,9,science,8,8,false,false,true,8,16,16,16,0,0,0,0,0,quiz/year-9/science/ac9s9i08/practice/questions.js,quiz/year-9/science/ac9s9i08/practice/questions.js,practice below 24; dedicated test below 16; practice and test load the same source; 8 practice/test duplicate prompts; generic curriculum-description items; truncated prompt or answer text; missing summary + hint feedback
AC9S9U01,9,science,8,8,false,false,true,8,16,16,16,0,0,0,0,0,quiz/year-9/science/ac9s9u01/practice/questions.js,quiz/year-9/science/ac9s9u01/practice/questions.js,practice below 24; dedicated test below 16; practice and test load the same source; 8 practice/test duplicate prompts; generic curriculum-description items; truncated prompt or answer text; missing summary + hint feedback
AC9S9U02,9,science,8,8,false,false,true,8,16,16,16,0,0,0,0,0,quiz/year-9/science/ac9s9u02/practice/questions.js,quiz/year-9/science/ac9s9u02/practice/questions.js,practice below 24; dedicated test below 16; practice and test load the same source; 8 practice/test duplicate prompts; generic curriculum-description items; truncated prompt or answer text; missing summary + hint feedback
AC9S9U03,9,science,8,8,false,false,true,8,16,16,16,0,0,0,0,0,quiz/year-9/science/ac9s9u03/practice/questions.js,quiz/year-9/science/ac9s9u03/practice/questions.js,practice below 24; dedicated test below 16; practice and test load the same source; 8 practice/test duplicate prompts; generic curriculum-description items; truncated prompt or answer text; missing summary + hint feedback
AC9S9U04,9,science,8,8,false,false,true,8,16,16,16,0,0,0,0,0,quiz/year-9/science/ac9s9u04/practice/questions.js,quiz/year-9/science/ac9s9u04/practice/questions.js,practice below 24; dedicated test below 16; practice and test load the same source; 8 practice/test duplicate prompts; generic curriculum-description items; truncated prompt or answer text; missing summary + hint feedback
AC9S9U05,9,science,8,8,false,false,true,8,16,16,16,0,0,0,0,0,quiz/year-9/science/ac9s9u05/practice/questions.js,quiz/year-9/science/ac9s9u05/practice/questions.js,practice below 24; dedicated test below 16; practice and test load the same source; 8 practice/test duplicate prompts; generic curriculum-description items; truncated prompt or answer text; missing summary + hint feedback
AC9S9U06,9,science,8,8,false,false,true,8,16,16,16,0,0,0,0,0,quiz/year-9/science/ac9s9u06/practice/questions.js,quiz/year-9/science/ac9s9u06/practice/questions.js,practice below 24; dedicated test below 16; practice and test load the same source; 8 practice/test duplicate prompts; generic curriculum-description items; truncated prompt or answer text; missing summary + hint feedback
AC9S9U07,9,science,8,8,false,false,true,8,16,16,16,0,0,0,0,0,quiz/year-9/science/ac9s9u07/practice/questions.js,quiz/year-9/science/ac9s9u07/practice/questions.js,practice below 24; dedicated test below 16; practice and test load the same source; 8 practice/test duplicate prompts; generic curriculum-description items; truncated prompt or answer text; missing summary + hint feedback
AC9E9LA01,9,english,8,8,false,false,true,8,16,16,16,0,0,0,0,0,quiz/year-9/english/ac9e9la01/practice/questions.js,quiz/year-9/english/ac9e9la01/practice/questions.js,practice below 24; dedicated test below 16; practice and test load the same source; 8 practice/test duplicate prompts; generic curriculum-description items; truncated prompt or answer text; missing summary + hint feedback
AC9E9LA02,9,english,8,8,false,false,true,8,16,16,16,0,0,0,0,0,quiz/year-9/english/ac9e9la02/practice/questions.js,quiz/year-9/english/ac9e9la02/practice/questions.js,practice below 24; dedicated test below 16; practice and test load the same source; 8 practice/test duplicate prompts; generic curriculum-description items; truncated prompt or answer text; missing summary + hint feedback
AC9E9LA03,9,english,8,8,false,false,true,8,16,16,16,0,0,0,0,0,quiz/year-9/english/ac9e9la03/practice/questions.js,quiz/year-9/english/ac9e9la03/practice/questions.js,practice below 24; dedicated test below 16; practice and test load the same source; 8 practice/test duplicate prompts; generic curriculum-description items; truncated prompt or answer text; missing summary + hint feedback
AC9E9LA04,9,english,8,8,false,false,true,8,16,16,16,0,0,0,0,0,quiz/year-9/english/ac9e9la04/practice/questions.js,quiz/year-9/english/ac9e9la04/practice/questions.js,practice below 24; dedicated test below 16; practice and test load the same source; 8 practice/test duplicate prompts; generic curriculum-description items; truncated prompt or answer text; missing summary + hint feedback
AC9E9LA05,9,english,8,8,false,false,true,8,16,16,16,0,0,0,0,0,quiz/year-9/english/ac9e9la05/practice/questions.js,quiz/year-9/english/ac9e9la05/practice/questions.js,practice below 24; dedicated test below 16; practice and test load the same source; 8 practice/test duplicate prompts; generic curriculum-description items; truncated prompt or answer text; missing summary + hint feedback
AC9E9LA06,9,english,8,8,false,false,true,8,16,16,16,0,0,0,0,0,quiz/year-9/english/ac9e9la06/practice/questions.js,quiz/year-9/english/ac9e9la06/practice/questions.js,practice below 24; dedicated test below 16; practice and test load the same source; 8 practice/test duplicate prompts; generic curriculum-description items; truncated prompt or answer text; missing summary + hint feedback
AC9E9LA07,9,english,8,8,false,false,true,8,16,16,16,0,0,0,0,0,quiz/year-9/english/ac9e9la07/practice/questions.js,quiz/year-9/english/ac9e9la07/practice/questions.js,practice below 24; dedicated test below 16; practice and test load the same source; 8 practice/test duplicate prompts; generic curriculum-description items; truncated prompt or answer text; missing summary + hint feedback
AC9E9LA08,9,english,8,8,false,false,true,8,16,16,16,0,0,0,0,0,quiz/year-9/english/ac9e9la08/practice/questions.js,quiz/year-9/english/ac9e9la08/practice/questions.js,practice below 24; dedicated test below 16; practice and test load the same source; 8 practice/test duplicate prompts; generic curriculum-description items; truncated prompt or answer text; missing summary + hint feedback
AC9E9LA09,9,english,8,8,false,false,true,8,16,16,16,0,0,0,0,0,quiz/year-9/english/ac9e9la09/practice/questions.js,quiz/year-9/english/ac9e9la09/practice/questions.js,practice below 24; dedicated test below 16; practice and test load the same source; 8 practice/test duplicate prompts; generic curriculum-description items; truncated prompt or answer text; missing summary + hint feedback
AC9E9LE01,9,english,8,8,false,false,true,8,16,16,16,0,0,0,0,0,quiz/year-9/english/ac9e9le01/practice/questions.js,quiz/year-9/english/ac9e9le01/practice/questions.js,practice below 24; dedicated test below 16; practice and test load the same source; 8 practice/test duplicate prompts; generic curriculum-description items; truncated prompt or answer text; missing summary + hint feedback
AC9E9LE02,9,english,8,8,false,false,true,8,16,16,16,0,0,0,0,0,quiz/year-9/english/ac9e9le02/practice/questions.js,quiz/year-9/english/ac9e9le02/practice/questions.js,practice below 24; dedicated test below 16; practice and test load the same source; 8 practice/test duplicate prompts; generic curriculum-description items; truncated prompt or answer text; missing summary + hint feedback
AC9E9LE03,9,english,8,8,false,false,true,8,16,16,16,0,0,0,0,0,quiz/year-9/english/ac9e9le03/practice/questions.js,quiz/year-9/english/ac9e9le03/practice/questions.js,practice below 24; dedicated test below 16; practice and test load the same source; 8 practice/test duplicate prompts; generic curriculum-description items; truncated prompt or answer text; missing summary + hint feedback
AC9E9LE04,9,english,8,8,false,false,true,8,16,16,16,0,0,0,0,0,quiz/year-9/english/ac9e9le04/practice/questions.js,quiz/year-9/english/ac9e9le04/practice/questions.js,practice below 24; dedicated test below 16; practice and test load the same source; 8 practice/test duplicate prompts; generic curriculum-description items; truncated prompt or answer text; missing summary + hint feedback
AC9E9LE05,9,english,8,8,false,false,true,8,16,16,16,0,0,0,0,0,quiz/year-9/english/ac9e9le05/practice/questions.js,quiz/year-9/english/ac9e9le05/practice/questions.js,practice below 24; dedicated test below 16; practice and test load the same source; 8 practice/test duplicate prompts; generic curriculum-description items; truncated prompt or answer text; missing summary + hint feedback
AC9E9LE06,9,english,8,8,false,false,true,8,16,16,16,0,0,0,0,0,quiz/year-9/english/ac9e9le06/practice/questions.js,quiz/year-9/english/ac9e9le06/practice/questions.js,practice below 24; dedicated test below 16; practice and test load the same source; 8 practice/test duplicate prompts; generic curriculum-description items; truncated prompt or answer text; missing summary + hint feedback
AC9E9LY01,9,english,8,8,false,false,true,8,16,16,16,0,0,0,0,0,quiz/year-9/english/ac9e9ly01/practice/questions.js,quiz/year-9/english/ac9e9ly01/practice/questions.js,practice below 24; dedicated test below 16; practice and test load the same source; 8 practice/test duplicate prompts; generic curriculum-description items; truncated prompt or answer text; missing summary + hint feedback
AC9E9LY02,9,english,8,8,false,false,true,8,16,16,16,0,0,0,0,0,quiz/year-9/english/ac9e9ly02/practice/questions.js,quiz/year-9/english/ac9e9ly02/practice/questions.js,practice below 24; dedicated test below 16; practice and test load the same source; 8 practice/test duplicate prompts; generic curriculum-description items; truncated prompt or answer text; missing summary + hint feedback
AC9E9LY03,9,english,8,8,false,false,true,8,16,16,16,0,0,0,0,0,quiz/year-9/english/ac9e9ly03/practice/questions.js,quiz/year-9/english/ac9e9ly03/practice/questions.js,practice below 24; dedicated test below 16; practice and test load the same source; 8 practice/test duplicate prompts; generic curriculum-description items; truncated prompt or answer text; missing summary + hint feedback
AC9E9LY04,9,english,8,8,false,false,true,8,16,16,16,0,0,0,0,0,quiz/year-9/english/ac9e9ly04/practice/questions.js,quiz/year-9/english/ac9e9ly04/practice/questions.js,practice below 24; dedicated test below 16; practice and test load the same source; 8 practice/test duplicate prompts; generic curriculum-description items; truncated prompt or answer text; missing summary + hint feedback
AC9E9LY05,9,english,8,8,false,false,true,8,16,16,16,0,0,0,0,0,quiz/year-9/english/ac9e9ly05/practice/questions.js,quiz/year-9/english/ac9e9ly05/practice/questions.js,practice below 24; dedicated test below 16; practice and test load the same source; 8 practice/test duplicate prompts; generic curriculum-description items; truncated prompt or answer text; missing summary + hint feedback
AC9E9LY06,9,english,8,8,false,false,true,8,16,16,16,0,0,0,0,0,quiz/year-9/english/ac9e9ly06/practice/questions.js,quiz/year-9/english/ac9e9ly06/practice/questions.js,practice below 24; dedicated test below 16; practice and test load the same source; 8 practice/test duplicate prompts; generic curriculum-description items; truncated prompt or answer text; missing summary + hint feedback
AC9E9LY07,9,english,8,8,false,false,true,8,16,16,16,0,0,0,0,0,quiz/year-9/english/ac9e9ly07/practice/questions.js,quiz/year-9/english/ac9e9ly07/practice/questions.js,practice below 24; dedicated test below 16; practice and test load the same source; 8 practice/test duplicate prompts; generic curriculum-description items; truncated prompt or answer text; missing summary + hint feedback
AC9E9LY08,9,english,8,8,false,false,true,8,16,16,16,0,0,0,0,0,quiz/year-9/english/ac9e9ly08/practice/questions.js,quiz/year-9/english/ac9e9ly08/practice/questions.js,practice below 24; dedicated test below 16; practice and test load the same source; 8 practice/test duplicate prompts; generic curriculum-description items; truncated prompt or answer text; missing summary + hint feedback
AC9M10A01,10,math,8,8,false,false,true,8,16,16,16,0,0,0,0,0,quiz/year-10/math/ac9m10a01/practice/questions.js,quiz/year-10/math/ac9m10a01/practice/questions.js,practice below 24; dedicated test below 16; practice and test load the same source; 8 practice/test duplicate prompts; generic curriculum-description items; truncated prompt or answer text; missing summary + hint feedback
AC9M10A02,10,math,8,8,false,false,true,8,16,16,16,0,0,0,0,0,quiz/year-10/math/ac9m10a02/practice/questions.js,quiz/year-10/math/ac9m10a02/practice/questions.js,practice below 24; dedicated test below 16; practice and test load the same source; 8 practice/test duplicate prompts; generic curriculum-description items; truncated prompt or answer text; missing summary + hint feedback
AC9M10A03,10,math,8,8,false,false,true,8,16,16,16,0,0,0,0,0,quiz/year-10/math/ac9m10a03/practice/questions.js,quiz/year-10/math/ac9m10a03/practice/questions.js,practice below 24; dedicated test below 16; practice and test load the same source; 8 practice/test duplicate prompts; generic curriculum-description items; truncated prompt or answer text; missing summary + hint feedback
AC9M10A04,10,math,8,8,false,false,true,8,16,16,16,0,0,0,0,0,quiz/year-10/math/ac9m10a04/practice/questions.js,quiz/year-10/math/ac9m10a04/practice/questions.js,practice below 24; dedicated test below 16; practice and test load the same source; 8 practice/test duplicate prompts; generic curriculum-description items; truncated prompt or answer text; missing summary + hint feedback
AC9M10A05,10,math,8,8,false,false,true,8,16,16,16,0,0,0,0,0,quiz/year-10/math/ac9m10a05/practice/questions.js,quiz/year-10/math/ac9m10a05/practice/questions.js,practice below 24; dedicated test below 16; practice and test load the same source; 8 practice/test duplicate prompts; generic curriculum-description items; truncated prompt or answer text; missing summary + hint feedback
AC9M10M01,10,math,8,8,false,false,true,8,16,16,16,0,0,0,0,0,quiz/year-10/math/ac9m10m01/practice/questions.js,quiz/year-10/math/ac9m10m01/practice/questions.js,practice below 24; dedicated test below 16; practice and test load the same source; 8 practice/test duplicate prompts; generic curriculum-description items; truncated prompt or answer text; missing summary + hint feedback
AC9M10M02,10,math,8,8,false,false,true,8,16,16,16,0,0,0,0,0,quiz/year-10/math/ac9m10m02/practice/questions.js,quiz/year-10/math/ac9m10m02/practice/questions.js,practice below 24; dedicated test below 16; practice and test load the same source; 8 practice/test duplicate prompts; generic curriculum-description items; truncated prompt or answer text; missing summary + hint feedback
AC9M10M03,10,math,8,8,false,false,true,8,16,16,16,0,0,0,0,0,quiz/year-10/math/ac9m10m03/practice/questions.js,quiz/year-10/math/ac9m10m03/practice/questions.js,practice below 24; dedicated test below 16; practice and test load the same source; 8 practice/test duplicate prompts; generic curriculum-description items; truncated prompt or answer text; missing summary + hint feedback
AC9M10M04,10,math,8,8,false,false,true,8,16,16,16,0,0,0,0,0,quiz/year-10/math/ac9m10m04/practice/questions.js,quiz/year-10/math/ac9m10m04/practice/questions.js,practice below 24; dedicated test below 16; practice and test load the same source; 8 practice/test duplicate prompts; generic curriculum-description items; truncated prompt or answer text; missing summary + hint feedback
AC9M10M05,10,math,8,8,false,false,true,8,16,16,16,0,0,0,0,0,quiz/year-10/math/ac9m10m05/practice/questions.js,quiz/year-10/math/ac9m10m05/practice/questions.js,practice below 24; dedicated test below 16; practice and test load the same source; 8 practice/test duplicate prompts; generic curriculum-description items; truncated prompt or answer text; missing summary + hint feedback
AC9M10N01,10,math,8,8,false,false,true,8,16,16,16,0,0,0,0,0,quiz/year-10/math/ac9m10n01/practice/questions.js,quiz/year-10/math/ac9m10n01/practice/questions.js,practice below 24; dedicated test below 16; practice and test load the same source; 8 practice/test duplicate prompts; generic curriculum-description items; truncated prompt or answer text; missing summary + hint feedback
AC9M10P01,10,math,8,8,false,false,true,8,16,16,16,0,0,0,0,0,quiz/year-10/math/ac9m10p01/practice/questions.js,quiz/year-10/math/ac9m10p01/practice/questions.js,practice below 24; dedicated test below 16; practice and test load the same source; 8 practice/test duplicate prompts; generic curriculum-description items; truncated prompt or answer text; missing summary + hint feedback
AC9M10P02,10,math,8,8,false,false,true,8,16,16,16,0,0,0,0,0,quiz/year-10/math/ac9m10p02/practice/questions.js,quiz/year-10/math/ac9m10p02/practice/questions.js,practice below 24; dedicated test below 16; practice and test load the same source; 8 practice/test duplicate prompts; generic curriculum-description items; truncated prompt or answer text; missing summary + hint feedback
AC9M10SP01,10,math,8,8,false,false,true,8,16,16,16,0,0,0,0,0,quiz/year-10/math/ac9m10sp01/practice/questions.js,quiz/year-10/math/ac9m10sp01/practice/questions.js,practice below 24; dedicated test below 16; practice and test load the same source; 8 practice/test duplicate prompts; generic curriculum-description items; truncated prompt or answer text; missing summary + hint feedback
AC9M10SP02,10,math,8,8,false,false,true,8,16,16,16,0,0,0,0,0,quiz/year-10/math/ac9m10sp02/practice/questions.js,quiz/year-10/math/ac9m10sp02/practice/questions.js,practice below 24; dedicated test below 16; practice and test load the same source; 8 practice/test duplicate prompts; generic curriculum-description items; truncated prompt or answer text; missing summary + hint feedback
AC9M10SP03,10,math,8,8,false,false,true,8,16,16,16,0,0,0,0,0,quiz/year-10/math/ac9m10sp03/practice/questions.js,quiz/year-10/math/ac9m10sp03/practice/questions.js,practice below 24; dedicated test below 16; practice and test load the same source; 8 practice/test duplicate prompts; generic curriculum-description items; truncated prompt or answer text; missing summary + hint feedback
AC9M10ST01,10,math,8,8,false,false,true,8,16,16,16,0,0,0,0,0,quiz/year-10/math/ac9m10st01/practice/questions.js,quiz/year-10/math/ac9m10st01/practice/questions.js,practice below 24; dedicated test below 16; practice and test load the same source; 8 practice/test duplicate prompts; generic curriculum-description items; truncated prompt or answer text; missing summary + hint feedback
AC9M10ST02,10,math,8,8,false,false,true,8,16,16,16,0,0,0,0,0,quiz/year-10/math/ac9m10st02/practice/questions.js,quiz/year-10/math/ac9m10st02/practice/questions.js,practice below 24; dedicated test below 16; practice and test load the same source; 8 practice/test duplicate prompts; generic curriculum-description items; truncated prompt or answer text; missing summary + hint feedback
AC9M10ST03,10,math,8,8,false,false,true,8,16,16,16,0,0,0,0,0,quiz/year-10/math/ac9m10st03/practice/questions.js,quiz/year-10/math/ac9m10st03/practice/questions.js,practice below 24; dedicated test below 16; practice and test load the same source; 8 practice/test duplicate prompts; generic curriculum-description items; truncated prompt or answer text; missing summary + hint feedback
AC9M10ST04,10,math,8,8,false,false,true,8,16,16,16,0,0,0,0,0,quiz/year-10/math/ac9m10st04/practice/questions.js,quiz/year-10/math/ac9m10st04/practice/questions.js,practice below 24; dedicated test below 16; practice and test load the same source; 8 practice/test duplicate prompts; generic curriculum-description items; truncated prompt or answer text; missing summary + hint feedback
AC9M10ST05,10,math,8,8,false,false,true,8,16,16,16,0,0,0,0,0,quiz/year-10/math/ac9m10st05/practice/questions.js,quiz/year-10/math/ac9m10st05/practice/questions.js,practice below 24; dedicated test below 16; practice and test load the same source; 8 practice/test duplicate prompts; generic curriculum-description items; truncated prompt or answer text; missing summary + hint feedback
AC9S10H01,10,science,8,8,false,false,true,8,16,16,16,0,0,0,0,0,quiz/year-10/science/ac9s10h01/practice/questions.js,quiz/year-10/science/ac9s10h01/practice/questions.js,practice below 24; dedicated test below 16; practice and test load the same source; 8 practice/test duplicate prompts; generic curriculum-description items; truncated prompt or answer text; missing summary + hint feedback
AC9S10H02,10,science,8,8,false,false,true,8,16,16,16,0,0,0,0,0,quiz/year-10/science/ac9s10h02/practice/questions.js,quiz/year-10/science/ac9s10h02/practice/questions.js,practice below 24; dedicated test below 16; practice and test load the same source; 8 practice/test duplicate prompts; generic curriculum-description items; truncated prompt or answer text; missing summary + hint feedback
AC9S10H03,10,science,8,8,false,false,true,8,16,16,16,0,0,0,0,0,quiz/year-10/science/ac9s10h03/practice/questions.js,quiz/year-10/science/ac9s10h03/practice/questions.js,practice below 24; dedicated test below 16; practice and test load the same source; 8 practice/test duplicate prompts; generic curriculum-description items; truncated prompt or answer text; missing summary + hint feedback
AC9S10H04,10,science,8,8,false,false,true,8,16,16,16,0,0,0,0,0,quiz/year-10/science/ac9s10h04/practice/questions.js,quiz/year-10/science/ac9s10h04/practice/questions.js,practice below 24; dedicated test below 16; practice and test load the same source; 8 practice/test duplicate prompts; generic curriculum-description items; truncated prompt or answer text; missing summary + hint feedback
AC9S10I01,10,science,8,8,false,false,true,8,16,16,16,0,0,0,0,0,quiz/year-10/science/ac9s10i01/practice/questions.js,quiz/year-10/science/ac9s10i01/practice/questions.js,practice below 24; dedicated test below 16; practice and test load the same source; 8 practice/test duplicate prompts; generic curriculum-description items; truncated prompt or answer text; missing summary + hint feedback
AC9S10I02,10,science,8,8,false,false,true,8,16,16,16,0,0,0,0,0,quiz/year-10/science/ac9s10i02/practice/questions.js,quiz/year-10/science/ac9s10i02/practice/questions.js,practice below 24; dedicated test below 16; practice and test load the same source; 8 practice/test duplicate prompts; generic curriculum-description items; truncated prompt or answer text; missing summary + hint feedback
AC9S10I03,10,science,8,8,false,false,true,8,16,16,16,0,0,0,0,0,quiz/year-10/science/ac9s10i03/practice/questions.js,quiz/year-10/science/ac9s10i03/practice/questions.js,practice below 24; dedicated test below 16; practice and test load the same source; 8 practice/test duplicate prompts; generic curriculum-description items; truncated prompt or answer text; missing summary + hint feedback
AC9S10I04,10,science,8,8,false,false,true,8,16,16,16,0,0,0,0,0,quiz/year-10/science/ac9s10i04/practice/questions.js,quiz/year-10/science/ac9s10i04/practice/questions.js,practice below 24; dedicated test below 16; practice and test load the same source; 8 practice/test duplicate prompts; generic curriculum-description items; truncated prompt or answer text; missing summary + hint feedback
AC9S10I05,10,science,8,8,false,false,true,8,16,16,16,0,0,0,0,0,quiz/year-10/science/ac9s10i05/practice/questions.js,quiz/year-10/science/ac9s10i05/practice/questions.js,practice below 24; dedicated test below 16; practice and test load the same source; 8 practice/test duplicate prompts; generic curriculum-description items; truncated prompt or answer text; missing summary + hint feedback
AC9S10I06,10,science,8,8,false,false,true,8,16,16,16,0,0,0,0,0,quiz/year-10/science/ac9s10i06/practice/questions.js,quiz/year-10/science/ac9s10i06/practice/questions.js,practice below 24; dedicated test below 16; practice and test load the same source; 8 practice/test duplicate prompts; generic curriculum-description items; truncated prompt or answer text; missing summary + hint feedback
AC9S10I07,10,science,8,8,false,false,true,8,16,16,16,0,0,0,0,0,quiz/year-10/science/ac9s10i07/practice/questions.js,quiz/year-10/science/ac9s10i07/practice/questions.js,practice below 24; dedicated test below 16; practice and test load the same source; 8 practice/test duplicate prompts; generic curriculum-description items; truncated prompt or answer text; missing summary + hint feedback
AC9S10I08,10,science,8,8,false,false,true,8,16,16,16,0,0,0,0,0,quiz/year-10/science/ac9s10i08/practice/questions.js,quiz/year-10/science/ac9s10i08/practice/questions.js,practice below 24; dedicated test below 16; practice and test load the same source; 8 practice/test duplicate prompts; generic curriculum-description items; truncated prompt or answer text; missing summary + hint feedback
AC9S10U01,10,science,8,8,false,false,true,8,16,16,16,0,0,0,0,0,quiz/year-10/science/ac9s10u01/practice/questions.js,quiz/year-10/science/ac9s10u01/practice/questions.js,practice below 24; dedicated test below 16; practice and test load the same source; 8 practice/test duplicate prompts; generic curriculum-description items; truncated prompt or answer text; missing summary + hint feedback
AC9S10U02,10,science,8,8,false,false,true,8,16,16,16,0,0,0,0,0,quiz/year-10/science/ac9s10u02/practice/questions.js,quiz/year-10/science/ac9s10u02/practice/questions.js,practice below 24; dedicated test below 16; practice and test load the same source; 8 practice/test duplicate prompts; generic curriculum-description items; truncated prompt or answer text; missing summary + hint feedback
AC9S10U03,10,science,8,8,false,false,true,8,16,16,16,0,0,0,0,0,quiz/year-10/science/ac9s10u03/practice/questions.js,quiz/year-10/science/ac9s10u03/practice/questions.js,practice below 24; dedicated test below 16; practice and test load the same source; 8 practice/test duplicate prompts; generic curriculum-description items; truncated prompt or answer text; missing summary + hint feedback
AC9S10U04,10,science,8,8,false,false,true,8,16,16,16,0,0,0,0,0,quiz/year-10/science/ac9s10u04/practice/questions.js,quiz/year-10/science/ac9s10u04/practice/questions.js,practice below 24; dedicated test below 16; practice and test load the same source; 8 practice/test duplicate prompts; generic curriculum-description items; truncated prompt or answer text; missing summary + hint feedback
AC9S10U05,10,science,8,8,false,false,true,8,16,16,16,0,0,0,0,0,quiz/year-10/science/ac9s10u05/practice/questions.js,quiz/year-10/science/ac9s10u05/practice/questions.js,practice below 24; dedicated test below 16; practice and test load the same source; 8 practice/test duplicate prompts; generic curriculum-description items; truncated prompt or answer text; missing summary + hint feedback
AC9S10U06,10,science,8,8,false,false,true,8,16,16,16,0,0,0,0,0,quiz/year-10/science/ac9s10u06/practice/questions.js,quiz/year-10/science/ac9s10u06/practice/questions.js,practice below 24; dedicated test below 16; practice and test load the same source; 8 practice/test duplicate prompts; generic curriculum-description items; truncated prompt or answer text; missing summary + hint feedback
AC9S10U07,10,science,8,8,false,false,true,8,16,16,16,0,0,0,0,0,quiz/year-10/science/ac9s10u07/practice/questions.js,quiz/year-10/science/ac9s10u07/practice/questions.js,practice below 24; dedicated test below 16; practice and test load the same source; 8 practice/test duplicate prompts; generic curriculum-description items; truncated prompt or answer text; missing summary + hint feedback
AC9E10LA01,10,english,8,8,false,false,true,8,16,16,16,0,0,0,0,0,quiz/year-10/english/ac9e10la01/practice/questions.js,quiz/year-10/english/ac9e10la01/practice/questions.js,practice below 24; dedicated test below 16; practice and test load the same source; 8 practice/test duplicate prompts; generic curriculum-description items; truncated prompt or answer text; missing summary + hint feedback
AC9E10LA02,10,english,8,8,false,false,true,8,16,16,16,0,0,0,0,0,quiz/year-10/english/ac9e10la02/practice/questions.js,quiz/year-10/english/ac9e10la02/practice/questions.js,practice below 24; dedicated test below 16; practice and test load the same source; 8 practice/test duplicate prompts; generic curriculum-description items; truncated prompt or answer text; missing summary + hint feedback
AC9E10LA03,10,english,8,8,false,false,true,8,16,16,16,0,0,0,0,0,quiz/year-10/english/ac9e10la03/practice/questions.js,quiz/year-10/english/ac9e10la03/practice/questions.js,practice below 24; dedicated test below 16; practice and test load the same source; 8 practice/test duplicate prompts; generic curriculum-description items; truncated prompt or answer text; missing summary + hint feedback
AC9E10LA04,10,english,8,8,false,false,true,8,16,16,16,0,0,0,0,0,quiz/year-10/english/ac9e10la04/practice/questions.js,quiz/year-10/english/ac9e10la04/practice/questions.js,practice below 24; dedicated test below 16; practice and test load the same source; 8 practice/test duplicate prompts; generic curriculum-description items; truncated prompt or answer text; missing summary + hint feedback
AC9E10LA05,10,english,8,8,false,false,true,8,16,16,16,0,0,0,0,0,quiz/year-10/english/ac9e10la05/practice/questions.js,quiz/year-10/english/ac9e10la05/practice/questions.js,practice below 24; dedicated test below 16; practice and test load the same source; 8 practice/test duplicate prompts; generic curriculum-description items; truncated prompt or answer text; missing summary + hint feedback
AC9E10LA06,10,english,8,8,false,false,true,8,16,16,16,0,0,0,0,0,quiz/year-10/english/ac9e10la06/practice/questions.js,quiz/year-10/english/ac9e10la06/practice/questions.js,practice below 24; dedicated test below 16; practice and test load the same source; 8 practice/test duplicate prompts; generic curriculum-description items; truncated prompt or answer text; missing summary + hint feedback
AC9E10LA07,10,english,8,8,false,false,true,8,16,16,16,0,0,0,0,0,quiz/year-10/english/ac9e10la07/practice/questions.js,quiz/year-10/english/ac9e10la07/practice/questions.js,practice below 24; dedicated test below 16; practice and test load the same source; 8 practice/test duplicate prompts; generic curriculum-description items; truncated prompt or answer text; missing summary + hint feedback
AC9E10LA08,10,english,8,8,false,false,true,8,16,16,16,0,0,0,0,0,quiz/year-10/english/ac9e10la08/practice/questions.js,quiz/year-10/english/ac9e10la08/practice/questions.js,practice below 24; dedicated test below 16; practice and test load the same source; 8 practice/test duplicate prompts; generic curriculum-description items; truncated prompt or answer text; missing summary + hint feedback
AC9E10LA09,10,english,8,8,false,false,true,8,16,16,16,0,0,0,0,0,quiz/year-10/english/ac9e10la09/practice/questions.js,quiz/year-10/english/ac9e10la09/practice/questions.js,practice below 24; dedicated test below 16; practice and test load the same source; 8 practice/test duplicate prompts; generic curriculum-description items; truncated prompt or answer text; missing summary + hint feedback
AC9E10LE01,10,english,8,8,false,false,true,8,16,16,16,0,0,0,0,0,quiz/year-10/english/ac9e10le01/practice/questions.js,quiz/year-10/english/ac9e10le01/practice/questions.js,practice below 24; dedicated test below 16; practice and test load the same source; 8 practice/test duplicate prompts; generic curriculum-description items; truncated prompt or answer text; missing summary + hint feedback
AC9E10LE02,10,english,8,8,false,false,true,8,16,16,16,0,0,0,0,0,quiz/year-10/english/ac9e10le02/practice/questions.js,quiz/year-10/english/ac9e10le02/practice/questions.js,practice below 24; dedicated test below 16; practice and test load the same source; 8 practice/test duplicate prompts; generic curriculum-description items; truncated prompt or answer text; missing summary + hint feedback
AC9E10LE03,10,english,8,8,false,false,true,8,16,16,16,0,0,0,0,0,quiz/year-10/english/ac9e10le03/practice/questions.js,quiz/year-10/english/ac9e10le03/practice/questions.js,practice below 24; dedicated test below 16; practice and test load the same source; 8 practice/test duplicate prompts; generic curriculum-description items; truncated prompt or answer text; missing summary + hint feedback
AC9E10LE04,10,english,8,8,false,false,true,8,16,16,16,0,0,0,0,0,quiz/year-10/english/ac9e10le04/practice/questions.js,quiz/year-10/english/ac9e10le04/practice/questions.js,practice below 24; dedicated test below 16; practice and test load the same source; 8 practice/test duplicate prompts; generic curriculum-description items; truncated prompt or answer text; missing summary + hint feedback
AC9E10LE05,10,english,8,8,false,false,true,8,16,16,16,0,0,0,0,0,quiz/year-10/english/ac9e10le05/practice/questions.js,quiz/year-10/english/ac9e10le05/practice/questions.js,practice below 24; dedicated test below 16; practice and test load the same source; 8 practice/test duplicate prompts; generic curriculum-description items; truncated prompt or answer text; missing summary + hint feedback
AC9E10LE06,10,english,8,8,false,false,true,8,16,16,16,0,0,0,0,0,quiz/year-10/english/ac9e10le06/practice/questions.js,quiz/year-10/english/ac9e10le06/practice/questions.js,practice below 24; dedicated test below 16; practice and test load the same source; 8 practice/test duplicate prompts; generic curriculum-description items; truncated prompt or answer text; missing summary + hint feedback
AC9E10LE07,10,english,8,8,false,false,true,8,16,16,16,0,0,0,0,0,quiz/year-10/english/ac9e10le07/practice/questions.js,quiz/year-10/english/ac9e10le07/practice/questions.js,practice below 24; dedicated test below 16; practice and test load the same source; 8 practice/test duplicate prompts; generic curriculum-description items; truncated prompt or answer text; missing summary + hint feedback
AC9E10LE08,10,english,8,8,false,false,true,8,16,16,16,0,0,0,0,0,quiz/year-10/english/ac9e10le08/practice/questions.js,quiz/year-10/english/ac9e10le08/practice/questions.js,practice below 24; dedicated test below 16; practice and test load the same source; 8 practice/test duplicate prompts; generic curriculum-description items; truncated prompt or answer text; missing summary + hint feedback
AC9E10LY01,10,english,8,8,false,false,true,8,16,16,16,0,0,0,0,0,quiz/year-10/english/ac9e10ly01/practice/questions.js,quiz/year-10/english/ac9e10ly01/practice/questions.js,practice below 24; dedicated test below 16; practice and test load the same source; 8 practice/test duplicate prompts; generic curriculum-description items; truncated prompt or answer text; missing summary + hint feedback
AC9E10LY02,10,english,8,8,false,false,true,8,16,16,16,0,0,0,0,0,quiz/year-10/english/ac9e10ly02/practice/questions.js,quiz/year-10/english/ac9e10ly02/practice/questions.js,practice below 24; dedicated test below 16; practice and test load the same source; 8 practice/test duplicate prompts; generic curriculum-description items; truncated prompt or answer text; missing summary + hint feedback
AC9E10LY03,10,english,8,8,false,false,true,8,16,16,16,0,0,0,0,0,quiz/year-10/english/ac9e10ly03/practice/questions.js,quiz/year-10/english/ac9e10ly03/practice/questions.js,practice below 24; dedicated test below 16; practice and test load the same source; 8 practice/test duplicate prompts; generic curriculum-description items; truncated prompt or answer text; missing summary + hint feedback
AC9E10LY04,10,english,8,8,false,false,true,8,16,16,16,0,0,0,0,0,quiz/year-10/english/ac9e10ly04/practice/questions.js,quiz/year-10/english/ac9e10ly04/practice/questions.js,practice below 24; dedicated test below 16; practice and test load the same source; 8 practice/test duplicate prompts; generic curriculum-description items; truncated prompt or answer text; missing summary + hint feedback
AC9E10LY05,10,english,8,8,false,false,true,8,16,16,16,0,0,0,0,0,quiz/year-10/english/ac9e10ly05/practice/questions.js,quiz/year-10/english/ac9e10ly05/practice/questions.js,practice below 24; dedicated test below 16; practice and test load the same source; 8 practice/test duplicate prompts; generic curriculum-description items; truncated prompt or answer text; missing summary + hint feedback
AC9E10LY06,10,english,8,8,false,false,true,8,16,16,16,0,0,0,0,0,quiz/year-10/english/ac9e10ly06/practice/questions.js,quiz/year-10/english/ac9e10ly06/practice/questions.js,practice below 24; dedicated test below 16; practice and test load the same source; 8 practice/test duplicate prompts; generic curriculum-description items; truncated prompt or answer text; missing summary + hint feedback
AC9E10LY07,10,english,8,8,false,false,true,8,16,16,16,0,0,0,0,0,quiz/year-10/english/ac9e10ly07/practice/questions.js,quiz/year-10/english/ac9e10ly07/practice/questions.js,practice below 24; dedicated test below 16; practice and test load the same source; 8 practice/test duplicate prompts; generic curriculum-description items; truncated prompt or answer text; missing summary + hint feedback
AC9E10LY08,10,english,8,8,false,false,true,8,16,16,16,0,0,0,0,0,quiz/year-10/english/ac9e10ly08/practice/questions.js,quiz/year-10/english/ac9e10ly08/practice/questions.js,practice below 24; dedicated test below 16; practice and test load the same source; 8 practice/test duplicate prompts; generic curriculum-description items; truncated prompt or answer text; missing summary + hint feedback
