skill_code,skill_title,bank,question_id,question,options,correct_answer,explanation,response_type,question_type,cognitive_demand,acceptance_note,visual,ixl_reference_url,curriculum_source,qa_status
AC9M1N01,Numbers to 120,practice,P01,Which numeral means seventeen?,"{""A"": ""71"", ""B"": ""17"", ""C"": ""7""}",B,Seventeen is written 17. The 1 comes before the 7.,mcq,word to numeral,recognise,,null,https://au.ixl.com/maths/year-1/use-place-value-to-compare-numbers-up-to-120,https://www.qcaa.qld.edu.au/downloads/aciqv9/mathematics/curriculum/ac9_maths_yr1_as_cd_alignment.pdf,owner_requested_import
AC9M1N01,Numbers to 120,practice,P02,"Each full strip holds 10 counters. There are 3 full strips and 4 loose counters.
Which number is shown?","{""A"": ""43"", ""B"": ""30"", ""C"": ""34""}",C,"Three full strips show 30 counters. With 4 loose counters, the number is 34.",mcq,grouped quantity to numeral,apply,,"{""type"": ""groups"", ""groups"": [10, 10, 10, 4], ""label"": ""Counters""}",https://au.ixl.com/maths/year-1/use-place-value-to-compare-numbers-up-to-120,https://www.qcaa.qld.edu.au/downloads/aciqv9/mathematics/curriculum/ac9_maths_yr1_as_cd_alignment.pdf,owner_requested_import
AC9M1N01,Numbers to 120,practice,P03,"Put these number cards in order from smallest to largest: 27, 19, 31.
Which order is right?","{""A"": ""31, 27, 19"", ""B"": ""19, 31, 27"", ""C"": ""19, 27, 31""}",C,19 comes before 27 when counting. 31 comes after both.,mcq,order three numerals,apply,,null,https://au.ixl.com/maths/year-1/use-place-value-to-compare-numbers-up-to-120,https://www.qcaa.qld.edu.au/downloads/aciqv9/mathematics/curriculum/ac9_maths_yr1_as_cd_alignment.pdf,owner_requested_import
AC9M1N01,Numbers to 120,practice,P04,"A page number is written in words: forty-six.
Write its numeral.",{},46,Forty-six is written 46: 4 tens and 6 ones.,short_answer,word to numeral,apply,,null,https://au.ixl.com/maths/year-1/use-place-value-to-compare-numbers-up-to-120,https://www.qcaa.qld.edu.au/downloads/aciqv9/mathematics/curriculum/ac9_maths_yr1_as_cd_alignment.pdf,owner_requested_import
AC9M1N01,Numbers to 120,practice,P05,"These are neighbouring marks on a number line. Every mark is 1 more.
52 — 53 — ? — 55
Which number belongs at the missing mark?","{""A"": ""51"", ""B"": ""54"", ""C"": ""56""}",B,54 comes after 53 and before 55.,mcq,unit number-line position,apply,,"{""type"": ""table"", ""headers"": [""Mark 1"", ""Mark 2"", ""Mark 3"", ""Mark 4""], ""rows"": [[""52"", ""53"", ""?"", ""55""]]}",https://au.ixl.com/maths/year-1/use-place-value-to-compare-numbers-up-to-120,https://www.qcaa.qld.edu.au/downloads/aciqv9/mathematics/curriculum/ac9_maths_yr1_as_cd_alignment.pdf,owner_requested_import
AC9M1N01,Numbers to 120,practice,P06,"Read this part of a number chart.
61  62  63  64
71  72  73  74
Which number is directly below 63?","{""A"": ""64"", ""B"": ""72"", ""C"": ""73""}",C,"73 is in the same column as 63, in the row below it.",mcq,locate numeral in chart,recognise,,"{""type"": ""grid"", ""rows"": [[""61"", ""62"", ""63"", ""64""], [""71"", ""72"", ""73"", ""74""]], ""caption"": ""Part of a number chart""}",https://au.ixl.com/maths/year-1/use-place-value-to-compare-numbers-up-to-120,https://www.qcaa.qld.edu.au/downloads/aciqv9/mathematics/curriculum/ac9_maths_yr1_as_cd_alignment.pdf,owner_requested_import
AC9M1N01,Numbers to 120,practice,P07,Which set shows 80 counters? Each full strip holds 10 counters.,"{""A"": ""10 full strips"", ""B"": ""8 full strips"", ""C"": ""8 loose counters""}",B,Eight strips of 10 show 80 counters.,mcq,choose matching representation,apply,,null,https://au.ixl.com/maths/year-1/use-place-value-to-compare-numbers-up-to-120,https://www.qcaa.qld.edu.au/downloads/aciqv9/mathematics/curriculum/ac9_maths_yr1_as_cd_alignment.pdf,owner_requested_import
AC9M1N01,Numbers to 120,practice,P08,"Write these number cards from smallest to largest:
48, 84, 40",{},"40, 48, 84",40 and 48 both come before 84. 40 comes before 48.,short_answer,order three numerals,apply,"Accept 40, 48, 84 in that order, with any clear separators.",null,https://au.ixl.com/maths/year-1/use-place-value-to-compare-numbers-up-to-120,https://www.qcaa.qld.edu.au/downloads/aciqv9/mathematics/curriculum/ac9_maths_yr1_as_cd_alignment.pdf,owner_requested_import
AC9M1N01,Numbers to 120,practice,P09,Which number comes immediately after 99?,"{""A"": ""100"", ""B"": ""90"", ""C"": ""109""}",A,Counting past 99 gives 100.,mcq,cross decade or hundred boundary,apply,,null,https://au.ixl.com/maths/year-1/use-place-value-to-compare-numbers-up-to-120,https://www.qcaa.qld.edu.au/downloads/aciqv9/mathematics/curriculum/ac9_maths_yr1_as_cd_alignment.pdf,owner_requested_import
AC9M1N01,Numbers to 120,practice,P10,"A chart counts across each row by ones.
96  97  __  99  100
Which number fills the empty space?","{""A"": ""101"", ""B"": ""98"", ""C"": ""88""}",B,98 comes between 97 and 99.,mcq,complete chart row,apply,,"{""type"": ""table"", ""headers"": [""Position 1"", ""Position 2"", ""Position 3"", ""Position 4"", ""Position 5""], ""rows"": [[""96"", ""97"", ""__"", ""99"", ""100""]]}",https://au.ixl.com/maths/year-1/use-place-value-to-compare-numbers-up-to-120,https://www.qcaa.qld.edu.au/downloads/aciqv9/mathematics/curriculum/ac9_maths_yr1_as_cd_alignment.pdf,owner_requested_import
AC9M1N01,Numbers to 120,practice,P11,"One card says 106. Another says 116.
Which sentence is true?","{""A"": ""106 is smaller than 116"", ""B"": ""The cards show the same number"", ""C"": ""106 is larger than 116""}",A,106 comes before 116 when counting.,mcq,compare two numerals,reason,,null,https://au.ixl.com/maths/year-1/use-place-value-to-compare-numbers-up-to-120,https://www.qcaa.qld.edu.au/downloads/aciqv9/mathematics/curriculum/ac9_maths_yr1_as_cd_alignment.pdf,owner_requested_import
AC9M1N01,Numbers to 120,practice,P12,"These marks are 1 apart on a number line.
107 — __ — 109 — 110
Write the missing number.",{},108,108 sits between 107 and 109.,short_answer,unit number-line position,apply,,"{""type"": ""table"", ""headers"": [""Mark 1"", ""Mark 2"", ""Mark 3"", ""Mark 4""], ""rows"": [[""107"", ""__"", ""109"", ""110""]]}",https://au.ixl.com/maths/year-1/use-place-value-to-compare-numbers-up-to-120,https://www.qcaa.qld.edu.au/downloads/aciqv9/mathematics/curriculum/ac9_maths_yr1_as_cd_alignment.pdf,owner_requested_import
AC9M1N01,Numbers to 120,practice,P13,Which card says one hundred and twenty?,"{""A"": ""102"", ""B"": ""112"", ""C"": ""120""}",C,One hundred and twenty is written 120.,mcq,recognise three-digit numeral,recognise,,null,https://au.ixl.com/maths/year-1/use-place-value-to-compare-numbers-up-to-120,https://www.qcaa.qld.edu.au/downloads/aciqv9/mathematics/curriculum/ac9_maths_yr1_as_cd_alignment.pdf,owner_requested_import
AC9M1N01,Numbers to 120,practice,P14,"Read this part of a number chart.
88  89  90
98  99  100
108  109  110
Which number is directly above 109?","{""A"": ""100"", ""B"": ""99"", ""C"": ""108""}",B,99 is one row above 109 in the same column.,mcq,locate numeral in chart,apply,,"{""type"": ""grid"", ""rows"": [[""88"", ""89"", ""90""], [""98"", ""99"", ""100""], [""108"", ""109"", ""110""]], ""caption"": ""Part of a number chart""}",https://au.ixl.com/maths/year-1/use-place-value-to-compare-numbers-up-to-120,https://www.qcaa.qld.edu.au/downloads/aciqv9/mathematics/curriculum/ac9_maths_yr1_as_cd_alignment.pdf,owner_requested_import
AC9M1N01,Numbers to 120,practice,P15,"These number cards are in order, with one space empty.
65, __, 68
Which card could go in the space?","{""A"": ""67"", ""B"": ""64"", ""C"": ""69""}",A,67 is larger than 65 and smaller than 68.,mcq,choose number between bounds,reason,,null,https://au.ixl.com/maths/year-1/use-place-value-to-compare-numbers-up-to-120,https://www.qcaa.qld.edu.au/downloads/aciqv9/mathematics/curriculum/ac9_maths_yr1_as_cd_alignment.pdf,owner_requested_import
AC9M1N01,Numbers to 120,practice,P16,"Each full strip holds 10 counters. There are 10 full strips and 3 loose counters.
Write the number shown.",{},103,"Ten strips show 100 counters. With 3 loose counters, the number is 103.",short_answer,grouped quantity to numeral,apply,,"{""type"": ""groups"", ""groups"": [10, 10, 10, 10, 10, 10, 10, 10, 10, 10, 3], ""label"": ""Counters""}",https://au.ixl.com/maths/year-1/use-place-value-to-compare-numbers-up-to-120,https://www.qcaa.qld.edu.au/downloads/aciqv9/mathematics/curriculum/ac9_maths_yr1_as_cd_alignment.pdf,owner_requested_import
AC9M1N01,Numbers to 120,practice,P17,"The marks on a number line are 1 apart.
112 — 113 — 114 — 115
Which number is farthest to the left?","{""A"": ""115"", ""B"": ""112"", ""C"": ""114""}",B,Numbers increase towards the right on this line. 112 is farthest left.,mcq,read number-line order,recognise,,"{""type"": ""table"", ""headers"": [""Leftmost mark"", ""Next mark"", ""Next mark"", ""Rightmost mark""], ""rows"": [[""112"", ""113"", ""114"", ""115""]]}",https://au.ixl.com/maths/year-1/use-place-value-to-compare-numbers-up-to-120,https://www.qcaa.qld.edu.au/downloads/aciqv9/mathematics/curriculum/ac9_maths_yr1_as_cd_alignment.pdf,owner_requested_import
AC9M1N01,Numbers to 120,practice,P18,"The card 72 is labelled seventy-two. The card 27 is also labelled seventy-two.
Which card has the wrong label?","{""A"": ""27"", ""B"": ""72"", ""C"": ""Neither card""}",A,27 means twenty-seven. Seventy-two is written 72.,mcq,repair numeral-word match,reason,,null,https://au.ixl.com/maths/year-1/use-place-value-to-compare-numbers-up-to-120,https://www.qcaa.qld.edu.au/downloads/aciqv9/mathematics/curriculum/ac9_maths_yr1_as_cd_alignment.pdf,owner_requested_import
AC9M1N01,Numbers to 120,practice,P19,Which list is ordered from largest to smallest?,"{""A"": ""98, 108, 118"", ""B"": ""118, 98, 108"", ""C"": ""118, 108, 98""}",C,"118 is largest, then 108, then 98.",mcq,descending order,apply,,null,https://au.ixl.com/maths/year-1/use-place-value-to-compare-numbers-up-to-120,https://www.qcaa.qld.edu.au/downloads/aciqv9/mathematics/curriculum/ac9_maths_yr1_as_cd_alignment.pdf,owner_requested_import
AC9M1N01,Numbers to 120,practice,P20,"Choose two different numbers between 90 and 94. Do not use 90 or 94.
Write your numbers from smallest to largest.",{},"91, 93","91, 92 and 93 are all between 90 and 94. Any two of them can be placed in order.",short_answer,create ordered selection,create,"Accept 91,92; 91,93; or 92,93 in increasing order.",null,https://au.ixl.com/maths/year-1/use-place-value-to-compare-numbers-up-to-120,https://www.qcaa.qld.edu.au/downloads/aciqv9/mathematics/curriculum/ac9_maths_yr1_as_cd_alignment.pdf,owner_requested_import
AC9M1N01,Numbers to 120,practice,P21,"A chart counts across the row by ones.
111  112  113  115  115
Which number should replace the FIRST 115?","{""A"": ""114"", ""B"": ""110"", ""C"": ""116""}",A,"The row should read 111, 112, 113, 114, 115.",mcq,repair number chart,reason,,"{""type"": ""table"", ""headers"": [""Position 1"", ""Position 2"", ""Position 3"", ""Position 4"", ""Position 5""], ""rows"": [[""111"", ""112"", ""113"", ""115"", ""115""]]}",https://au.ixl.com/maths/year-1/use-place-value-to-compare-numbers-up-to-120,https://www.qcaa.qld.edu.au/downloads/aciqv9/mathematics/curriculum/ac9_maths_yr1_as_cd_alignment.pdf,owner_requested_import
AC9M1N01,Numbers to 120,practice,P22,Which label matches 12 full strips of 10 counters?,"{""A"": ""One hundred and twenty"", ""B"": ""One hundred and two"", ""C"": ""Twelve""}",A,Twelve full strips of 10 show 120 counters.,mcq,representation to number words,apply,,"{""type"": ""groups"", ""groups"": [10, 10, 10, 10, 10, 10, 10, 10, 10, 10, 10, 10], ""label"": ""Counters""}",https://au.ixl.com/maths/year-1/use-place-value-to-compare-numbers-up-to-120,https://www.qcaa.qld.edu.au/downloads/aciqv9/mathematics/curriculum/ac9_maths_yr1_as_cd_alignment.pdf,owner_requested_import
AC9M1N01,Numbers to 120,practice,P23,"A number card is larger than 105 and smaller than 110.
Which card fits both clues?","{""A"": ""111"", ""B"": ""104"", ""C"": ""108""}",C,108 comes after 105 and before 110.,mcq,two-clue numeral selection,reason,,null,https://au.ixl.com/maths/year-1/use-place-value-to-compare-numbers-up-to-120,https://www.qcaa.qld.edu.au/downloads/aciqv9/mathematics/curriculum/ac9_maths_yr1_as_cd_alignment.pdf,owner_requested_import
AC9M1N01,Numbers to 120,practice,P24,"Four cards should be in order from smallest to largest.
101, 110, 109, 120
Write them in the correct order.",{},"101, 109, 110, 120","109 comes before 110. The correct order is 101, 109, 110, 120.",short_answer,repair ordered list,reason,"Accept exactly these four numerals in increasing order, with any clear separators.",null,https://au.ixl.com/maths/year-1/use-place-value-to-compare-numbers-up-to-120,https://www.qcaa.qld.edu.au/downloads/aciqv9/mathematics/curriculum/ac9_maths_yr1_as_cd_alignment.pdf,owner_requested_import
AC9M1N01,Numbers to 120,test,T01,Which number is one hundred and nine?,"{""A"": ""190"", ""B"": ""109"", ""C"": ""119""}",B,One hundred and nine is written 109.,mcq,recognise three-digit numeral,recognise,,null,https://au.ixl.com/maths/year-1/use-place-value-to-compare-numbers-up-to-120,https://www.qcaa.qld.edu.au/downloads/aciqv9/mathematics/curriculum/ac9_maths_yr1_as_cd_alignment.pdf,owner_requested_import
AC9M1N01,Numbers to 120,test,T02,"A number is shown by 6 full strips of 10 counters and 2 loose counters.
Which card matches?","{""A"": ""26"", ""B"": ""68"", ""C"": ""62""}",C,Six strips show 60 counters. Two more make 62.,mcq,grouped quantity to numeral,apply,,"{""type"": ""groups"", ""groups"": [10, 10, 10, 10, 10, 10, 2], ""label"": ""Counters""}",https://au.ixl.com/maths/year-1/use-place-value-to-compare-numbers-up-to-120,https://www.qcaa.qld.edu.au/downloads/aciqv9/mathematics/curriculum/ac9_maths_yr1_as_cd_alignment.pdf,owner_requested_import
AC9M1N01,Numbers to 120,test,T03,Which list goes from smallest to largest?,"{""A"": ""97, 79, 107"", ""B"": ""79, 97, 107"", ""C"": ""107, 97, 79""}",B,"79 comes before 97, and 97 comes before 107.",mcq,order three numerals,apply,,null,https://au.ixl.com/maths/year-1/use-place-value-to-compare-numbers-up-to-120,https://www.qcaa.qld.edu.au/downloads/aciqv9/mathematics/curriculum/ac9_maths_yr1_as_cd_alignment.pdf,owner_requested_import
AC9M1N01,Numbers to 120,test,T04,Write the number immediately before 120.,{},119,"The counting order ends 118, 119, 120.",short_answer,cross decade or hundred boundary,apply,,null,https://au.ixl.com/maths/year-1/use-place-value-to-compare-numbers-up-to-120,https://www.qcaa.qld.edu.au/downloads/aciqv9/mathematics/curriculum/ac9_maths_yr1_as_cd_alignment.pdf,owner_requested_import
AC9M1N01,Numbers to 120,test,T05,"Read this part of a number chart.
76  77  78
86  87  88
96  97  98
Which number is directly below 87?","{""A"": ""96"", ""B"": ""97"", ""C"": ""88""}",B,97 is directly below 87 in the same column.,mcq,locate numeral in chart,apply,,"{""type"": ""grid"", ""rows"": [[""76"", ""77"", ""78""], [""86"", ""87"", ""88""], [""96"", ""97"", ""98""]], ""caption"": ""Part of a number chart""}",https://au.ixl.com/maths/year-1/use-place-value-to-compare-numbers-up-to-120,https://www.qcaa.qld.edu.au/downloads/aciqv9/mathematics/curriculum/ac9_maths_yr1_as_cd_alignment.pdf,owner_requested_import
AC9M1N01,Numbers to 120,test,T06,"The marks on a number line are 1 apart.
98 — 99 — ? — 101
Which number belongs at the missing mark?","{""A"": ""100"", ""B"": ""110"", ""C"": ""90""}",A,100 lies after 99 and before 101.,mcq,unit number-line position,apply,,"{""type"": ""table"", ""headers"": [""Mark 1"", ""Mark 2"", ""Mark 3"", ""Mark 4""], ""rows"": [[""98"", ""99"", ""?"", ""101""]]}",https://au.ixl.com/maths/year-1/use-place-value-to-compare-numbers-up-to-120,https://www.qcaa.qld.edu.au/downloads/aciqv9/mathematics/curriculum/ac9_maths_yr1_as_cd_alignment.pdf,owner_requested_import
AC9M1N01,Numbers to 120,test,T07,A card says 114. Which label should go with it?,"{""A"": ""One hundred and forty"", ""B"": ""One hundred and four"", ""C"": ""One hundred and fourteen""}",C,114 is read as one hundred and fourteen.,mcq,numeral to words,recognise,,null,https://au.ixl.com/maths/year-1/use-place-value-to-compare-numbers-up-to-120,https://www.qcaa.qld.edu.au/downloads/aciqv9/mathematics/curriculum/ac9_maths_yr1_as_cd_alignment.pdf,owner_requested_import
AC9M1N01,Numbers to 120,test,T08,"Choose one whole number larger than 112 and smaller than 116.
Write your number.",{},114,"113, 114 and 115 are all larger than 112 and smaller than 116.",short_answer,create numeral from bounds,create,"Accept 113, 114 or 115.",null,https://au.ixl.com/maths/year-1/use-place-value-to-compare-numbers-up-to-120,https://www.qcaa.qld.edu.au/downloads/aciqv9/mathematics/curriculum/ac9_maths_yr1_as_cd_alignment.pdf,owner_requested_import
AC9M1N01,Numbers to 120,test,T09,"These cards should count on by ones.
57, 58, 59, 70, 61
Which card should replace 70?","{""A"": ""60"", ""B"": ""69"", ""C"": ""71""}",A,"The number after 59 is 60. The row should read 57, 58, 59, 60, 61.",mcq,repair counting order,reason,,null,https://au.ixl.com/maths/year-1/use-place-value-to-compare-numbers-up-to-120,https://www.qcaa.qld.edu.au/downloads/aciqv9/mathematics/curriculum/ac9_maths_yr1_as_cd_alignment.pdf,owner_requested_import
AC9M1N01,Numbers to 120,test,T10,Which number is smallest?,"{""A"": ""102"", ""B"": ""120"", ""C"": ""112""}",A,102 comes before both 112 and 120.,mcq,select minimum numeral,apply,,null,https://au.ixl.com/maths/year-1/use-place-value-to-compare-numbers-up-to-120,https://www.qcaa.qld.edu.au/downloads/aciqv9/mathematics/curriculum/ac9_maths_yr1_as_cd_alignment.pdf,owner_requested_import
AC9M1N01,Numbers to 120,test,T11,"Two models are labelled below. Every full strip holds 10 counters.
Model A: 9 full strips and 1 loose counter.
Model B: 1 full strip and 9 loose counters.
Which model shows 91?","{""A"": ""Model B"", ""B"": ""Both models"", ""C"": ""Model A""}",C,"Model A shows 90 and 1 more, which is 91. Model B shows 19.",mcq,compare place-value representations,reason,,"{""type"": ""table"", ""headers"": [""Model"", ""Full strips of 10"", ""Loose counters""], ""rows"": [[""A"", ""9"", ""1""], [""B"", ""1"", ""9""]]}",https://au.ixl.com/maths/year-1/use-place-value-to-compare-numbers-up-to-120,https://www.qcaa.qld.edu.au/downloads/aciqv9/mathematics/curriculum/ac9_maths_yr1_as_cd_alignment.pdf,owner_requested_import
AC9M1N01,Numbers to 120,test,T12,"Write these cards from largest to smallest:
85, 105, 95",{},"105, 95, 85","105 is largest. 95 comes next, then 85.",short_answer,descending order,apply,"Accept 105, 95, 85 in that order, with any clear separators.",null,https://au.ixl.com/maths/year-1/use-place-value-to-compare-numbers-up-to-120,https://www.qcaa.qld.edu.au/downloads/aciqv9/mathematics/curriculum/ac9_maths_yr1_as_cd_alignment.pdf,owner_requested_import
AC9M1N01,Numbers to 120,test,T13,"The marks on a number line are 1 apart.
116 — 117 — 118 — 119
Which number is two marks to the right of 116?","{""A"": ""118"", ""B"": ""119"", ""C"": ""117""}",A,The first mark to the right is 117. The second is 118.,mcq,locate number-line position,apply,,"{""type"": ""table"", ""headers"": [""Mark 1"", ""Mark 2"", ""Mark 3"", ""Mark 4""], ""rows"": [[""116"", ""117"", ""118"", ""119""]]}",https://au.ixl.com/maths/year-1/use-place-value-to-compare-numbers-up-to-120,https://www.qcaa.qld.edu.au/downloads/aciqv9/mathematics/curriculum/ac9_maths_yr1_as_cd_alignment.pdf,owner_requested_import
AC9M1N01,Numbers to 120,test,T14,"Which card fits this space in an ordered row?
103, __, 106, 108","{""A"": ""109"", ""B"": ""102"", ""C"": ""105""}",C,"105 is after 103 and before 106, so the whole row stays in order.",mcq,choose number between bounds,reason,,null,https://au.ixl.com/maths/year-1/use-place-value-to-compare-numbers-up-to-120,https://www.qcaa.qld.edu.au/downloads/aciqv9/mathematics/curriculum/ac9_maths_yr1_as_cd_alignment.pdf,owner_requested_import
AC9M1N01,Numbers to 120,test,T15,"Part of a ten-column number chart is shown.
91  92  93  94  95
Which part of the next row belongs directly underneath it?","{""A"": ""96  97  98  99  100"", ""B"": ""101  102  103  104  105"", ""C"": ""81  82  83  84  85""}",B,"In this number chart, each number underneath is 10 more. 101 belongs under 91.",mcq,match chart rows,reason,,"{""type"": ""table"", ""headers"": [""Column 1"", ""Column 2"", ""Column 3"", ""Column 4"", ""Column 5""], ""rows"": [[""91"", ""92"", ""93"", ""94"", ""95""]]}",https://au.ixl.com/maths/year-1/use-place-value-to-compare-numbers-up-to-120,https://www.qcaa.qld.edu.au/downloads/aciqv9/mathematics/curriculum/ac9_maths_yr1_as_cd_alignment.pdf,owner_requested_import
AC9M1N01,Numbers to 120,test,T16,Write the number shown by 11 full strips of 10 counters and 8 loose counters.,{},118,"Eleven full strips show 110 counters. With 8 loose counters, the number is 118.",short_answer,grouped quantity to numeral,apply,,"{""type"": ""groups"", ""groups"": [10, 10, 10, 10, 10, 10, 10, 10, 10, 10, 10, 8], ""label"": ""Counters""}",https://au.ixl.com/maths/year-1/use-place-value-to-compare-numbers-up-to-120,https://www.qcaa.qld.edu.au/downloads/aciqv9/mathematics/curriculum/ac9_maths_yr1_as_cd_alignment.pdf,owner_requested_import
AC9M1N02,Partitioning Tens and Ones,practice,P01,"Seven counters are split into two groups.
Group A: ● ● ● ●
Group B: ● ● ●
Which two parts make 7?","{""A"": ""4 and 3"", ""B"": ""3 and 3"", ""C"": ""4 and 4""}",A,One group has 4 counters and the other has 3. Together they make 7.,mcq,read concrete two-part partition,recognise,,"{""type"": ""groups"", ""groups"": [4, 3], ""label"": ""Counters""}",https://au.ixl.com/maths/year-1/ways-to-make-a-number-tens-and-ones,https://www.qcaa.qld.edu.au/downloads/aciqv9/mathematics/curriculum/ac9_maths_yr1_as_cd_alignment.pdf,owner_requested_import
AC9M1N02,Partitioning Tens and Ones,practice,P02,A whole set has 4 buttons. Which split uses all 4 buttons?,"{""A"": ""1 and 3"", ""B"": ""1 and 2"", ""C"": ""2 and 3""}",A,1 button and 3 buttons make the whole set of 4.,mcq,choose two-part partition,apply,,null,https://au.ixl.com/maths/year-1/ways-to-make-a-number-tens-and-ones,https://www.qcaa.qld.edu.au/downloads/aciqv9/mathematics/curriculum/ac9_maths_yr1_as_cd_alignment.pdf,owner_requested_import
AC9M1N02,Partitioning Tens and Ones,practice,P03,"A whole set of 8 blocks is split into two trays.
Tray A has 5 blocks.
How many blocks are in tray B?","{""A"": ""5"", ""B"": ""4"", ""C"": ""3""}",C,8 can be split into 5 and 3.,mcq,missing part of a collection,apply,,"{""type"": ""table"", ""headers"": [""Whole set"", ""Tray A"", ""Tray B""], ""rows"": [[""8"", ""5"", ""?""]]}",https://au.ixl.com/maths/year-1/ways-to-make-a-number-tens-and-ones,https://www.qcaa.qld.edu.au/downloads/aciqv9/mathematics/curriculum/ac9_maths_yr1_as_cd_alignment.pdf,owner_requested_import
AC9M1N02,Partitioning Tens and Ones,practice,P04,"Split 6 counters into two non-empty groups.
Write how many counters are in each group.",{},2 and 4,2 and 4 is one way to split 6. Other two-part splits can also make 6.,short_answer,create two-part partition,create,"Accept any pair of positive whole numbers with total 6, in either order.",null,https://au.ixl.com/maths/year-1/ways-to-make-a-number-tens-and-ones,https://www.qcaa.qld.edu.au/downloads/aciqv9/mathematics/curriculum/ac9_maths_yr1_as_cd_alignment.pdf,owner_requested_import
AC9M1N02,Partitioning Tens and Ones,practice,P05,Which picture splits 9 counters into 6 and 3?,"{""A"": ""● ● ● ● ● ● | ● ● ●"", ""B"": ""● ● ● ● ● ● | ● ●"", ""C"": ""● ● ● ● ● | ● ● ● ●""}",A,The matching picture has 6 counters on one side and 3 on the other.,mcq,match partition to concrete model,apply,,null,https://au.ixl.com/maths/year-1/ways-to-make-a-number-tens-and-ones,https://www.qcaa.qld.edu.au/downloads/aciqv9/mathematics/curriculum/ac9_maths_yr1_as_cd_alignment.pdf,owner_requested_import
AC9M1N02,Partitioning Tens and Ones,practice,P06,"57 is split into tens and ones.
How many tens and ones are there?","{""A"": ""5 tens and 7 ones"", ""B"": ""5 tens and 2 ones"", ""C"": ""7 tens and 5 ones""}",A,"57 is 50 and 7, or 5 tens and 7 ones.",mcq,standard tens-and-ones partition,recognise,,null,https://au.ixl.com/maths/year-1/ways-to-make-a-number-tens-and-ones,https://www.qcaa.qld.edu.au/downloads/aciqv9/mathematics/curriculum/ac9_maths_yr1_as_cd_alignment.pdf,owner_requested_import
AC9M1N02,Partitioning Tens and Ones,practice,P07,"32 counters are split into a group of 20 and another group.
How many are in the other group?","{""A"": ""2"", ""B"": ""12"", ""C"": ""22""}",B,32 can be split into 20 and 12. The second group holds the remaining ten and two ones.,mcq,nonstandard missing part,apply,,null,https://au.ixl.com/maths/year-1/ways-to-make-a-number-tens-and-ones,https://www.qcaa.qld.edu.au/downloads/aciqv9/mathematics/curriculum/ac9_maths_yr1_as_cd_alignment.pdf,owner_requested_import
AC9M1N02,Partitioning Tens and Ones,practice,P08,"Split 46 into tens and ones.
46 = __ + __
Write the two parts.",{},40 and 6,"46 has 4 tens and 6 ones, so its parts are 40 and 6.",short_answer,write standard expanded partition,apply,"Accept 40 and 6 in either order, including 40 + 6.",null,https://au.ixl.com/maths/year-1/ways-to-make-a-number-tens-and-ones,https://www.qcaa.qld.edu.au/downloads/aciqv9/mathematics/curriculum/ac9_maths_yr1_as_cd_alignment.pdf,owner_requested_import
AC9M1N02,Partitioning Tens and Ones,practice,P09,"Two models each show some counters.
A: 2 full strips of 10 and 7 loose counters.
B: 1 full strip of 10 and 17 loose counters.
Which model shows 27?","{""A"": ""Only B"", ""B"": ""Only A"", ""C"": ""Both A and B""}",C,20 and 7 make 27. 10 and 17 also make 27.,mcq,compare equivalent partitions,reason,,"{""type"": ""table"", ""headers"": [""Model"", ""Full strips of 10"", ""Loose counters""], ""rows"": [[""A"", ""2"", ""7""], [""B"", ""1"", ""17""]]}",https://au.ixl.com/maths/year-1/ways-to-make-a-number-tens-and-ones,https://www.qcaa.qld.edu.au/downloads/aciqv9/mathematics/curriculum/ac9_maths_yr1_as_cd_alignment.pdf,owner_requested_import
AC9M1N02,Partitioning Tens and Ones,practice,P10,"Eight tiles are split into two equal groups.
Which split is right?","{""A"": ""3 and 5"", ""B"": ""2 and 6"", ""C"": ""4 and 4""}",C,"4 and 4 make 8, and the two parts are equal.",mcq,partition with equal-parts condition,apply,,null,https://au.ixl.com/maths/year-1/ways-to-make-a-number-tens-and-ones,https://www.qcaa.qld.edu.au/downloads/aciqv9/mathematics/curriculum/ac9_maths_yr1_as_cd_alignment.pdf,owner_requested_import
AC9M1N02,Partitioning Tens and Ones,practice,P11,"Complete this split of 64.
Whole: 64
Parts: 20 and ?
What is the missing part?","{""A"": ""4"", ""B"": ""44"", ""C"": ""24""}",B,20 and 44 make 64. This is a different split from 60 and 4.,mcq,nonstandard missing part,apply,,"{""type"": ""table"", ""headers"": [""Whole"", ""Part 1"", ""Part 2""], ""rows"": [[""64"", ""20"", ""?""]]}",https://au.ixl.com/maths/year-1/ways-to-make-a-number-tens-and-ones,https://www.qcaa.qld.edu.au/downloads/aciqv9/mathematics/curriculum/ac9_maths_yr1_as_cd_alignment.pdf,owner_requested_import
AC9M1N02,Partitioning Tens and Ones,practice,P12,"Eight counters are split into THREE groups.
The first two groups have 2 counters and 1 counter.
How many counters must be in the third group?",{},5,The first two groups use 3 counters. The other 5 complete the whole set of 8.,short_answer,complete three-part partition,apply,,"{""type"": ""table"", ""headers"": [""Whole"", ""Group 1"", ""Group 2"", ""Group 3""], ""rows"": [[""8"", ""2"", ""1"", ""?""]]}",https://au.ixl.com/maths/year-1/ways-to-make-a-number-tens-and-ones,https://www.qcaa.qld.edu.au/downloads/aciqv9/mathematics/curriculum/ac9_maths_yr1_as_cd_alignment.pdf,owner_requested_import
AC9M1N02,Partitioning Tens and Ones,practice,P13,Which model shows 41 counters?,"{""A"": ""3 full strips of 10 and 1 loose counter"", ""B"": ""3 full strips of 10 and 11 loose counters"", ""C"": ""4 full strips of 10 and 11 loose counters""}",B,30 and 11 make 41. A number can be shown with more than 9 loose counters.,mcq,recognise nonstandard representation,apply,,null,https://au.ixl.com/maths/year-1/ways-to-make-a-number-tens-and-ones,https://www.qcaa.qld.edu.au/downloads/aciqv9/mathematics/curriculum/ac9_maths_yr1_as_cd_alignment.pdf,owner_requested_import
AC9M1N02,Partitioning Tens and Ones,practice,P14,"70 is split into two parts. One part is 60.
What is the other part?","{""A"": ""1"", ""B"": ""60"", ""C"": ""10""}",C,60 and 10 make 70. Both parts are whole tens.,mcq,partition a multiple of ten,apply,,null,https://au.ixl.com/maths/year-1/ways-to-make-a-number-tens-and-ones,https://www.qcaa.qld.edu.au/downloads/aciqv9/mathematics/curriculum/ac9_maths_yr1_as_cd_alignment.pdf,owner_requested_import
AC9M1N02,Partitioning Tens and Ones,practice,P15,Which pair of splits BOTH make 53?,"{""A"": ""50 + 3 and 30 + 13"", ""B"": ""5 + 3 and 20 + 33"", ""C"": ""50 + 3 and 20 + 33""}",C,50 and 3 make 53. Moving 30 into the other part gives 20 and 33.,mcq,identify equivalent numeric partitions,reason,,null,https://au.ixl.com/maths/year-1/ways-to-make-a-number-tens-and-ones,https://www.qcaa.qld.edu.au/downloads/aciqv9/mathematics/curriculum/ac9_maths_yr1_as_cd_alignment.pdf,owner_requested_import
AC9M1N02,Partitioning Tens and Ones,practice,P16,"56 is shown as 5 full strips of 10 and 6 loose counters.
One strip is opened into 10 loose counters.
Complete the new model: 4 full strips and __ loose counters.",{},16,"Opening one strip moves 10 counters into the loose group. The loose group now has 16, and the whole is still 56.",short_answer,trade ten within representation,reason,,null,https://au.ixl.com/maths/year-1/ways-to-make-a-number-tens-and-ones,https://www.qcaa.qld.edu.au/downloads/aciqv9/mathematics/curriculum/ac9_maths_yr1_as_cd_alignment.pdf,owner_requested_import
AC9M1N02,Partitioning Tens and Ones,practice,P17,"A child writes this split: 26 = 20 + 16.
Keep the 20. What should replace 16?","{""A"": ""10"", ""B"": ""6"", ""C"": ""26""}",B,"The tens part is 20, so the ones part must be 6. 20 and 16 would make 36.",mcq,repair incorrect partition,reason,,null,https://au.ixl.com/maths/year-1/ways-to-make-a-number-tens-and-ones,https://www.qcaa.qld.edu.au/downloads/aciqv9/mathematics/curriculum/ac9_maths_yr1_as_cd_alignment.pdf,owner_requested_import
AC9M1N02,Partitioning Tens and Ones,practice,P18,"74 counters are shown with 6 full strips of 10 and some loose counters.
How many loose counters are needed?","{""A"": ""4"", ""B"": ""24"", ""C"": ""14""}",C,Six strips show 60. Another 14 counters make 74.,mcq,nonstandard tens-and-ones model,apply,,null,https://au.ixl.com/maths/year-1/ways-to-make-a-number-tens-and-ones,https://www.qcaa.qld.edu.au/downloads/aciqv9/mathematics/curriculum/ac9_maths_yr1_as_cd_alignment.pdf,owner_requested_import
AC9M1N02,Partitioning Tens and Ones,practice,P19,"Nine counters are split into three groups.
Which set of parts uses exactly 9 counters?","{""A"": ""3, 3 and 4"", ""B"": ""2, 3 and 4"", ""C"": ""2, 4 and 4""}",B,"2, 3 and 4 together make the whole set of 9.",mcq,choose three-part partition,apply,,null,https://au.ixl.com/maths/year-1/ways-to-make-a-number-tens-and-ones,https://www.qcaa.qld.edu.au/downloads/aciqv9/mathematics/curriculum/ac9_maths_yr1_as_cd_alignment.pdf,owner_requested_import
AC9M1N02,Partitioning Tens and Ones,practice,P20,"Split 72 into two parts in TWO different ways.
For one way, use 70 as a part.
For the other way, use 60 as a part.",{},70 + 2; 60 + 12,"72 can be 70 and 2, or 60 and 12. Both splits keep the same whole.",short_answer,create equivalent partitions,create,"Accept 70 and 2, plus 60 and 12; allow reversed order within either pair.",null,https://au.ixl.com/maths/year-1/ways-to-make-a-number-tens-and-ones,https://www.qcaa.qld.edu.au/downloads/aciqv9/mathematics/curriculum/ac9_maths_yr1_as_cd_alignment.pdf,owner_requested_import
AC9M1N02,Partitioning Tens and Ones,practice,P21,"91 counters are split into tens and ones.
Which row is correct?
A: 9 tens, 1 one
B: 1 ten, 9 ones
C: 9 tens, 10 ones","{""A"": ""A"", ""B"": ""C"", ""C"": ""B""}",A,Nine tens make 90. One more makes 91.,mcq,select standard partition in table,apply,,"{""type"": ""table"", ""headers"": [""Row"", ""Tens"", ""Ones""], ""rows"": [[""A"", ""9"", ""1""], [""B"", ""1"", ""9""], [""C"", ""9"", ""10""]]}",https://au.ixl.com/maths/year-1/ways-to-make-a-number-tens-and-ones,https://www.qcaa.qld.edu.au/downloads/aciqv9/mathematics/curriculum/ac9_maths_yr1_as_cd_alignment.pdf,owner_requested_import
AC9M1N02,Partitioning Tens and Ones,practice,P22,"38 blocks are shown as 3 groups of 10 and 8 single blocks.
One group of 10 is put on the left. Everything else is put on the right.
Which split is made?","{""A"": ""10 and 38"", ""B"": ""10 and 28"", ""C"": ""30 and 8""}",B,"The right side has 2 tens and 8 ones, or 28. The split is 10 and 28.",mcq,regroup concrete parts,reason,,null,https://au.ixl.com/maths/year-1/ways-to-make-a-number-tens-and-ones,https://www.qcaa.qld.edu.au/downloads/aciqv9/mathematics/curriculum/ac9_maths_yr1_as_cd_alignment.pdf,owner_requested_import
AC9M1N02,Partitioning Tens and Ones,practice,P23,Which split makes 60 with two equal parts?,"{""A"": ""30 and 30"", ""B"": ""20 and 40"", ""C"": ""50 and 10""}",A,"30 and 30 make 60, and both parts have the same value.",mcq,partition with equal-parts condition,reason,,null,https://au.ixl.com/maths/year-1/ways-to-make-a-number-tens-and-ones,https://www.qcaa.qld.edu.au/downloads/aciqv9/mathematics/curriculum/ac9_maths_yr1_as_cd_alignment.pdf,owner_requested_import
AC9M1N02,Partitioning Tens and Ones,practice,P24,"47 counters can be shown as 4 full strips of 10 and 7 loose counters.
Show the same number using exactly 3 full strips.
How many loose counters do you need?",{},17,Three strips show 30 counters. The other 17 make the whole set of 47.,short_answer,construct alternative representation,create,,null,https://au.ixl.com/maths/year-1/ways-to-make-a-number-tens-and-ones,https://www.qcaa.qld.edu.au/downloads/aciqv9/mathematics/curriculum/ac9_maths_yr1_as_cd_alignment.pdf,owner_requested_import
AC9M1N02,Partitioning Tens and Ones,test,T01,"A set has 5 counters. It is split into a group of 2 and another group.
How many counters are in the other group?","{""A"": ""4"", ""B"": ""2"", ""C"": ""3""}",C,5 can be partitioned into 2 and 3.,mcq,missing part of a collection,apply,,null,https://au.ixl.com/maths/year-1/ways-to-make-a-number-tens-and-ones,https://www.qcaa.qld.edu.au/downloads/aciqv9/mathematics/curriculum/ac9_maths_yr1_as_cd_alignment.pdf,owner_requested_import
AC9M1N02,Partitioning Tens and Ones,test,T02,"Which split matches this picture?
● ● ● ● ● ● ● | ● ●","{""A"": ""6 and 3"", ""B"": ""7 and 3"", ""C"": ""7 and 2""}",C,There are 7 counters on the left and 2 on the right. Together they show 9.,mcq,read concrete two-part partition,recognise,,"{""type"": ""groups"", ""groups"": [7, 2], ""label"": ""Counters""}",https://au.ixl.com/maths/year-1/ways-to-make-a-number-tens-and-ones,https://www.qcaa.qld.edu.au/downloads/aciqv9/mathematics/curriculum/ac9_maths_yr1_as_cd_alignment.pdf,owner_requested_import
AC9M1N02,Partitioning Tens and Ones,test,T03,Which two parts make 68?,"{""A"": ""60 and 18"", ""B"": ""60 and 8"", ""C"": ""6 and 8""}",B,"68 has 6 tens and 8 ones, so it can be split into 60 and 8.",mcq,standard tens-and-ones partition,apply,,null,https://au.ixl.com/maths/year-1/ways-to-make-a-number-tens-and-ones,https://www.qcaa.qld.edu.au/downloads/aciqv9/mathematics/curriculum/ac9_maths_yr1_as_cd_alignment.pdf,owner_requested_import
AC9M1N02,Partitioning Tens and Ones,test,T04,"Split 7 counters into two non-empty groups of different sizes.
Write the two parts.",{},3 and 4,3 and 4 is one possible split of 7. Both groups are non-empty and have different sizes.,short_answer,create two-part partition,create,"Accept any two positive whole numbers with total 7, in either order.",null,https://au.ixl.com/maths/year-1/ways-to-make-a-number-tens-and-ones,https://www.qcaa.qld.edu.au/downloads/aciqv9/mathematics/curriculum/ac9_maths_yr1_as_cd_alignment.pdf,owner_requested_import
AC9M1N02,Partitioning Tens and Ones,test,T05,"43 is split into 30 and another part.
Which part is missing?","{""A"": ""3"", ""B"": ""13"", ""C"": ""23""}",B,30 and 13 make 43.,mcq,nonstandard missing part,apply,,null,https://au.ixl.com/maths/year-1/ways-to-make-a-number-tens-and-ones,https://www.qcaa.qld.edu.au/downloads/aciqv9/mathematics/curriculum/ac9_maths_yr1_as_cd_alignment.pdf,owner_requested_import
AC9M1N02,Partitioning Tens and Ones,test,T06,"A model has 2 full strips of 10 and 16 loose counters.
Which number does it show?","{""A"": ""26"", ""B"": ""46"", ""C"": ""36""}",C,"The two strips show 20. With 16 more, the total is 36.",mcq,recognise nonstandard representation,apply,,"{""type"": ""table"", ""headers"": [""Full strips of 10"", ""Loose counters""], ""rows"": [[""2"", ""16""]]}",https://au.ixl.com/maths/year-1/ways-to-make-a-number-tens-and-ones,https://www.qcaa.qld.edu.au/downloads/aciqv9/mathematics/curriculum/ac9_maths_yr1_as_cd_alignment.pdf,owner_requested_import
AC9M1N02,Partitioning Tens and Ones,test,T07,Which pair of splits BOTH make 85?,"{""A"": ""80 + 5 and 70 + 15"", ""B"": ""80 + 5 and 70 + 5"", ""C"": ""8 + 5 and 70 + 15""}",A,80 and 5 make 85. 70 and 15 make the same whole.,mcq,identify equivalent numeric partitions,reason,,null,https://au.ixl.com/maths/year-1/ways-to-make-a-number-tens-and-ones,https://www.qcaa.qld.edu.au/downloads/aciqv9/mathematics/curriculum/ac9_maths_yr1_as_cd_alignment.pdf,owner_requested_import
AC9M1N02,Partitioning Tens and Ones,test,T08,"62 counters are shown as 6 full strips of 10 and 2 loose counters.
One strip is opened.
Complete the new model: 5 full strips and __ loose counters.",{},12,"The opened strip gives 10 loose counters. Together with the 2 already loose, there are 12.",short_answer,trade ten within representation,reason,,null,https://au.ixl.com/maths/year-1/ways-to-make-a-number-tens-and-ones,https://www.qcaa.qld.edu.au/downloads/aciqv9/mathematics/curriculum/ac9_maths_yr1_as_cd_alignment.pdf,owner_requested_import
AC9M1N02,Partitioning Tens and Ones,test,T09,"Six beads are split into three groups.
Which parts use all 6 beads?","{""A"": ""1, 2 and 3"", ""B"": ""2, 2 and 3"", ""C"": ""1, 3 and 3""}",A,"1, 2 and 3 together make 6.",mcq,choose three-part partition,apply,,null,https://au.ixl.com/maths/year-1/ways-to-make-a-number-tens-and-ones,https://www.qcaa.qld.edu.au/downloads/aciqv9/mathematics/curriculum/ac9_maths_yr1_as_cd_alignment.pdf,owner_requested_import
AC9M1N02,Partitioning Tens and Ones,test,T10,"A child writes 58 = 50 + 18.
Keep the 50. Which part should replace 18?","{""A"": ""5"", ""B"": ""8"", ""C"": ""28""}",B,58 splits into 50 and 8. 50 and 18 would make 68.,mcq,repair incorrect partition,reason,,null,https://au.ixl.com/maths/year-1/ways-to-make-a-number-tens-and-ones,https://www.qcaa.qld.edu.au/downloads/aciqv9/mathematics/curriculum/ac9_maths_yr1_as_cd_alignment.pdf,owner_requested_import
AC9M1N02,Partitioning Tens and Ones,test,T11,"A whole set of 80 counters is split into 50 and another part.
What is the other part?","{""A"": ""30"", ""B"": ""3"", ""C"": ""20""}",A,50 and 30 make 80.,mcq,partition a multiple of ten,apply,,null,https://au.ixl.com/maths/year-1/ways-to-make-a-number-tens-and-ones,https://www.qcaa.qld.edu.au/downloads/aciqv9/mathematics/curriculum/ac9_maths_yr1_as_cd_alignment.pdf,owner_requested_import
AC9M1N02,Partitioning Tens and Ones,test,T12,"Write two different splits of 24.
One split must use 20. The other must use 10.",{},20 + 4; 10 + 14,20 and 4 make 24. 10 and 14 also make 24.,short_answer,create equivalent partitions,create,"Accept 20 and 4, plus 10 and 14; allow reversed order within either pair.",null,https://au.ixl.com/maths/year-1/ways-to-make-a-number-tens-and-ones,https://www.qcaa.qld.edu.au/downloads/aciqv9/mathematics/curriculum/ac9_maths_yr1_as_cd_alignment.pdf,owner_requested_import
AC9M1N02,Partitioning Tens and Ones,test,T13,"Two models are shown. Each full strip holds 10 counters.
A: 7 full strips and 9 loose counters.
B: 6 full strips and 19 loose counters.
Which model shows 79?","{""A"": ""Both A and B"", ""B"": ""Only A"", ""C"": ""Only B""}",A,70 and 9 make 79. 60 and 19 make the same number.,mcq,compare equivalent partitions,reason,,"{""type"": ""table"", ""headers"": [""Model"", ""Full strips of 10"", ""Loose counters""], ""rows"": [[""A"", ""7"", ""9""], [""B"", ""6"", ""19""]]}",https://au.ixl.com/maths/year-1/ways-to-make-a-number-tens-and-ones,https://www.qcaa.qld.edu.au/downloads/aciqv9/mathematics/curriculum/ac9_maths_yr1_as_cd_alignment.pdf,owner_requested_import
AC9M1N02,Partitioning Tens and Ones,test,T14,"A split of 8 counters has two equal parts.
Which statement is true?","{""A"": ""Each part has 8 counters"", ""B"": ""Each part has 3 counters"", ""C"": ""Each part has 4 counters""}",C,Two parts of 4 make the whole set of 8.,mcq,partition with equal-parts condition,apply,,null,https://au.ixl.com/maths/year-1/ways-to-make-a-number-tens-and-ones,https://www.qcaa.qld.edu.au/downloads/aciqv9/mathematics/curriculum/ac9_maths_yr1_as_cd_alignment.pdf,owner_requested_import
AC9M1N02,Partitioning Tens and Ones,test,T15,"95 counters are shown using exactly 8 full strips of 10.
How many loose counters are needed?","{""A"": ""25"", ""B"": ""15"", ""C"": ""5""}",B,Eight strips show 80. Another 15 counters make 95.,mcq,nonstandard tens-and-ones model,apply,,null,https://au.ixl.com/maths/year-1/ways-to-make-a-number-tens-and-ones,https://www.qcaa.qld.edu.au/downloads/aciqv9/mathematics/curriculum/ac9_maths_yr1_as_cd_alignment.pdf,owner_requested_import
AC9M1N02,Partitioning Tens and Ones,test,T16,"A set of 9 tiles is split into THREE groups.
Two groups have 4 tiles and 1 tile.
Write how many tiles are in the third group.",{},4,4 and 1 use 5 tiles. The other 4 tiles complete the whole set of 9.,short_answer,complete three-part partition,apply,,"{""type"": ""table"", ""headers"": [""Whole"", ""Group 1"", ""Group 2"", ""Group 3""], ""rows"": [[""9"", ""4"", ""1"", ""?""]]}",https://au.ixl.com/maths/year-1/ways-to-make-a-number-tens-and-ones,https://www.qcaa.qld.edu.au/downloads/aciqv9/mathematics/curriculum/ac9_maths_yr1_as_cd_alignment.pdf,owner_requested_import
AC9M1N03,Skip Counting and Equal Groups,practice,P01,"Count these counters in pairs.
(● ●)  (● ●)  (● ●)  (● ●)
How many counters are there?","{""A"": ""8"", ""B"": ""10"", ""C"": ""4""}",A,"Count 2, 4, 6, 8. Four pairs contain 8 counters.",mcq,count visible pairs,apply,,"{""type"": ""groups"", ""groups"": [2, 2, 2, 2], ""label"": ""Counters""}",https://au.ixl.com/maths/year-1/count-objects-to-120,https://www.qcaa.qld.edu.au/downloads/aciqv9/mathematics/curriculum/ac9_maths_yr1_as_cd_alignment.pdf,owner_requested_import
AC9M1N03,Skip Counting and Equal Groups,practice,P02,"There are three groups of buttons. Each group has 5 buttons.
(5 buttons)  (5 buttons)  (5 buttons)
How many buttons are there altogether?","{""A"": ""15"", ""B"": ""20"", ""C"": ""10""}",A,"Count the groups by fives: 5, 10, 15.",mcq,count groups of five,apply,,"{""type"": ""groups"", ""groups"": [5, 5, 5], ""label"": ""Buttons""}",https://au.ixl.com/maths/year-1/count-objects-to-120,https://www.qcaa.qld.edu.au/downloads/aciqv9/mathematics/curriculum/ac9_maths_yr1_as_cd_alignment.pdf,owner_requested_import
AC9M1N03,Skip Counting and Equal Groups,practice,P03,"Each full card holds 10 stickers. Five cards are full.
How many stickers are there?","{""A"": ""5"", ""B"": ""50"", ""C"": ""15""}",B,"Count the full cards by tens: 10, 20, 30, 40, 50.",mcq,count full groups of ten,apply,,"{""type"": ""groups"", ""groups"": [10, 10, 10, 10, 10], ""label"": ""Stickers""}",https://au.ixl.com/maths/year-1/count-objects-to-120,https://www.qcaa.qld.edu.au/downloads/aciqv9/mathematics/curriculum/ac9_maths_yr1_as_cd_alignment.pdf,owner_requested_import
AC9M1N03,Skip Counting and Equal Groups,practice,P04,"Count all the counters.
Full group: ● ● ● ● ● ● ● ● ● ●
Extra group: ● ● ● ● ● ●
How many counters are there?",{},16,The full group has 10 counters. Count on 6 more to reach 16.,short_answer,known ten plus partial group,apply,,"{""type"": ""groups"", ""groups"": [10, 6], ""label"": ""Counters""}",https://au.ixl.com/maths/year-1/count-objects-to-120,https://www.qcaa.qld.edu.au/downloads/aciqv9/mathematics/curriculum/ac9_maths_yr1_as_cd_alignment.pdf,owner_requested_import
AC9M1N03,Skip Counting and Equal Groups,practice,P05,"Each full pot holds 10 pencils. There are 7 full pots and 2 loose pencils.
How many pencils are there altogether?","{""A"": ""72"", ""B"": ""27"", ""C"": ""79""}",A,The pots hold 70 pencils. Count on 2 more to reach 72.,mcq,count tens with loose objects,apply,,"{""type"": ""table"", ""headers"": [""Full pots of 10"", ""Loose pencils""], ""rows"": [[""7"", ""2""]]}",https://au.ixl.com/maths/year-1/count-objects-to-120,https://www.qcaa.qld.edu.au/downloads/aciqv9/mathematics/curriculum/ac9_maths_yr1_as_cd_alignment.pdf,owner_requested_import
AC9M1N03,Skip Counting and Equal Groups,practice,P06,"Count the stars by rows.
★ ★ ★ ★ ★
★ ★ ★ ★ ★
★ ★ ★ ★ ★
★ ★ ★ ★ ★
How many stars are there?","{""A"": ""20"", ""B"": ""25"", ""C"": ""9""}",A,"Each row has 5 stars. Count 5, 10, 15, 20.",mcq,count objects in equal rows,apply,,"{""type"": ""grid"", ""rows"": [[""★"", ""★"", ""★"", ""★"", ""★""], [""★"", ""★"", ""★"", ""★"", ""★""], [""★"", ""★"", ""★"", ""★"", ""★""], [""★"", ""★"", ""★"", ""★"", ""★""]], ""caption"": ""Each row has 5 stars.""}",https://au.ixl.com/maths/year-1/count-objects-to-120,https://www.qcaa.qld.edu.au/downloads/aciqv9/mathematics/curriculum/ac9_maths_yr1_as_cd_alignment.pdf,owner_requested_import
AC9M1N03,Skip Counting and Equal Groups,practice,P07,"There are seven pairs of socks and one single sock.
How many socks are there altogether?","{""A"": ""8"", ""B"": ""14"", ""C"": ""15""}",C,Count the pairs by twos to reach 14. The single sock makes 15.,mcq,count pairs and an extra object,apply,,"{""type"": ""groups"", ""groups"": [2, 2, 2, 2, 2, 2, 2, 1], ""label"": ""Socks""}",https://au.ixl.com/maths/year-1/count-objects-to-120,https://www.qcaa.qld.edu.au/downloads/aciqv9/mathematics/curriculum/ac9_maths_yr1_as_cd_alignment.pdf,owner_requested_import
AC9M1N03,Skip Counting and Equal Groups,practice,P08,"Each full strip holds 10 tickets. There are 9 full strips and 4 single tickets.
Write the total number of tickets.",{},94,Nine full strips hold 90 tickets. Four more make 94.,short_answer,count tens with loose objects,apply,,"{""type"": ""table"", ""headers"": [""Full strips of 10"", ""Single tickets""], ""rows"": [[""9"", ""4""]]}",https://au.ixl.com/maths/year-1/count-objects-to-120,https://www.qcaa.qld.edu.au/downloads/aciqv9/mathematics/curriculum/ac9_maths_yr1_as_cd_alignment.pdf,owner_requested_import
AC9M1N03,Skip Counting and Equal Groups,practice,P09,"A board has 3 full rows of 5 pegs and a short row of 3 pegs.
How many pegs are on the board?","{""A"": ""20"", ""B"": ""18"", ""C"": ""15""}",B,"The full rows hold 15 pegs. The short row adds 3, making 18.",mcq,full rows and a partial row,apply,,"{""type"": ""groups"", ""groups"": [5, 5, 5, 3], ""label"": ""Pegs""}",https://au.ixl.com/maths/year-1/count-objects-to-120,https://www.qcaa.qld.edu.au/downloads/aciqv9/mathematics/curriculum/ac9_maths_yr1_as_cd_alignment.pdf,owner_requested_import
AC9M1N03,Skip Counting and Equal Groups,practice,P10,"Counters are grouped like this:
10, 10, 10, 10, 5, 5 counters.
How many counters are there altogether?","{""A"": ""45"", ""B"": ""50"", ""C"": ""60""}",B,"The two groups of 5 make another 10. There are 5 tens altogether, or 50 counters.",mcq,combine smaller groups to make tens,reason,,"{""type"": ""groups"", ""groups"": [10, 10, 10, 10, 5, 5], ""label"": ""Counters""}",https://au.ixl.com/maths/year-1/count-objects-to-120,https://www.qcaa.qld.edu.au/downloads/aciqv9/mathematics/curriculum/ac9_maths_yr1_as_cd_alignment.pdf,owner_requested_import
AC9M1N03,Skip Counting and Equal Groups,practice,P11,"There are 4 bowls with 10 beads in each. A child counts one bowl twice and says 50.
How many beads are really there?","{""A"": ""50"", ""B"": ""30"", ""C"": ""40""}",C,"Count each bowl once: 10, 20, 30, 40. There are 40 beads.",mcq,correct double-counting,reason,,"{""type"": ""groups"", ""groups"": [10, 10, 10, 10], ""label"": ""Beads""}",https://au.ixl.com/maths/year-1/count-objects-to-120,https://www.qcaa.qld.edu.au/downloads/aciqv9/mathematics/curriculum/ac9_maths_yr1_as_cd_alignment.pdf,owner_requested_import
AC9M1N03,Skip Counting and Equal Groups,practice,P12,"A sorting mat has these groups of shells:
Group A: 10
Group B: 10
Group C: 10
Group D: 10
Group E: 7
Write the total number of shells.",{},47,"The four groups of 10 make 40. With the group of 7, there are 47 shells.",short_answer,quantify a collection from group table,apply,,"{""type"": ""table"", ""headers"": [""Group"", ""Shells""], ""rows"": [[""A"", ""10""], [""B"", ""10""], [""C"", ""10""], [""D"", ""10""], [""E"", ""7""]]}",https://au.ixl.com/maths/year-1/count-objects-to-120,https://www.qcaa.qld.edu.au/downloads/aciqv9/mathematics/curriculum/ac9_maths_yr1_as_cd_alignment.pdf,owner_requested_import
AC9M1N03,Skip Counting and Equal Groups,practice,P13,"Count the counters in these rows.
● ● ● ● ● ● ● ● ● ●
● ● ● ● ● ● ● ● ● ●
● ● ● ● ● ● ● ●
How many counters are there?","{""A"": ""30"", ""B"": ""23"", ""C"": ""28""}",C,"Two full rows make 20. The last row has 8, so there are 28 counters.",mcq,full rows and a partial row,apply,,"{""type"": ""grid"", ""rows"": [[""●"", ""●"", ""●"", ""●"", ""●"", ""●"", ""●"", ""●"", ""●"", ""●""], [""●"", ""●"", ""●"", ""●"", ""●"", ""●"", ""●"", ""●"", ""●"", ""●""], [""●"", ""●"", ""●"", ""●"", ""●"", ""●"", ""●"", ""●"", """", """"]], ""caption"": ""Count all filled spaces.""}",https://au.ixl.com/maths/year-1/count-objects-to-120,https://www.qcaa.qld.edu.au/downloads/aciqv9/mathematics/curriculum/ac9_maths_yr1_as_cd_alignment.pdf,owner_requested_import
AC9M1N03,Skip Counting and Equal Groups,practice,P14,"A collection is grouped into 10, 10, 5 and 2 stones.
How many stones are there altogether?","{""A"": ""27"", ""B"": ""22"", ""C"": ""25""}",A,The two tens make 20. Count on 5 and then 2 to reach 27.,mcq,count mixed group sizes,apply,,"{""type"": ""groups"", ""groups"": [10, 10, 5, 2], ""label"": ""Stones""}",https://au.ixl.com/maths/year-1/count-objects-to-120,https://www.qcaa.qld.edu.au/downloads/aciqv9/mathematics/curriculum/ac9_maths_yr1_as_cd_alignment.pdf,owner_requested_import
AC9M1N03,Skip Counting and Equal Groups,practice,P15,"A set of counters is arranged in 12 pairs. The same counters are moved into two groups of 10 and 4 loose counters.
How many counters are in the whole set?","{""A"": ""28"", ""B"": ""24"", ""C"": ""14""}",B,Two tens and 4 ones make 24. The earlier arrangement of 12 pairs holds the same total.,mcq,count using an alternative grouping,reason,,null,https://au.ixl.com/maths/year-1/count-objects-to-120,https://www.qcaa.qld.edu.au/downloads/aciqv9/mathematics/curriculum/ac9_maths_yr1_as_cd_alignment.pdf,owner_requested_import
AC9M1N03,Skip Counting and Equal Groups,practice,P16,"There are 11 full racks. Each rack holds 10 toy cars.
Write the total number of toy cars.",{},110,"Count the racks by tens. The tenth rack gives 100, and the next gives 110.",short_answer,count beyond one hundred,apply,,"{""type"": ""table"", ""headers"": [""Full racks"", ""Toy cars in each rack""], ""rows"": [[""11"", ""10""]]}",https://au.ixl.com/maths/year-1/count-objects-to-120,https://www.qcaa.qld.edu.au/downloads/aciqv9/mathematics/curriculum/ac9_maths_yr1_as_cd_alignment.pdf,owner_requested_import
AC9M1N03,Skip Counting and Equal Groups,practice,P17,"A tray has 9 small spaces. Each space holds a pair of earrings.
How many individual earrings are in the tray?","{""A"": ""9"", ""B"": ""20"", ""C"": ""18""}",C,Each pair has 2 earrings. Counting nine pairs by twos reaches 18.,mcq,count paired objects from arrangement,apply,,"{""type"": ""groups"", ""groups"": [2, 2, 2, 2, 2, 2, 2, 2, 2], ""label"": ""Earrings""}",https://au.ixl.com/maths/year-1/count-objects-to-120,https://www.qcaa.qld.edu.au/downloads/aciqv9/mathematics/curriculum/ac9_maths_yr1_as_cd_alignment.pdf,owner_requested_import
AC9M1N03,Skip Counting and Equal Groups,practice,P18,"Read the bead groups.
Red bag: 10 beads
Striped bag: 5 beads
Spotted bag: 5 beads
Plain bag: 5 beads
How many beads are there altogether?","{""A"": ""20"", ""B"": ""25"", ""C"": ""30""}",B,"Start with 10, then count on by fives: 15, 20, 25.",mcq,quantify a collection from group table,apply,,"{""type"": ""table"", ""headers"": [""Bag"", ""Beads""], ""rows"": [[""Red"", ""10""], [""Striped"", ""5""], [""Spotted"", ""5""], [""Plain"", ""5""]]}",https://au.ixl.com/maths/year-1/count-objects-to-120,https://www.qcaa.qld.edu.au/downloads/aciqv9/mathematics/curriculum/ac9_maths_yr1_as_cd_alignment.pdf,owner_requested_import
AC9M1N03,Skip Counting and Equal Groups,practice,P19,"A pile of counters is spread out.
Which plan lets you count the counters by tens?","{""A"": ""Make groups of 10; count 1, 2, 3, ..."", ""B"": ""Make groups of 10; count 10, 20, 30, ..."", ""C"": ""Make groups of 5; count 10, 20, 30, ...""}",B,"Each full group of 10 adds 10 to the total. Count those groups by tens, then count any leftover counters.",mcq,choose_grouping_and_counting_strategy,reason,,null,https://au.ixl.com/maths/year-1/count-objects-to-120,https://www.qcaa.qld.edu.au/downloads/aciqv9/mathematics/curriculum/ac9_maths_yr1_as_cd_alignment.pdf,owner_requested_import
AC9M1N03,Skip Counting and Equal Groups,practice,P20,"A display has 8 full rows of 10 badges. A short row has 6 more badges.
How many badges are on the display?",{},86,The full rows hold 80 badges. The short row makes the total 86.,short_answer,full rows and a partial row,apply,,"{""type"": ""groups"", ""groups"": [10, 10, 10, 10, 10, 10, 10, 10, 6], ""label"": ""Badges""}",https://au.ixl.com/maths/year-1/count-objects-to-120,https://www.qcaa.qld.edu.au/downloads/aciqv9/mathematics/curriculum/ac9_maths_yr1_as_cd_alignment.pdf,owner_requested_import
AC9M1N03,Skip Counting and Equal Groups,practice,P21,"Two trays are filled.
Tray A: 7 groups of 10 and 14 loose counters.
Tray B: 8 groups of 10 and 4 loose counters.
Which statement is true?","{""A"": ""Both trays have 84 counters"", ""B"": ""Both trays have 94 counters"", ""C"": ""Tray A has 74 and tray B has 84""}",A,"Tray A has 70 and 14, making 84. Tray B has 80 and 4, also making 84.",mcq,compare totals from different groupings,reason,,"{""type"": ""table"", ""headers"": [""Tray"", ""Groups of 10"", ""Loose counters""], ""rows"": [[""A"", ""7"", ""14""], [""B"", ""8"", ""4""]]}",https://au.ixl.com/maths/year-1/count-objects-to-120,https://www.qcaa.qld.edu.au/downloads/aciqv9/mathematics/curriculum/ac9_maths_yr1_as_cd_alignment.pdf,owner_requested_import
AC9M1N03,Skip Counting and Equal Groups,practice,P22,"The left shelf has 3 full boxes of 10 crayons. The right shelf has 4 full boxes of 10 crayons.
How many crayons are on the two shelves altogether?","{""A"": ""34"", ""B"": ""60"", ""C"": ""70""}",C,There are 7 full boxes altogether. Counting seven groups of 10 gives 70 crayons.,mcq,combine subcollections of tens,apply,,"{""type"": ""table"", ""headers"": [""Shelf"", ""Full boxes of 10 crayons""], ""rows"": [[""Left"", ""3""], [""Right"", ""4""]]}",https://au.ixl.com/maths/year-1/count-objects-to-120,https://www.qcaa.qld.edu.au/downloads/aciqv9/mathematics/curriculum/ac9_maths_yr1_as_cd_alignment.pdf,owner_requested_import
AC9M1N03,Skip Counting and Equal Groups,practice,P23,"A collection has 6 groups of 10 buttons and 3 pairs of buttons.
Which total is correct?","{""A"": ""63"", ""B"": ""69"", ""C"": ""66""}",C,"The tens make 60. Three pairs make 6 more, so there are 66 buttons.",mcq,count tens and pairs,reason,,"{""type"": ""groups"", ""groups"": [10, 10, 10, 10, 10, 10, 2, 2, 2], ""label"": ""Buttons""}",https://au.ixl.com/maths/year-1/count-objects-to-120,https://www.qcaa.qld.edu.au/downloads/aciqv9/mathematics/curriculum/ac9_maths_yr1_as_cd_alignment.pdf,owner_requested_import
AC9M1N03,Skip Counting and Equal Groups,practice,P24,"Each full ten-frame holds 10 counters. There are 11 full ten-frames and a final frame with 7 counters.
Write the total number of counters.",{},117,Eleven full frames hold 110 counters. Count on 7 to reach 117.,short_answer,count beyond one hundred with partial frame,apply,,"{""type"": ""table"", ""headers"": [""Full ten-frames"", ""Counters in final frame""], ""rows"": [[""11"", ""7""]]}",https://au.ixl.com/maths/year-1/count-objects-to-120,https://www.qcaa.qld.edu.au/downloads/aciqv9/mathematics/curriculum/ac9_maths_yr1_as_cd_alignment.pdf,owner_requested_import
AC9M1N03,Skip Counting and Equal Groups,test,T01,"Count the groups of counters.
(● ●)  (● ●)  (● ●)  (● ●)  (● ●)
How many counters are there?","{""A"": ""10"", ""B"": ""5"", ""C"": ""12""}",A,"Count five pairs by twos: 2, 4, 6, 8, 10.",mcq,count visible pairs,apply,,"{""type"": ""groups"", ""groups"": [2, 2, 2, 2, 2], ""label"": ""Counters""}",https://au.ixl.com/maths/year-1/count-objects-to-120,https://www.qcaa.qld.edu.au/downloads/aciqv9/mathematics/curriculum/ac9_maths_yr1_as_cd_alignment.pdf,owner_requested_import
AC9M1N03,Skip Counting and Equal Groups,test,T02,"Count these rows of dots.
● ● ● ● ●
● ● ● ● ●
● ● ● ● ●
● ●
How many dots are there?","{""A"": ""15"", ""B"": ""20"", ""C"": ""17""}",C,Three rows of 5 make 15. The last 2 dots make 17.,mcq,full rows and a partial row,apply,,"{""type"": ""grid"", ""rows"": [[""●"", ""●"", ""●"", ""●"", ""●""], [""●"", ""●"", ""●"", ""●"", ""●""], [""●"", ""●"", ""●"", ""●"", ""●""], [""●"", ""●"", """", """", """"]], ""caption"": ""Count all filled spaces.""}",https://au.ixl.com/maths/year-1/count-objects-to-120,https://www.qcaa.qld.edu.au/downloads/aciqv9/mathematics/curriculum/ac9_maths_yr1_as_cd_alignment.pdf,owner_requested_import
AC9M1N03,Skip Counting and Equal Groups,test,T03,"Six jars each hold 10 marbles.
How many marbles are in the jars altogether?","{""A"": ""66"", ""B"": ""60"", ""C"": ""16""}",B,"Count the jars by tens: 10, 20, 30, 40, 50, 60.",mcq,count full groups of ten,apply,,"{""type"": ""groups"", ""groups"": [10, 10, 10, 10, 10, 10], ""label"": ""Marbles""}",https://au.ixl.com/maths/year-1/count-objects-to-120,https://www.qcaa.qld.edu.au/downloads/aciqv9/mathematics/curriculum/ac9_maths_yr1_as_cd_alignment.pdf,owner_requested_import
AC9M1N03,Skip Counting and Equal Groups,test,T04,"There are 5 full strips of 10 stickers and 8 single stickers.
Write the total number of stickers.",{},58,The strips hold 50 stickers. Eight single stickers make 58 altogether.,short_answer,count tens with loose objects,apply,,"{""type"": ""table"", ""headers"": [""Full strips of 10"", ""Single stickers""], ""rows"": [[""5"", ""8""]]}",https://au.ixl.com/maths/year-1/count-objects-to-120,https://www.qcaa.qld.edu.au/downloads/aciqv9/mathematics/curriculum/ac9_maths_yr1_as_cd_alignment.pdf,owner_requested_import
AC9M1N03,Skip Counting and Equal Groups,test,T05,"A bead collection has groups of 10, 10, 10, 5 and 5.
Which total matches the collection?","{""A"": ""35"", ""B"": ""40"", ""C"": ""50""}",B,The groups of 5 make a fourth group of 10. Four tens make 40.,mcq,combine smaller groups to make tens,reason,,"{""type"": ""groups"", ""groups"": [10, 10, 10, 5, 5], ""label"": ""Beads""}",https://au.ixl.com/maths/year-1/count-objects-to-120,https://www.qcaa.qld.edu.au/downloads/aciqv9/mathematics/curriculum/ac9_maths_yr1_as_cd_alignment.pdf,owner_requested_import
AC9M1N03,Skip Counting and Equal Groups,test,T06,"There are 8 pairs of gloves and 1 single glove.
How many gloves are there altogether?","{""A"": ""16"", ""B"": ""9"", ""C"": ""17""}",C,Eight pairs make 16 gloves. The single glove makes 17.,mcq,count pairs and an extra object,apply,,"{""type"": ""groups"", ""groups"": [2, 2, 2, 2, 2, 2, 2, 2, 1], ""label"": ""Gloves""}",https://au.ixl.com/maths/year-1/count-objects-to-120,https://www.qcaa.qld.edu.au/downloads/aciqv9/mathematics/curriculum/ac9_maths_yr1_as_cd_alignment.pdf,owner_requested_import
AC9M1N03,Skip Counting and Equal Groups,test,T07,"A box has 10 full layers of 10 tiles and another layer with 8 tiles.
How many tiles are in the box?","{""A"": ""18"", ""B"": ""118"", ""C"": ""108""}",C,The full layers hold 100 tiles. The last layer takes the total to 108.,mcq,count beyond one hundred with partial group,apply,,"{""type"": ""table"", ""headers"": [""Full layers of 10"", ""Tiles in last layer""], ""rows"": [[""10"", ""8""]]}",https://au.ixl.com/maths/year-1/count-objects-to-120,https://www.qcaa.qld.edu.au/downloads/aciqv9/mathematics/curriculum/ac9_maths_yr1_as_cd_alignment.pdf,owner_requested_import
AC9M1N03,Skip Counting and Equal Groups,test,T08,"Read the shell groups.
Cup A: 10
Cup B: 10
Cup C: 5
Cup D: 4
Write the total number of shells.",{},29,The first two cups hold 20. Count on 5 and then 4 to reach 29.,short_answer,quantify a collection from group table,apply,,"{""type"": ""table"", ""headers"": [""Cup"", ""Shells""], ""rows"": [[""A"", ""10""], [""B"", ""10""], [""C"", ""5""], [""D"", ""4""]]}",https://au.ixl.com/maths/year-1/count-objects-to-120,https://www.qcaa.qld.edu.au/downloads/aciqv9/mathematics/curriculum/ac9_maths_yr1_as_cd_alignment.pdf,owner_requested_import
AC9M1N03,Skip Counting and Equal Groups,test,T09,"There are 3 full rows of 10 counters and one short row of 6 counters.
A child counts the short row as 10 and says 40.
What is the correct total?","{""A"": ""30"", ""B"": ""36"", ""C"": ""40""}",B,"The three full rows make 30. The short row adds only 6, giving 36.",mcq,correct a partial-group counting error,reason,,"{""type"": ""groups"", ""groups"": [10, 10, 10, 6], ""label"": ""Counters""}",https://au.ixl.com/maths/year-1/count-objects-to-120,https://www.qcaa.qld.edu.au/downloads/aciqv9/mathematics/curriculum/ac9_maths_yr1_as_cd_alignment.pdf,owner_requested_import
AC9M1N03,Skip Counting and Equal Groups,test,T10,"There are 9 full trays of 10 seeds and 2 pairs of seeds.
Which total is correct?","{""A"": ""94"", ""B"": ""99"", ""C"": ""92""}",A,"The trays hold 90 seeds. Two pairs add 4, making 94.",mcq,count tens and pairs,apply,,"{""type"": ""table"", ""headers"": [""Full trays of 10"", ""Extra pairs of seeds""], ""rows"": [[""9"", ""2""]]}",https://au.ixl.com/maths/year-1/count-objects-to-120,https://www.qcaa.qld.edu.au/downloads/aciqv9/mathematics/curriculum/ac9_maths_yr1_as_cd_alignment.pdf,owner_requested_import
AC9M1N03,Skip Counting and Equal Groups,test,T11,"Two collections are shown.
A: 4 full groups of 10 and 12 loose counters.
B: 5 full groups of 10 and 2 loose counters.
Which statement is true?","{""A"": ""Both have 62 counters"", ""B"": ""Both have 52 counters"", ""C"": ""A has 42 counters; B has 52""}",B,40 and 12 make 52. 50 and 2 also make 52.,mcq,compare totals from different groupings,reason,,"{""type"": ""table"", ""headers"": [""Collection"", ""Groups of 10"", ""Loose counters""], ""rows"": [[""A"", ""4"", ""12""], [""B"", ""5"", ""2""]]}",https://au.ixl.com/maths/year-1/count-objects-to-120,https://www.qcaa.qld.edu.au/downloads/aciqv9/mathematics/curriculum/ac9_maths_yr1_as_cd_alignment.pdf,owner_requested_import
AC9M1N03,Skip Counting and Equal Groups,test,T12,"Six boxes each contain 2 groups of 10 counters.
Write the total number of counters in all the boxes.",{},120,There are 12 groups of 10 altogether. Counting all twelve tens gives 120.,short_answer,quantify nested groups to 120,reason,,"{""type"": ""table"", ""headers"": [""Box"", ""Counters""], ""rows"": [[""1"", ""10 and 10""], [""2"", ""10 and 10""], [""3"", ""10 and 10""], [""4"", ""10 and 10""], [""5"", ""10 and 10""], [""6"", ""10 and 10""]]}",https://au.ixl.com/maths/year-1/count-objects-to-120,https://www.qcaa.qld.edu.au/downloads/aciqv9/mathematics/curriculum/ac9_maths_yr1_as_cd_alignment.pdf,owner_requested_import
AC9M1N03,Skip Counting and Equal Groups,test,T13,"A collection is arranged into 7 groups of 5 shells. The groups are spread farther apart. No shells are added or removed.
How many shells are there now?","{""A"": ""35"", ""B"": ""40"", ""C"": ""7""}",A,Count seven groups of 5 to reach 35. Spreading the groups apart does not change the total.,mcq,count a rearranged collection,reason,,null,https://au.ixl.com/maths/year-1/count-objects-to-120,https://www.qcaa.qld.edu.au/downloads/aciqv9/mathematics/curriculum/ac9_maths_yr1_as_cd_alignment.pdf,owner_requested_import
AC9M1N03,Skip Counting and Equal Groups,test,T14,"The top drawer has 2 full bundles of 10 straws. The bottom drawer has 6 full bundles of 10 straws.
How many straws are in the drawers altogether?","{""A"": ""80"", ""B"": ""26"", ""C"": ""60""}",A,There are 8 full bundles. Eight tens make 80 straws.,mcq,combine subcollections of tens,apply,,"{""type"": ""table"", ""headers"": [""Drawer"", ""Full bundles of 10""], ""rows"": [[""Top"", ""2""], [""Bottom"", ""6""]]}",https://au.ixl.com/maths/year-1/count-objects-to-120,https://www.qcaa.qld.edu.au/downloads/aciqv9/mathematics/curriculum/ac9_maths_yr1_as_cd_alignment.pdf,owner_requested_import
AC9M1N03,Skip Counting and Equal Groups,test,T15,"A tray contains groups of 10, 10, 5, 5 and 2 pebbles.
Which total is correct?","{""A"": ""27"", ""B"": ""30"", ""C"": ""32""}",C,"The two groups of 5 make 10. There are 30 pebbles in those groups and 2 more, making 32.",mcq,count mixed group sizes,reason,,"{""type"": ""groups"", ""groups"": [10, 10, 5, 5, 2], ""label"": ""Pebbles""}",https://au.ixl.com/maths/year-1/count-objects-to-120,https://www.qcaa.qld.edu.au/downloads/aciqv9/mathematics/curriculum/ac9_maths_yr1_as_cd_alignment.pdf,owner_requested_import
AC9M1N03,Skip Counting and Equal Groups,test,T16,"There are six groups of 5 counters.
(● ● ● ● ●)  (● ● ● ● ●)
(● ● ● ● ●)  (● ● ● ● ●)
(● ● ● ● ●)  (● ● ● ● ●)
Join groups to make groups of 10. Draw or describe your new groups, then write the total number of counters.",{},Join each pair of groups of 5. This makes 3 groups of 10 and 30 counters altogether.,"Two groups of 5 make a group of 10. The six small groups make three tens: 10, 20, 30.",short_answer,create_regrouping_to_count_collection,create,"Accept a drawing or description showing the six groups paired into three groups of 10, together with a total of 30 counters. Accept any pairing. A bare 30 does not demonstrate the requested regrouping.","{""type"": ""groups"", ""groups"": [5, 5, 5, 5, 5, 5], ""label"": ""Counters: six groups of 5""}",https://au.ixl.com/maths/year-1/count-objects-to-120,https://www.qcaa.qld.edu.au/downloads/aciqv9/mathematics/curriculum/ac9_maths_yr1_as_cd_alignment.pdf,owner_requested_import
AC9M1N04,Addition and Subtraction within 20,practice,P01,A ten-frame has 8 filled spaces and 2 empty spaces. Fill the empty spaces. How many counters are there now?,"{""A"": ""10"", ""B"": ""8"", ""C"": ""12""}",A,Eight and two make ten. All 10 spaces are filled.,mcq,Complete a ten-frame,recognise,,"{""type"": ""grid"", ""rows"": [[""●"", ""●"", ""●"", ""●"", ""●""], [""●"", ""●"", ""●"", ""○"", ""○""]], ""caption"": ""● filled; ○ empty.""}",https://au.ixl.com/maths/year-1/make-ten-to-add,https://www.qcaa.qld.edu.au/downloads/aciqv9/mathematics/curriculum/ac9_maths_yr1_as_cd_alignment.pdf,owner_requested_import
AC9M1N04,Addition and Subtraction within 20,practice,P02,Work out 13 − 3.,"{""A"": ""9"", ""B"": ""10"", ""C"": ""16""}",B,Thirteen is 10 and 3. Taking away the 3 leaves 10.,mcq,Subtract the ones,apply,,null,https://au.ixl.com/maths/year-1/make-ten-to-add,https://www.qcaa.qld.edu.au/downloads/aciqv9/mathematics/curriculum/ac9_maths_yr1_as_cd_alignment.pdf,owner_requested_import
AC9M1N04,Addition and Subtraction within 20,practice,P03,The whole is 10. One part is 6. What is the other part?,"{""A"": ""16"", ""B"": ""4"", ""C"": ""6""}",B,Six and four make ten. The missing part is 4.,mcq,Find a missing part,apply,,null,https://au.ixl.com/maths/year-1/make-ten-to-add,https://www.qcaa.qld.edu.au/downloads/aciqv9/mathematics/curriculum/ac9_maths_yr1_as_cd_alignment.pdf,owner_requested_import
AC9M1N04,Addition and Subtraction within 20,practice,P04,"To work out 9 + 5, first make 10.
9 + 1 + __ = 14
Write the missing number.",{},4,"Split 5 into 1 and 4. Nine and one make ten, then add 4.",short_answer,Complete a make-ten strategy,apply,Accept 4 or four.,null,https://au.ixl.com/maths/year-1/make-ten-to-add,https://www.qcaa.qld.edu.au/downloads/aciqv9/mathematics/curriculum/ac9_maths_yr1_as_cd_alignment.pdf,owner_requested_import
AC9M1N04,Addition and Subtraction within 20,practice,P05,"For 3 + 12, start at 12 and count on 3. Which numbers do you say?","{""A"": ""13, 14, 15"", ""B"": ""12, 13, 14"", ""C"": ""14, 15, 16""}",A,"Make three counting steps after 12: 13, 14, 15. So 3 + 12 = 15.",mcq,Select a count-on sequence,apply,,null,https://au.ixl.com/maths/year-1/make-ten-to-add,https://www.qcaa.qld.edu.au/downloads/aciqv9/mathematics/curriculum/ac9_maths_yr1_as_cd_alignment.pdf,owner_requested_import
AC9M1N04,Addition and Subtraction within 20,practice,P06,You know 7 + 5 = 12. What is 12 − 7?,"{""A"": ""5"", ""B"": ""7"", ""C"": ""19""}",A,The parts of 12 are 7 and 5. Removing the 7 leaves 5.,mcq,Use a related addition fact,apply,,null,https://au.ixl.com/maths/year-1/make-ten-to-add,https://www.qcaa.qld.edu.au/downloads/aciqv9/mathematics/curriculum/ac9_maths_yr1_as_cd_alignment.pdf,owner_requested_import
AC9M1N04,Addition and Subtraction within 20,practice,P07,You know 6 + 6 = 12. What is 6 + 7?,"{""A"": ""12"", ""B"": ""14"", ""C"": ""13""}",C,Seven is one more than six. So 6 + 7 is one more than 12.,mcq,Use a near double,apply,,null,https://au.ixl.com/maths/year-1/make-ten-to-add,https://www.qcaa.qld.edu.au/downloads/aciqv9/mathematics/curriculum/ac9_maths_yr1_as_cd_alignment.pdf,owner_requested_import
AC9M1N04,Addition and Subtraction within 20,practice,P08,Draw 14 counters. Cross out 6. Write how many are left.,{},8,"Fourteen take away six leaves eight. You can remove 4 to reach 10, then remove 2 more.",short_answer,Make a subtraction model,apply,"Accept a drawing with 14 counters, 6 crossed out and 8 remaining, and an answer of 8.",null,https://au.ixl.com/maths/year-1/make-ten-to-add,https://www.qcaa.qld.edu.au/downloads/aciqv9/mathematics/curriculum/ac9_maths_yr1_as_cd_alignment.pdf,owner_requested_import
AC9M1N04,Addition and Subtraction within 20,practice,P09,"On a number line, start at 8. Jump forward 2, then forward 3. Where do you land?","{""A"": ""11"", ""B"": ""13"", ""C"": ""10""}",B,Eight plus two reaches ten. Three more reaches thirteen.,mcq,Read split number-line jumps,apply,,null,https://au.ixl.com/maths/year-1/make-ten-to-add,https://www.qcaa.qld.edu.au/downloads/aciqv9/mathematics/curriculum/ac9_maths_yr1_as_cd_alignment.pdf,owner_requested_import
AC9M1N04,Addition and Subtraction within 20,practice,P10,Which addition has the same answer as 4 + 9?,"{""A"": ""9 + 5"", ""B"": ""9 + 4"", ""C"": ""9 − 4""}",B,Swapping the two parts does not change their total. Both additions make 13.,mcq,Recognise turn-around addition,recognise,,null,https://au.ixl.com/maths/year-1/make-ten-to-add,https://www.qcaa.qld.edu.au/downloads/aciqv9/mathematics/curriculum/ac9_maths_yr1_as_cd_alignment.pdf,owner_requested_import
AC9M1N04,Addition and Subtraction within 20,practice,P11,There are 15 counters. Cover 5 of them. How many can you still see?,"{""A"": ""5"", ""B"": ""20"", ""C"": ""10""}",C,Fifteen minus five equals ten. The other ten counters stay uncovered.,mcq,Find an uncovered part,apply,,null,https://au.ixl.com/maths/year-1/make-ten-to-add,https://www.qcaa.qld.edu.au/downloads/aciqv9/mathematics/curriculum/ac9_maths_yr1_as_cd_alignment.pdf,owner_requested_import
AC9M1N04,Addition and Subtraction within 20,practice,P12,Use 8 + 2 = 10 to work out 8 + 3. Write the answer and tell how the known fact helps.,{},11; add one more to 10.,Three is one more than two. So 8 + 3 is one more than 8 + 2.,short_answer,Explain a one-more strategy,reason,"Accept 11 with words or a model showing that 3 is one more than 2, or that one more is added to 10.",null,https://au.ixl.com/maths/year-1/make-ten-to-add,https://www.qcaa.qld.edu.au/downloads/aciqv9/mathematics/curriculum/ac9_maths_yr1_as_cd_alignment.pdf,owner_requested_import
AC9M1N04,Addition and Subtraction within 20,practice,P13,"17 − __ = 10
Which number is missing?","{""A"": ""7"", ""B"": ""10"", ""C"": ""3""}",A,Seventeen has 10 and 7. Take away the 7 to leave 10.,mcq,Find a missing amount removed,apply,,null,https://au.ixl.com/maths/year-1/make-ten-to-add,https://www.qcaa.qld.edu.au/downloads/aciqv9/mathematics/curriculum/ac9_maths_yr1_as_cd_alignment.pdf,owner_requested_import
AC9M1N04,Addition and Subtraction within 20,practice,P14,"For 8 + 5, which way of splitting 5 helps you make 10 first?","{""A"": ""4 and 1"", ""B"": ""5 and 0"", ""C"": ""2 and 3""}",C,Eight needs two to make ten. The other three brings the total to thirteen.,mcq,Choose a helpful partition,reason,,null,https://au.ixl.com/maths/year-1/make-ten-to-add,https://www.qcaa.qld.edu.au/downloads/aciqv9/mathematics/curriculum/ac9_maths_yr1_as_cd_alignment.pdf,owner_requested_import
AC9M1N04,Addition and Subtraction within 20,practice,P15,Which number-line move shows 16 − 4?,"{""A"": ""Start at 16 and move forward 4."", ""B"": ""Start at 4 and move back 16."", ""C"": ""Start at 16 and move back 4.""}",C,Subtraction takes away from the starting number. Four steps back from 16 reaches 12.,mcq,Choose a subtraction number-line model,recognise,,null,https://au.ixl.com/maths/year-1/make-ten-to-add,https://www.qcaa.qld.edu.au/downloads/aciqv9/mathematics/curriculum/ac9_maths_yr1_as_cd_alignment.pdf,owner_requested_import
AC9M1N04,Addition and Subtraction within 20,practice,P16,"Use 11, 3 and 14 to write an addition equation.",{},11 + 3 = 14,"The two parts, 11 and 3, join to make the whole, 14.",short_answer,Create an addition equation,create,Accept 11 + 3 = 14 or 3 + 11 = 14; reversed equality forms are also valid.,null,https://au.ixl.com/maths/year-1/make-ten-to-add,https://www.qcaa.qld.edu.au/downloads/aciqv9/mathematics/curriculum/ac9_maths_yr1_as_cd_alignment.pdf,owner_requested_import
AC9M1N04,Addition and Subtraction within 20,practice,P17,"To work out 14 − 5, first take away 4 to reach 10. What should you do next?","{""A"": ""Take away 1."", ""B"": ""Add 1."", ""C"": ""Take away 5.""}",A,"Five is four and one. After taking away four, take away one more to get nine.",mcq,Complete a bridge-through-ten strategy,reason,,null,https://au.ixl.com/maths/year-1/make-ten-to-add,https://www.qcaa.qld.edu.au/downloads/aciqv9/mathematics/curriculum/ac9_maths_yr1_as_cd_alignment.pdf,owner_requested_import
AC9M1N04,Addition and Subtraction within 20,practice,P18,"Choose an easy pair to add first.
4 + 6 + 3 = ?","{""A"": ""10"", ""B"": ""13"", ""C"": ""12""}",B,Four and six make ten. Add the last three to make thirteen.,mcq,Group addends to make ten,apply,,null,https://au.ixl.com/maths/year-1/make-ten-to-add,https://www.qcaa.qld.edu.au/downloads/aciqv9/mathematics/curriculum/ac9_maths_yr1_as_cd_alignment.pdf,owner_requested_import
AC9M1N04,Addition and Subtraction within 20,practice,P19,"For 8 + 4, Sam starts at 8 and says “9, 10, 11”. What is missing?","{""A"": ""One more counting step."", ""B"": ""Four more counting steps."", ""C"": ""A step backwards.""}",A,Sam has counted on only three. One more step reaches 12.,mcq,Diagnose a count-on error,reason,,null,https://au.ixl.com/maths/year-1/make-ten-to-add,https://www.qcaa.qld.edu.au/downloads/aciqv9/mathematics/curriculum/ac9_maths_yr1_as_cd_alignment.pdf,owner_requested_import
AC9M1N04,Addition and Subtraction within 20,practice,P20,The whole is 16. Its parts are 10 and 6. Write two different subtraction equations.,{},16 − 10 = 6; 16 − 6 = 10,Subtract either part from the whole to find the other part.,short_answer,Create related subtraction facts,create,"Accept both 16 − 10 = 6 and 16 − 6 = 10, in either order or with reversed equality.",null,https://au.ixl.com/maths/year-1/make-ten-to-add,https://www.qcaa.qld.edu.au/downloads/aciqv9/mathematics/curriculum/ac9_maths_yr1_as_cd_alignment.pdf,owner_requested_import
AC9M1N04,Addition and Subtraction within 20,practice,P21,Which calculation also has the answer 7?,"{""A"": ""12 + 5"", ""B"": ""12 − 7"", ""C"": ""12 − 5""}",C,Twelve take away five leaves seven. Counting up from 5 to 12 is another way to check.,mcq,Match a subtraction result,apply,,null,https://au.ixl.com/maths/year-1/make-ten-to-add,https://www.qcaa.qld.edu.au/downloads/aciqv9/mathematics/curriculum/ac9_maths_yr1_as_cd_alignment.pdf,owner_requested_import
AC9M1N04,Addition and Subtraction within 20,practice,P22,A card says __ + 4 = 15. Which number belongs in the gap?,"{""A"": ""19"", ""B"": ""9"", ""C"": ""11""}",C,Eleven and four make fifteen. You can find the missing part with 15 − 4.,mcq,Find a missing addend,apply,,null,https://au.ixl.com/maths/year-1/make-ten-to-add,https://www.qcaa.qld.edu.au/downloads/aciqv9/mathematics/curriculum/ac9_maths_yr1_as_cd_alignment.pdf,owner_requested_import
AC9M1N04,Addition and Subtraction within 20,practice,P23,18 − 18 = ?,"{""A"": ""18"", ""B"": ""0"", ""C"": ""1""}",B,Taking away all eighteen leaves none. None is written as zero.,mcq,Subtract the whole,recognise,,null,https://au.ixl.com/maths/year-1/make-ten-to-add,https://www.qcaa.qld.edu.au/downloads/aciqv9/mathematics/curriculum/ac9_maths_yr1_as_cd_alignment.pdf,owner_requested_import
AC9M1N04,Addition and Subtraction within 20,practice,P24,Make 18 from two different numbers. Both numbers must be greater than 0. Write an addition equation.,{},10 + 8 = 18,The two chosen parts must total 18. Ten and eight are one possible pair.,short_answer,Create a constrained number pair,create,"Accept any two different positive whole numbers totalling 18, such as 1 + 17, 2 + 16, 3 + 15, 4 + 14, 5 + 13, 6 + 12, 7 + 11 or 8 + 10, in either order.",null,https://au.ixl.com/maths/year-1/make-ten-to-add,https://www.qcaa.qld.edu.au/downloads/aciqv9/mathematics/curriculum/ac9_maths_yr1_as_cd_alignment.pdf,owner_requested_import
AC9M1N04,Addition and Subtraction within 20,test,T01,"Start at 9. Jump forward 1 to 10, then forward 6. What is 9 + 7?","{""A"": ""15"", ""B"": ""16"", ""C"": ""17""}",B,Seven is one and six. The jumps finish at sixteen.,mcq,Read split number-line jumps,apply,,null,https://au.ixl.com/maths/year-1/make-ten-to-add,https://www.qcaa.qld.edu.au/downloads/aciqv9/mathematics/curriculum/ac9_maths_yr1_as_cd_alignment.pdf,owner_requested_import
AC9M1N04,Addition and Subtraction within 20,test,T02,8 + 8 = 16. Which fact has a total one more than 16?,"{""A"": ""9 + 9 = 18"", ""B"": ""8 + 9 = 17"", ""C"": ""8 + 7 = 15""}",B,Only one of the two eights increases by one. The total increases from 16 to 17.,mcq,Identify a near-double fact,reason,,null,https://au.ixl.com/maths/year-1/make-ten-to-add,https://www.qcaa.qld.edu.au/downloads/aciqv9/mathematics/curriculum/ac9_maths_yr1_as_cd_alignment.pdf,owner_requested_import
AC9M1N04,Addition and Subtraction within 20,test,T03,Use 6 + 9 = 15. What is 15 − 6?,"{""A"": ""9"", ""B"": ""15"", ""C"": ""6""}",A,"Removing one part from the whole leaves the other part, nine.",mcq,Use a related addition fact,apply,,null,https://au.ixl.com/maths/year-1/make-ten-to-add,https://www.qcaa.qld.edu.au/downloads/aciqv9/mathematics/curriculum/ac9_maths_yr1_as_cd_alignment.pdf,owner_requested_import
AC9M1N04,Addition and Subtraction within 20,test,T04,7 + 7 = 14. Work out 7 + 8 and tell how the double helps.,{},15; one more than 14.,"Eight is one more than seven, so the total is one more than fourteen.",short_answer,Explain a near-double strategy,reason,Accept 15 with an explanation or model showing one extra added to the known double.,null,https://au.ixl.com/maths/year-1/make-ten-to-add,https://www.qcaa.qld.edu.au/downloads/aciqv9/mathematics/curriculum/ac9_maths_yr1_as_cd_alignment.pdf,owner_requested_import
AC9M1N04,Addition and Subtraction within 20,test,T05,"To work out 16 − 7, take away 6 first. What is the next step?","{""A"": ""10 − 1"", ""B"": ""10 + 1"", ""C"": ""10 − 7""}",A,"Sixteen minus six reaches ten. Seven is six and one, so take away one more.",mcq,Complete a bridge-through-ten strategy,reason,,null,https://au.ixl.com/maths/year-1/make-ten-to-add,https://www.qcaa.qld.edu.au/downloads/aciqv9/mathematics/curriculum/ac9_maths_yr1_as_cd_alignment.pdf,owner_requested_import
AC9M1N04,Addition and Subtraction within 20,test,T06,The whole is 17. One part is 8. Find the other part.,"{""A"": ""10"", ""B"": ""8"", ""C"": ""9""}",C,Eight and nine make seventeen. The missing part is nine.,mcq,Find a missing part,apply,,null,https://au.ixl.com/maths/year-1/make-ten-to-add,https://www.qcaa.qld.edu.au/downloads/aciqv9/mathematics/curriculum/ac9_maths_yr1_as_cd_alignment.pdf,owner_requested_import
AC9M1N04,Addition and Subtraction within 20,test,T07,A row has 11 counters. Five are crossed out. Which equation matches?,"{""A"": ""11 + 5 = 16"", ""B"": ""11 − 5 = 6"", ""C"": ""6 − 5 = 1""}",B,The model starts with eleven and removes five. Six remain.,mcq,Match a crossed-out model,apply,,"{""type"": ""grid"", ""rows"": [[""×"", ""×"", ""×"", ""×"", ""×"", ""●"", ""●"", ""●"", ""●"", ""●"", ""●""]], ""caption"": ""× crossed-out counter; ● remaining counter.""}",https://au.ixl.com/maths/year-1/make-ten-to-add,https://www.qcaa.qld.edu.au/downloads/aciqv9/mathematics/curriculum/ac9_maths_yr1_as_cd_alignment.pdf,owner_requested_import
AC9M1N04,Addition and Subtraction within 20,test,T08,The parts are 5 and 8. The whole is 13. Write one addition equation and one subtraction equation.,{},5 + 8 = 13; 13 − 5 = 8,The addition joins the two parts. The subtraction removes one part from the whole.,short_answer,Create a related fact pair,create,Accept either order of 5 + 8 = 13 and either 13 − 5 = 8 or 13 − 8 = 5; reversed equality forms are valid.,null,https://au.ixl.com/maths/year-1/make-ten-to-add,https://www.qcaa.qld.edu.au/downloads/aciqv9/mathematics/curriculum/ac9_maths_yr1_as_cd_alignment.pdf,owner_requested_import
AC9M1N04,Addition and Subtraction within 20,test,T09,"Lee works out 13 + 4 by saying “13, 14, 15, 16”. What answer should Lee get?","{""A"": ""18"", ""B"": ""16"", ""C"": ""17""}",C,"Do not count the starting number as a step. Four steps after 13 are 14, 15, 16, 17.",mcq,Correct a count-on result,reason,,null,https://au.ixl.com/maths/year-1/make-ten-to-add,https://www.qcaa.qld.edu.au/downloads/aciqv9/mathematics/curriculum/ac9_maths_yr1_as_cd_alignment.pdf,owner_requested_import
AC9M1N04,Addition and Subtraction within 20,test,T10,Compare 5 + 9 and 6 + 8. Which is true?,"{""A"": ""6 + 8 is greater."", ""B"": ""They are equal."", ""C"": ""5 + 9 is greater.""}",B,Both totals are fourteen. One part gains one while the other loses one.,mcq,Compare two decompositions,reason,,null,https://au.ixl.com/maths/year-1/make-ten-to-add,https://www.qcaa.qld.edu.au/downloads/aciqv9/mathematics/curriculum/ac9_maths_yr1_as_cd_alignment.pdf,owner_requested_import
AC9M1N04,Addition and Subtraction within 20,test,T11,"__ − 4 = 12
What was the starting number?","{""A"": ""18"", ""B"": ""8"", ""C"": ""16""}",C,Add the removed four back to twelve. The starting number was sixteen.,mcq,Find a missing starting amount,apply,,null,https://au.ixl.com/maths/year-1/make-ten-to-add,https://www.qcaa.qld.edu.au/downloads/aciqv9/mathematics/curriculum/ac9_maths_yr1_as_cd_alignment.pdf,owner_requested_import
AC9M1N04,Addition and Subtraction within 20,test,T12,Work out 18 − 9. Show a way to check your answer.,{},9; 9 + 9 = 18,Nine and nine make eighteen. Removing one nine leaves the other nine.,short_answer,Check subtraction with addition,reason,"Accept 9 with a valid check, including 9 + 9 = 18, a counter model, or counting nine steps from 9 to 18.",null,https://au.ixl.com/maths/year-1/make-ten-to-add,https://www.qcaa.qld.edu.au/downloads/aciqv9/mathematics/curriculum/ac9_maths_yr1_as_cd_alignment.pdf,owner_requested_import
AC9M1N04,Addition and Subtraction within 20,test,T13,A ten-frame is full. A second ten-frame has 4 counters. Remove those 4 counters. How many remain?,"{""A"": ""10"", ""B"": ""4"", ""C"": ""14""}",A,The full ten-frame stays unchanged. Removing the four extra counters leaves ten.,mcq,Interpret two ten-frames,apply,,"{""type"": ""grid"", ""rows"": [[""●"", ""●"", ""●"", ""●"", ""●""], [""●"", ""●"", ""●"", ""●"", ""●""], [""×"", ""×"", ""×"", ""×"", ""○""], [""○"", ""○"", ""○"", ""○"", ""○""]], ""caption"": ""First two rows: full frame. Last two rows: second frame. × removed; ○ empty.""}",https://au.ixl.com/maths/year-1/make-ten-to-add,https://www.qcaa.qld.edu.au/downloads/aciqv9/mathematics/curriculum/ac9_maths_yr1_as_cd_alignment.pdf,owner_requested_import
AC9M1N04,Addition and Subtraction within 20,test,T14,Which addition has the greatest total?,"{""A"": ""9 + 9"", ""B"": ""7 + 8"", ""C"": ""10 + 7""}",A,"The totals are 15, 18 and 17. Eighteen is the greatest.",mcq,Compare calculated totals,reason,,null,https://au.ixl.com/maths/year-1/make-ten-to-add,https://www.qcaa.qld.edu.au/downloads/aciqv9/mathematics/curriculum/ac9_maths_yr1_as_cd_alignment.pdf,owner_requested_import
AC9M1N04,Addition and Subtraction within 20,test,T15,"Start at 15. Move back 5, then back 3. Where do you finish?","{""A"": ""8"", ""B"": ""10"", ""C"": ""7""}",C,Fifteen minus five reaches ten. Three more steps back reaches seven.,mcq,Read split backward jumps,apply,,null,https://au.ixl.com/maths/year-1/make-ten-to-add,https://www.qcaa.qld.edu.au/downloads/aciqv9/mathematics/curriculum/ac9_maths_yr1_as_cd_alignment.pdf,owner_requested_import
AC9M1N04,Addition and Subtraction within 20,test,T16,Write a subtraction equation with an answer of 6. Start with a number greater than 10 and no greater than 20.,{},14 − 8 = 6,Choose a starting number and remove enough to leave six. Fourteen minus eight is one example.,short_answer,Create a constrained subtraction,create,"Accept n − (n−6) = 6 for any whole-number n from 11 to 20, with both numbers shown correctly.",null,https://au.ixl.com/maths/year-1/make-ten-to-add,https://www.qcaa.qld.edu.au/downloads/aciqv9/mathematics/curriculum/ac9_maths_yr1_as_cd_alignment.pdf,owner_requested_import
AC9M1N05,Additive Problem Solving and Money,practice,P01,Five children are on the mat. Three more join them. Which equation finds how many children are on the mat now?,"{""A"": ""5 + 3 = 8"", ""B"": ""8 + 3 = 11"", ""C"": ""5 − 3 = 2""}",A,The three children join the five already there. Add the two groups to find eight children.,mcq,Choose a joining equation,apply,,null,https://au.ixl.com/maths/year-1/word-problems-with-change-unknown-up-to-10,https://www.qcaa.qld.edu.au/downloads/aciqv9/mathematics/curriculum/ac9_maths_yr1_as_cd_alignment.pdf,owner_requested_import
AC9M1N05,Additive Problem Solving and Money,practice,P02,A pencil pot holds 12 pencils. Four pencils are taken out. How many stay in the pot?,"{""A"": ""16"", ""B"": ""4"", ""C"": ""8""}",C,The pencils taken out are removed from the starting twelve. Twelve minus four leaves eight.,mcq,Solve a separating situation,apply,,null,https://au.ixl.com/maths/year-1/word-problems-with-change-unknown-up-to-10,https://www.qcaa.qld.edu.au/downloads/aciqv9/mathematics/curriculum/ac9_maths_yr1_as_cd_alignment.pdf,owner_requested_import
AC9M1N05,Additive Problem Solving and Money,practice,P03,Ana has 7 shells. Ben has 5 shells. How many more shells does Ana have?,"{""A"": ""5"", ""B"": ""12"", ""C"": ""2""}",C,Match five shells from each collection. Ana has two shells left without a match.,mcq,Compare two collections,apply,,"{""type"": ""bars"", ""bars"": [{""label"": ""Ana"", ""units"": 7}, {""label"": ""Ben"", ""units"": 5}], ""caption"": ""Each block represents one shell.""}",https://au.ixl.com/maths/year-1/word-problems-with-change-unknown-up-to-10,https://www.qcaa.qld.edu.au/downloads/aciqv9/mathematics/curriculum/ac9_maths_yr1_as_cd_alignment.pdf,owner_requested_import
AC9M1N05,Additive Problem Solving and Money,practice,P04,There are 6 toy cars on one shelf and 5 on another. Draw a model to show how many cars there are altogether. Write the total.,{},11 cars,Join the group of six and the group of five. Six plus five makes eleven.,short_answer,Draw a joining model,create,"Accept a model with groups of 6 and 5 joined or counted together, with total 11.",null,https://au.ixl.com/maths/year-1/word-problems-with-change-unknown-up-to-10,https://www.qcaa.qld.edu.au/downloads/aciqv9/mathematics/curriculum/ac9_maths_yr1_as_cd_alignment.pdf,owner_requested_import
AC9M1N05,Additive Problem Solving and Money,practice,P05,"At a school stall, a sticker costs 15 cents. You pay with a 10-cent coin and a 5-cent coin. How much change should you get?","{""A"": ""0 cents"", ""B"": ""10 cents"", ""C"": ""5 cents""}",A,"Ten cents and five cents total fifteen cents. You paid exactly the price, so there is no change.",mcq,Recognise exact coin payment,apply,,null,https://au.ixl.com/maths/year-1/word-problems-with-change-unknown-up-to-10,https://www.qcaa.qld.edu.au/downloads/aciqv9/mathematics/curriculum/ac9_maths_yr1_as_cd_alignment.pdf,owner_requested_import
AC9M1N05,Additive Problem Solving and Money,practice,P06,A pencil costs $2 and a rubber costs $3. How much do they cost altogether?,"{""A"": ""$1"", ""B"": ""$6"", ""C"": ""$5""}",C,Add the two prices: two dollars plus three dollars is five dollars.,mcq,Combine two prices,apply,,null,https://au.ixl.com/maths/year-1/word-problems-with-change-unknown-up-to-10,https://www.qcaa.qld.edu.au/downloads/aciqv9/mathematics/curriculum/ac9_maths_yr1_as_cd_alignment.pdf,owner_requested_import
AC9M1N05,Additive Problem Solving and Money,practice,P07,A tank has some fish. Four more fish are added. Now it has 13 fish. How many fish were there at the start?,"{""A"": ""9"", ""B"": ""13"", ""C"": ""17""}",A,The starting fish and four new fish make thirteen. Take away four from thirteen to find the starting nine.,mcq,Find a missing starting quantity,apply,,null,https://au.ixl.com/maths/year-1/word-problems-with-change-unknown-up-to-10,https://www.qcaa.qld.edu.au/downloads/aciqv9/mathematics/curriculum/ac9_maths_yr1_as_cd_alignment.pdf,owner_requested_import
AC9M1N05,Additive Problem Solving and Money,practice,P08,A caterpillar picture needs 12 spots. You have drawn 7 spots. Draw or write a way to find how many more spots it needs.,{},5 more spots; 7 + 5 = 12,"Count on from seven to twelve, or subtract seven from twelve. Five spots are still needed.",short_answer,Represent a missing added part,create,"Accept 5 more spots with 7 + 5 = 12, 12 − 7 = 5, a labelled gap model, or a drawing showing 7 existing and 5 additional spots.",null,https://au.ixl.com/maths/year-1/word-problems-with-change-unknown-up-to-10,https://www.qcaa.qld.edu.au/downloads/aciqv9/mathematics/curriculum/ac9_maths_yr1_as_cd_alignment.pdf,owner_requested_import
AC9M1N05,Additive Problem Solving and Money,practice,P09,There are 18 counters in a bag. Five are taken out. Which model matches the story?,"{""A"": ""13 at the start; add 5; 18 at the end."", ""B"": ""5 at the start; remove 5; 0 at the end."", ""C"": ""18 at the start; remove 5; 13 at the end.""}",C,The story starts with eighteen and removes five. The model must leave thirteen in the bag.,mcq,Choose a start-change-finish model,apply,,null,https://au.ixl.com/maths/year-1/word-problems-with-change-unknown-up-to-10,https://www.qcaa.qld.edu.au/downloads/aciqv9/mathematics/curriculum/ac9_maths_yr1_as_cd_alignment.pdf,owner_requested_import
AC9M1N05,Additive Problem Solving and Money,practice,P10,A book costs $6. You pay with a $10 note. How much change should you get?,"{""A"": ""$4"", ""B"": ""$16"", ""C"": ""$6""}",A,Six dollars for the book and four dollars in change make the ten dollars paid.,mcq,Find change from a note,apply,,null,https://au.ixl.com/maths/year-1/word-problems-with-change-unknown-up-to-10,https://www.qcaa.qld.edu.au/downloads/aciqv9/mathematics/curriculum/ac9_maths_yr1_as_cd_alignment.pdf,owner_requested_import
AC9M1N05,Additive Problem Solving and Money,practice,P11,Max has 6 toy animals. Liv has 2 fewer than Max. How many toy animals does Liv have?,"{""A"": ""2"", ""B"": ""4"", ""C"": ""8""}",B,Two fewer than six means taking away two. Liv has four toy animals.,mcq,Interpret a fewer-than comparison,apply,,null,https://au.ixl.com/maths/year-1/word-problems-with-change-unknown-up-to-10,https://www.qcaa.qld.edu.au/downloads/aciqv9/mathematics/curriculum/ac9_maths_yr1_as_cd_alignment.pdf,owner_requested_import
AC9M1N05,Additive Problem Solving and Money,practice,P12,"Make a short story that matches 8 − 3 = 5. Tell what the 8, the 3 and the 5 mean.",{},There were 8 balloons. Three burst. Five balloons were left.,"Eight minus three is five. A matching story can remove three from eight, compare eight and three, or find the missing part of eight.",short_answer,Create a separating story,create,"Accept any sensible story or labelled drawing representing 8 − 3 = 5, including taking away 3 from 8, comparing amounts of 8 and 3 to find a difference of 5, or finding the missing part of 8 when the known part is 3. The roles of all three numbers must be clear.",null,https://au.ixl.com/maths/year-1/word-problems-with-change-unknown-up-to-10,https://www.qcaa.qld.edu.au/downloads/aciqv9/mathematics/curriculum/ac9_maths_yr1_as_cd_alignment.pdf,owner_requested_import
AC9M1N05,Additive Problem Solving and Money,practice,P13,Ten books are on a table. Some are put on a shelf. Four books stay on the table. Which equation helps find how many were moved?,"{""A"": ""10 − 4 = 6"", ""B"": ""10 + 4 = 14"", ""C"": ""4 − 4 = 0""}",A,The ten books split into books moved and books left. Taking away the four left finds the six moved.,mcq,Choose an equation for a missing change,apply,,null,https://au.ixl.com/maths/year-1/word-problems-with-change-unknown-up-to-10,https://www.qcaa.qld.edu.au/downloads/aciqv9/mathematics/curriculum/ac9_maths_yr1_as_cd_alignment.pdf,owner_requested_import
AC9M1N05,Additive Problem Solving and Money,practice,P14,A toy costs $7. Which payment is exactly $7?,"{""A"": ""One $5 note and one $1 coin."", ""B"": ""One $5 note and one $2 coin."", ""C"": ""Two $5 notes.""}",B,Five dollars and two dollars make seven dollars. This payment matches the price.,mcq,Select a note-and-coin payment,apply,,null,https://au.ixl.com/maths/year-1/word-problems-with-change-unknown-up-to-10,https://www.qcaa.qld.edu.au/downloads/aciqv9/mathematics/curriculum/ac9_maths_yr1_as_cd_alignment.pdf,owner_requested_import
AC9M1N05,Additive Problem Solving and Money,practice,P15,The red team has 9 points. The blue team has 6 points. How many points does the blue team need to catch up?,"{""A"": ""6"", ""B"": ""3"", ""C"": ""15""}",B,The blue team needs the gap between six and nine. Three more points makes the scores equal.,mcq,Find an amount needed to match,apply,,null,https://au.ixl.com/maths/year-1/word-problems-with-change-unknown-up-to-10,https://www.qcaa.qld.edu.au/downloads/aciqv9/mathematics/curriculum/ac9_maths_yr1_as_cd_alignment.pdf,owner_requested_import
AC9M1N05,Additive Problem Solving and Money,practice,P16,"Complete the story with an equation.
Blocks in the box at first: 9
Blocks added: 6
Blocks in the box at the end: ?",{},9 + 6 = 15,Six blocks join the nine already in the box. The new total is fifteen blocks.,short_answer,Turn a start-change table into an equation,create,"Accept 9 + 6 = 15 or 6 + 9 = 15, including reversed equality.","{""type"": ""table"", ""headers"": [""Stage"", ""Blocks""], ""rows"": [[""At first"", ""9""], [""Added"", ""6""], [""At the end"", ""?""]]}",https://au.ixl.com/maths/year-1/word-problems-with-change-unknown-up-to-10,https://www.qcaa.qld.edu.au/downloads/aciqv9/mathematics/curriculum/ac9_maths_yr1_as_cd_alignment.pdf,owner_requested_import
AC9M1N05,Additive Problem Solving and Money,practice,P17,"A tray has 6 red beads, 4 blue beads and 2 green beads. How many red and blue beads are there altogether?","{""A"": ""12"", ""B"": ""8"", ""C"": ""10""}",C,Only the red and blue beads are wanted. Add six and four to get ten.,mcq,Select quantities needed for a model,reason,,null,https://au.ixl.com/maths/year-1/word-problems-with-change-unknown-up-to-10,https://www.qcaa.qld.edu.au/downloads/aciqv9/mathematics/curriculum/ac9_maths_yr1_as_cd_alignment.pdf,owner_requested_import
AC9M1N05,Additive Problem Solving and Money,practice,P18,A box has 12 blocks. You want it to have 9 blocks. What should you do?,"{""A"": ""Take out 3 blocks."", ""B"": ""Take out 9 blocks."", ""C"": ""Add 3 blocks.""}",A,Twelve is three more than nine. Removing three leaves the nine blocks wanted.,mcq,Choose an action to reach a target,reason,,null,https://au.ixl.com/maths/year-1/word-problems-with-change-unknown-up-to-10,https://www.qcaa.qld.edu.au/downloads/aciqv9/mathematics/curriculum/ac9_maths_yr1_as_cd_alignment.pdf,owner_requested_import
AC9M1N05,Additive Problem Solving and Money,practice,P19,A cup costs $4. A plate costs $5. The price tag for both says $10. What should the total price be?,"{""A"": ""$1"", ""B"": ""$9"", ""C"": ""$10""}",B,The two prices add to nine dollars. The ten-dollar tag is one dollar too much.,mcq,Correct a combined-price error,reason,,null,https://au.ixl.com/maths/year-1/word-problems-with-change-unknown-up-to-10,https://www.qcaa.qld.edu.au/downloads/aciqv9/mathematics/curriculum/ac9_maths_yr1_as_cd_alignment.pdf,owner_requested_import
AC9M1N05,Additive Problem Solving and Money,practice,P20,"At a class shop, a card costs 15 cents. You pay 20 cents. Write the change and an equation to check it.",{},5 cents; 15 + 5 = 20,Fifteen cents and five cents make the twenty cents paid. So the change is five cents.,short_answer,Model and check change,reason,"Accept 5 cents with 15 + 5 = 20 or 20 − 15 = 5, with cents stated or clear from the response.",null,https://au.ixl.com/maths/year-1/word-problems-with-change-unknown-up-to-10,https://www.qcaa.qld.edu.au/downloads/aciqv9/mathematics/curriculum/ac9_maths_yr1_as_cd_alignment.pdf,owner_requested_import
AC9M1N05,Additive Problem Solving and Money,practice,P21,"A bowl had 14 cherries. After snack time, 9 cherries were left. How many cherries were eaten?","{""A"": ""14"", ""B"": ""5"", ""C"": ""9""}",B,The eaten cherries and the nine left make fourteen. Fourteen minus nine gives five eaten.,mcq,Solve a missing-change situation,apply,,null,https://au.ixl.com/maths/year-1/word-problems-with-change-unknown-up-to-10,https://www.qcaa.qld.edu.au/downloads/aciqv9/mathematics/curriculum/ac9_maths_yr1_as_cd_alignment.pdf,owner_requested_import
AC9M1N05,Additive Problem Solving and Money,practice,P22,A bus has 7 occupied seats and 5 empty seats. Which drawing plan would show the total number of seats?,"{""A"": ""Draw only the 5 empty seats."", ""B"": ""Draw 7 seats, then cross out 5."", ""C"": ""Draw 7 occupied seats and 5 more empty seats.""}",C,Occupied and empty seats are the two parts of all the seats. Drawing both parts shows the total of twelve.,mcq,Choose a part-whole drawing plan,reason,,null,https://au.ixl.com/maths/year-1/word-problems-with-change-unknown-up-to-10,https://www.qcaa.qld.edu.au/downloads/aciqv9/mathematics/curriculum/ac9_maths_yr1_as_cd_alignment.pdf,owner_requested_import
AC9M1N05,Additive Problem Solving and Money,practice,P23,You have $8 and spend $5 on a snack. Which item can you buy with exactly the money left?,"{""A"": ""A $5 notebook."", ""B"": ""A $3 badge."", ""C"": ""A $4 pen.""}",B,Eight dollars minus five dollars leaves three dollars. The badge costs exactly that amount.,mcq,Use a remaining amount to select a purchase,reason,,null,https://au.ixl.com/maths/year-1/word-problems-with-change-unknown-up-to-10,https://www.qcaa.qld.edu.au/downloads/aciqv9/mathematics/curriculum/ac9_maths_yr1_as_cd_alignment.pdf,owner_requested_import
AC9M1N05,Additive Problem Solving and Money,practice,P24,A small ball costs $3. A kite costs $8. Show their total cost with a drawing or an equation.,{},$11; 3 + 8 = 11,Join the two prices to find the cost of both items. Three dollars and eight dollars make eleven dollars.,short_answer,Create a model for combined purchases,create,"Accept total $11 with 3 + 8 = 11, 8 + 3 = 11, or a clear labelled money model.",null,https://au.ixl.com/maths/year-1/word-problems-with-change-unknown-up-to-10,https://www.qcaa.qld.edu.au/downloads/aciqv9/mathematics/curriculum/ac9_maths_yr1_as_cd_alignment.pdf,owner_requested_import
AC9M1N05,Additive Problem Solving and Money,test,T01,"A class puts 12 paintings on a wall, then adds 5 more. How many paintings are on the wall now?","{""A"": ""18"", ""B"": ""17"", ""C"": ""7""}",B,The five new paintings join the first twelve. Twelve plus five makes seventeen.,mcq,Solve a joining situation,apply,,null,https://au.ixl.com/maths/year-1/word-problems-with-change-unknown-up-to-10,https://www.qcaa.qld.edu.au/downloads/aciqv9/mathematics/curriculum/ac9_maths_yr1_as_cd_alignment.pdf,owner_requested_import
AC9M1N05,Additive Problem Solving and Money,test,T02,A shelf had 16 cups. Some cups were taken away. Eleven cups remain. Which equation puts the cups taken away in the gap?,"{""A"": ""16 − __ = 11"", ""B"": ""11 + 5 = __"", ""C"": ""16 − __ = 5""}",A,"The story gives the starting sixteen and the remaining eleven. The blank is the number taken away, five.",mcq,Represent an unknown change,apply,,null,https://au.ixl.com/maths/year-1/word-problems-with-change-unknown-up-to-10,https://www.qcaa.qld.edu.au/downloads/aciqv9/mathematics/curriculum/ac9_maths_yr1_as_cd_alignment.pdf,owner_requested_import
AC9M1N05,Additive Problem Solving and Money,test,T03,A puzzle costs $7. You pay with a $10 note. How much change should you receive?,"{""A"": ""$17"", ""B"": ""$7"", ""C"": ""$3""}",C,Seven dollars for the puzzle and three dollars in change make ten dollars.,mcq,Find change from a note,apply,,null,https://au.ixl.com/maths/year-1/word-problems-with-change-unknown-up-to-10,https://www.qcaa.qld.edu.au/downloads/aciqv9/mathematics/curriculum/ac9_maths_yr1_as_cd_alignment.pdf,owner_requested_import
AC9M1N05,Additive Problem Solving and Money,test,T04,Thirteen children each need a ticket. Seven tickets are ready. Show how to find the number of extra tickets needed.,{},6 more tickets; 13 − 7 = 6,The seven ready tickets and six extra tickets make thirteen.,short_answer,Represent a missing added part,create,"Accept 6 extra tickets with 13 − 7 = 6, 7 + 6 = 13, counting on, or a matching model.",null,https://au.ixl.com/maths/year-1/word-problems-with-change-unknown-up-to-10,https://www.qcaa.qld.edu.au/downloads/aciqv9/mathematics/curriculum/ac9_maths_yr1_as_cd_alignment.pdf,owner_requested_import
AC9M1N05,Additive Problem Solving and Money,test,T05,Two towers use the same-size blocks. One tower has 8 blocks. The other has 12 blocks. How many blocks taller is the second tower?,"{""A"": ""20"", ""B"": ""4"", ""C"": ""8""}",B,Match the first eight blocks in both towers. Four blocks remain above the shorter tower.,mcq,Compare two modelled quantities,apply,,"{""type"": ""bars"", ""bars"": [{""label"": ""First tower"", ""units"": 8}, {""label"": ""Second tower"", ""units"": 12}], ""caption"": ""Each block represents one building block. All building blocks are the same size.""}",https://au.ixl.com/maths/year-1/word-problems-with-change-unknown-up-to-10,https://www.qcaa.qld.edu.au/downloads/aciqv9/mathematics/curriculum/ac9_maths_yr1_as_cd_alignment.pdf,owner_requested_import
AC9M1N05,Additive Problem Solving and Money,test,T06,A bag costs $6 and a hat costs $8. What is the cost of buying both?,"{""A"": ""$16"", ""B"": ""$2"", ""C"": ""$14""}",C,Both prices are parts of the total. Six dollars plus eight dollars is fourteen dollars.,mcq,Combine two prices,apply,,null,https://au.ixl.com/maths/year-1/word-problems-with-change-unknown-up-to-10,https://www.qcaa.qld.edu.au/downloads/aciqv9/mathematics/curriculum/ac9_maths_yr1_as_cd_alignment.pdf,owner_requested_import
AC9M1N05,Additive Problem Solving and Money,test,T07,There are 9 spoons and 6 bowls. Each bowl needs one spoon. Which equation finds the extra spoons?,"{""A"": ""6 − 3 = 3"", ""B"": ""9 + 6 = 15"", ""C"": ""9 − 6 = 3""}",C,Pair one spoon with each of the six bowls. Subtract six from nine to find the three extra spoons.,mcq,Choose a comparison equation,reason,,null,https://au.ixl.com/maths/year-1/word-problems-with-change-unknown-up-to-10,https://www.qcaa.qld.edu.au/downloads/aciqv9/mathematics/curriculum/ac9_maths_yr1_as_cd_alignment.pdf,owner_requested_import
AC9M1N05,Additive Problem Solving and Money,test,T08,Six toy boats were taken from a box. Seven boats were left. Draw a model or write an equation to find how many boats were in the box at first.,{},13 boats; 6 + 7 = 13,The boats removed and the boats left are the two parts of the starting amount. Together they make thirteen.,short_answer,Build a missing-start model,create,"Accept 13 boats with 6 + 7 = 13, 7 + 6 = 13, 13 − 6 = 7, or a drawing showing both parts.",null,https://au.ixl.com/maths/year-1/word-problems-with-change-unknown-up-to-10,https://www.qcaa.qld.edu.au/downloads/aciqv9/mathematics/curriculum/ac9_maths_yr1_as_cd_alignment.pdf,owner_requested_import
AC9M1N05,Additive Problem Solving and Money,test,T09,A game costs $5. You pay with two $2 coins and one $1 coin. Which is true?,"{""A"": ""You paid exactly $5."", ""B"": ""You should get $1 change."", ""C"": ""You need $1 more.""}",A,Two dollars plus two dollars plus one dollar makes five dollars. The payment matches the price.,mcq,Check a payment made from several coins,reason,,null,https://au.ixl.com/maths/year-1/word-problems-with-change-unknown-up-to-10,https://www.qcaa.qld.edu.au/downloads/aciqv9/mathematics/curriculum/ac9_maths_yr1_as_cd_alignment.pdf,owner_requested_import
AC9M1N05,Additive Problem Solving and Money,test,T10,Fifteen paint pots each need a lid. There are only 9 lids. How many more lids are needed?,"{""A"": ""6"", ""B"": ""15"", ""C"": ""9""}",A,"Nine lids are already available. Six more will make fifteen lids, one for every pot.",mcq,Find an amount needed to match,apply,,null,https://au.ixl.com/maths/year-1/word-problems-with-change-unknown-up-to-10,https://www.qcaa.qld.edu.au/downloads/aciqv9/mathematics/curriculum/ac9_maths_yr1_as_cd_alignment.pdf,owner_requested_import
AC9M1N05,Additive Problem Solving and Money,test,T11,A basket has 4 bread rolls. Seven more are added. Jo says there are 3 rolls now. What is the correct total?,"{""A"": ""3"", ""B"": ""11"", ""C"": ""7""}",B,"More rolls were added, so join the quantities. Four plus seven is eleven.",mcq,Correct an operation chosen for a story,reason,,null,https://au.ixl.com/maths/year-1/word-problems-with-change-unknown-up-to-10,https://www.qcaa.qld.edu.au/downloads/aciqv9/mathematics/curriculum/ac9_maths_yr1_as_cd_alignment.pdf,owner_requested_import
AC9M1N05,Additive Problem Solving and Money,test,T12,You have 20 cents. You spend 5 cents at a class shop. Write an equation showing how much money is left.,{},20 − 5 = 15; 15 cents left,Spending five cents removes five from twenty. Fifteen cents remain.,short_answer,Create a spending model,create,"Accept 20 − 5 = 15, or 5 + 15 = 20 with 15 cents identified as the amount left.",null,https://au.ixl.com/maths/year-1/word-problems-with-change-unknown-up-to-10,https://www.qcaa.qld.edu.au/downloads/aciqv9/mathematics/curriculum/ac9_maths_yr1_as_cd_alignment.pdf,owner_requested_import
AC9M1N05,Additive Problem Solving and Money,test,T13,A stamp at a school stall costs 15 cents. You have a 10-cent coin. Which extra coin lets you pay exactly?,"{""A"": ""A 20-cent coin."", ""B"": ""A 5-cent coin."", ""C"": ""A 10-cent coin.""}",B,Ten cents and five cents make fifteen cents. The five-cent coin fills the gap.,mcq,Find a coin needed to complete payment,apply,,null,https://au.ixl.com/maths/year-1/word-problems-with-change-unknown-up-to-10,https://www.qcaa.qld.edu.au/downloads/aciqv9/mathematics/curriculum/ac9_maths_yr1_as_cd_alignment.pdf,owner_requested_import
AC9M1N05,Additive Problem Solving and Money,test,T14,There are 17 books to pack. A box already holds 10 of them. How many books still need packing?,"{""A"": ""7"", ""B"": ""17"", ""C"": ""10""}",A,The packed books and unpacked books make seventeen. Taking away the ten packed books leaves seven.,mcq,Find an uncompleted part of a task,apply,,null,https://au.ixl.com/maths/year-1/word-problems-with-change-unknown-up-to-10,https://www.qcaa.qld.edu.au/downloads/aciqv9/mathematics/curriculum/ac9_maths_yr1_as_cd_alignment.pdf,owner_requested_import
AC9M1N05,Additive Problem Solving and Money,test,T15,A tub has 14 balls. Four are taken out. Then 2 are put back. How many balls are in the tub now?,"{""A"": ""8"", ""B"": ""10"", ""C"": ""12""}",C,Four taken from fourteen leaves ten. Putting two back brings the total to twelve.,mcq,Track two short additive actions,reason,,null,https://au.ixl.com/maths/year-1/word-problems-with-change-unknown-up-to-10,https://www.qcaa.qld.edu.au/downloads/aciqv9/mathematics/curriculum/ac9_maths_yr1_as_cd_alignment.pdf,owner_requested_import
AC9M1N05,Additive Problem Solving and Money,test,T16,"A shop sells a pen for $4, a notebook for $6 and a folder for $7. Choose two different items that cost exactly $10 altogether. Show your choice with an equation.",{},Pen and notebook; 4 + 6 = 10,Four dollars and six dollars make ten dollars. The other pairs cost more than ten dollars.,short_answer,Create a purchase within an exact budget,create,Accept pen and notebook with 4 + 6 = 10 or 6 + 4 = 10; item names may be labels on a clear model.,"{""type"": ""table"", ""headers"": [""Item"", ""Price""], ""rows"": [[""Pen"", ""$4""], [""Notebook"", ""$6""], [""Folder"", ""$7""]]}",https://au.ixl.com/maths/year-1/word-problems-with-change-unknown-up-to-10,https://www.qcaa.qld.edu.au/downloads/aciqv9/mathematics/curriculum/ac9_maths_yr1_as_cd_alignment.pdf,owner_requested_import
AC9M1N06,Equal Sharing and Grouping,practice,P01,Share 6 counters equally between 3 children. How many counters does each child get?,"{""A"": ""6"", ""B"": ""2"", ""C"": ""3""}",B,"Give one counter to each child, then one more to each. Each child gets two.",mcq,Find a share by equal distribution,apply,,null,https://au.ixl.com/maths/year-1/divide-by-counting-equal-groups,https://www.qcaa.qld.edu.au/downloads/aciqv9/mathematics/curriculum/ac9_maths_yr1_as_cd_alignment.pdf,owner_requested_import
AC9M1N06,Equal Sharing and Grouping,practice,P02,Put 8 blocks into groups of 2. How many groups can you make?,"{""A"": ""4"", ""B"": ""2"", ""C"": ""6""}",A,Make pairs until all eight blocks are used. There are four pairs.,mcq,Find the number of equal groups,apply,,null,https://au.ixl.com/maths/year-1/divide-by-counting-equal-groups,https://www.qcaa.qld.edu.au/downloads/aciqv9/mathematics/curriculum/ac9_maths_yr1_as_cd_alignment.pdf,owner_requested_import
AC9M1N06,Equal Sharing and Grouping,practice,P03,Six beads are shared among 3 children. Which list shows equal shares?,"{""A"": ""3, 3, 0"", ""B"": ""1, 2, 3"", ""C"": ""2, 2, 2""}",C,Equal shares have the same number for every child. Three shares of two use all six beads.,mcq,Recognise equal shares,recognise,,null,https://au.ixl.com/maths/year-1/divide-by-counting-equal-groups,https://www.qcaa.qld.edu.au/downloads/aciqv9/mathematics/curriculum/ac9_maths_yr1_as_cd_alignment.pdf,owner_requested_import
AC9M1N06,Equal Sharing and Grouping,practice,P04,Draw 4 plates. Share 12 cherries equally onto them. Write how many cherries are on each plate.,{},3 cherries on each plate,Give each plate one cherry at a time. Twelve cherries make four equal shares of three.,short_answer,Draw an equal-sharing model,create,Accept four groups of three with 3 identified as the number on each plate.,null,https://au.ixl.com/maths/year-1/divide-by-counting-equal-groups,https://www.qcaa.qld.edu.au/downloads/aciqv9/mathematics/curriculum/ac9_maths_yr1_as_cd_alignment.pdf,owner_requested_import
AC9M1N06,Equal Sharing and Grouping,practice,P05,There are 12 counters. Put 3 counters in each group. Which model follows the rule and uses all the counters?,"{""A"": ""3 groups of 4"", ""B"": ""4 groups of 3"", ""C"": ""2 groups of 6""}",B,The rule fixes three counters in every group. Four groups of three use all twelve counters.,mcq,Choose a model for a fixed group size,apply,,null,https://au.ixl.com/maths/year-1/divide-by-counting-equal-groups,https://www.qcaa.qld.edu.au/downloads/aciqv9/mathematics/curriculum/ac9_maths_yr1_as_cd_alignment.pdf,owner_requested_import
AC9M1N06,Equal Sharing and Grouping,practice,P06,"Fifteen beads are shared equally among 3 children. Complete the table.
Children: 3
Beads altogether: 15
Beads for each child: ?","{""A"": ""15"", ""B"": ""5"", ""C"": ""3""}",B,"Deal the beads equally to the three children. Each child gets five, using all fifteen.",mcq,Complete a sharing table,apply,,"{""type"": ""table"", ""headers"": [""What is counted"", ""Number""], ""rows"": [[""Children"", ""3""], [""Beads altogether"", ""15""], [""Beads for each child"", ""?""]]}",https://au.ixl.com/maths/year-1/divide-by-counting-equal-groups,https://www.qcaa.qld.edu.au/downloads/aciqv9/mathematics/curriculum/ac9_maths_yr1_as_cd_alignment.pdf,owner_requested_import
AC9M1N06,Equal Sharing and Grouping,practice,P07,Two plates have 7 and 3 grapes. Move grapes from the first plate to make the shares equal. How many grapes should you move?,"{""A"": ""2"", ""B"": ""1"", ""C"": ""4""}",A,Move two grapes from the plate with seven to the plate with three. Both plates will then have five.,mcq,Repair unequal shares by moving objects,reason,,"{""type"": ""groups"", ""groups"": [7, 3], ""label"": ""Grapes on the two plates""}",https://au.ixl.com/maths/year-1/divide-by-counting-equal-groups,https://www.qcaa.qld.edu.au/downloads/aciqv9/mathematics/curriculum/ac9_maths_yr1_as_cd_alignment.pdf,owner_requested_import
AC9M1N06,Equal Sharing and Grouping,practice,P08,Draw 14 counters. Ring every pair. How many pairs will there be?,{},7 pairs,"Count the counters in twos: 2, 4, 6, 8, 10, 12, 14. There are seven pairs.",short_answer,Make a grouping model,apply,"Accept a drawing of seven pairs with two counters in each, and a pair count of 7.",null,https://au.ixl.com/maths/year-1/divide-by-counting-equal-groups,https://www.qcaa.qld.edu.au/downloads/aciqv9/mathematics/curriculum/ac9_maths_yr1_as_cd_alignment.pdf,owner_requested_import
AC9M1N06,Equal Sharing and Grouping,practice,P09,"Three bowls each hold 4 berries. The groups are [4], [4], [4]. How many berries are there altogether?","{""A"": ""16"", ""B"": ""12"", ""C"": ""7""}",B,"Count the equal groups: four, eight, twelve. There are twelve berries altogether.",mcq,Find a total from equal groups,apply,,"{""type"": ""groups"", ""groups"": [4, 4, 4], ""label"": ""Berries in each bowl""}",https://au.ixl.com/maths/year-1/divide-by-counting-equal-groups,https://www.qcaa.qld.edu.au/downloads/aciqv9/mathematics/curriculum/ac9_maths_yr1_as_cd_alignment.pdf,owner_requested_import
AC9M1N06,Equal Sharing and Grouping,practice,P10,Three children each have 2 counters. There are 3 counters still to share. Give one more to each child. How many counters does each child have now?,"{""A"": ""3"", ""B"": ""2"", ""C"": ""5""}",A,Each child starts with two and receives one more. The equal shares become three each.,mcq,Continue equal distribution,apply,,null,https://au.ixl.com/maths/year-1/divide-by-counting-equal-groups,https://www.qcaa.qld.edu.au/downloads/aciqv9/mathematics/curriculum/ac9_maths_yr1_as_cd_alignment.pdf,owner_requested_import
AC9M1N06,Equal Sharing and Grouping,practice,P11,Ten crackers must be shared equally between 2 plates. Which plan is correct?,"{""A"": ""Put 2 crackers on each of 5 plates."", ""B"": ""Put 10 crackers on each plate."", ""C"": ""Put 5 crackers on each plate.""}",C,The number of plates is fixed at two. Five crackers on each uses all ten equally.,mcq,Distinguish shares from number of groups,reason,,null,https://au.ixl.com/maths/year-1/divide-by-counting-equal-groups,https://www.qcaa.qld.edu.au/downloads/aciqv9/mathematics/curriculum/ac9_maths_yr1_as_cd_alignment.pdf,owner_requested_import
AC9M1N06,Equal Sharing and Grouping,practice,P12,Make equal groups with 8 counters. Use more than one group and more than one counter in every group. Draw one way.,{},Two groups of four counters.,Two groups of four use all eight equally. Four groups of two also work.,short_answer,Create a constrained equal-group model,create,Accept exactly two groups of four or four groups of two; all eight counters must be used.,null,https://au.ixl.com/maths/year-1/divide-by-counting-equal-groups,https://www.qcaa.qld.edu.au/downloads/aciqv9/mathematics/curriculum/ac9_maths_yr1_as_cd_alignment.pdf,owner_requested_import
AC9M1N06,Equal Sharing and Grouping,practice,P13,"The beads are grouped like this: [3], [3], [3], [3]. How many groups are there?","{""A"": ""3"", ""B"": ""12"", ""C"": ""4""}",C,"Count the groups, not the beads inside each group. There are four groups.",mcq,Distinguish the group count from the total,recognise,,"{""type"": ""groups"", ""groups"": [3, 3, 3, 3], ""label"": ""Bead groups""}",https://au.ixl.com/maths/year-1/divide-by-counting-equal-groups,https://www.qcaa.qld.edu.au/downloads/aciqv9/mathematics/curriculum/ac9_maths_yr1_as_cd_alignment.pdf,owner_requested_import
AC9M1N06,Equal Sharing and Grouping,practice,P14,One child has 4 counters in a row. Another has 4 counters arranged in two pairs. Are the shares equal?,"{""A"": ""Yes, both children have 4."", ""B"": ""No, two pairs is only 2 counters."", ""C"": ""No, the row has more.""}",A,"The arrangement does not change the number. Two pairs contain four counters, just like the row.",mcq,Check equal shares in different arrangements,reason,,null,https://au.ixl.com/maths/year-1/divide-by-counting-equal-groups,https://www.qcaa.qld.edu.au/downloads/aciqv9/mathematics/curriculum/ac9_maths_yr1_as_cd_alignment.pdf,owner_requested_import
AC9M1N06,Equal Sharing and Grouping,practice,P15,Put 15 pencils into packs of 5. How many full packs can you make?,"{""A"": ""10"", ""B"": ""5"", ""C"": ""3""}",C,"Use five pencils in the first pack, five in the second and five in the third. All fifteen are packed.",mcq,Group by fives,apply,,null,https://au.ixl.com/maths/year-1/divide-by-counting-equal-groups,https://www.qcaa.qld.edu.au/downloads/aciqv9/mathematics/curriculum/ac9_maths_yr1_as_cd_alignment.pdf,owner_requested_import
AC9M1N06,Equal Sharing and Grouping,practice,P16,Twenty cards go into packs of 5. Draw or describe the packs. How many packs are there?,{},"4 packs, with 5 cards in each","Five, ten, fifteen, twenty counts four equal packs.",short_answer,Represent grouping in a packing task,create,"Accept four groups of five, a labelled drawing, or a description stating 4 packs with 5 cards each.",null,https://au.ixl.com/maths/year-1/divide-by-counting-equal-groups,https://www.qcaa.qld.edu.au/downloads/aciqv9/mathematics/curriculum/ac9_maths_yr1_as_cd_alignment.pdf,owner_requested_import
AC9M1N06,Equal Sharing and Grouping,practice,P17,Share all 16 counters equally between 2 children. Which result is correct?,"{""A"": ""8 each, with none left over."", ""B"": ""10 each, with none left over."", ""C"": ""6 each, with 4 left over.""}",A,Eight counters for each child uses sixteen altogether. Both children have the same amount and all counters are used.,mcq,Check that an equal share uses the whole,reason,,null,https://au.ixl.com/maths/year-1/divide-by-counting-equal-groups,https://www.qcaa.qld.edu.au/downloads/aciqv9/mathematics/curriculum/ac9_maths_yr1_as_cd_alignment.pdf,owner_requested_import
AC9M1N06,Equal Sharing and Grouping,practice,P18,"Three bags hold 3, 3 and 2 marbles. You may add marbles to the last bag. How many should you add to make all the bags equal?","{""A"": ""1"", ""B"": ""3"", ""C"": ""2""}",A,The first two bags each have three. Add one to the bag with two so it also has three.,mcq,Complete an unequal group,reason,,"{""type"": ""groups"", ""groups"": [3, 3, 2], ""label"": ""Marbles in each bag""}",https://au.ixl.com/maths/year-1/divide-by-counting-equal-groups,https://www.qcaa.qld.edu.au/downloads/aciqv9/mathematics/curriculum/ac9_maths_yr1_as_cd_alignment.pdf,owner_requested_import
AC9M1N06,Equal Sharing and Grouping,practice,P19,You have 12 counters. Which sharing plan gives each child more counters?,"{""A"": ""Both plans give the same share."", ""B"": ""Share equally among 3 children."", ""C"": ""Share equally between 2 children.""}",C,"Two children get six each. Three children get four each, so sharing between two gives the larger share.",mcq,Compare shares for a fixed total,reason,,null,https://au.ixl.com/maths/year-1/divide-by-counting-equal-groups,https://www.qcaa.qld.edu.au/downloads/aciqv9/mathematics/curriculum/ac9_maths_yr1_as_cd_alignment.pdf,owner_requested_import
AC9M1N06,Equal Sharing and Grouping,practice,P20,Four hoops each hold 3 beanbags. Write the number of groups and the number in each group.,{},4 groups; 3 beanbags in each group,"Each hoop is one group. There are four hoops, and each contains three beanbags.",short_answer,Label the parts of an equal-group model,apply,"Accept 4 groups and 3 in each, with the roles correctly identified.","{""type"": ""groups"", ""groups"": [3, 3, 3, 3], ""label"": ""Beanbags in each hoop""}",https://au.ixl.com/maths/year-1/divide-by-counting-equal-groups,https://www.qcaa.qld.edu.au/downloads/aciqv9/mathematics/curriculum/ac9_maths_yr1_as_cd_alignment.pdf,owner_requested_import
AC9M1N06,Equal Sharing and Grouping,practice,P21,Twelve flowers are shared equally among 3 vases. Two vases each show 4 flowers. How many are in the covered vase?,"{""A"": ""3"", ""B"": ""4"", ""C"": ""8""}",B,Equal shares mean the covered vase has the same as each other vase. Four flowers in each vase uses twelve.,mcq,Infer a hidden equal share,apply,,"{""type"": ""table"", ""headers"": [""Vase"", ""Flowers""], ""rows"": [[""First"", ""4""], [""Second"", ""4""], [""Covered"", ""?""]]}",https://au.ixl.com/maths/year-1/divide-by-counting-equal-groups,https://www.qcaa.qld.edu.au/downloads/aciqv9/mathematics/curriculum/ac9_maths_yr1_as_cd_alignment.pdf,owner_requested_import
AC9M1N06,Equal Sharing and Grouping,practice,P22,A pair of mittens has 2 mittens. How many pairs can you make from 6 mittens?,"{""A"": ""2"", ""B"": ""6"", ""C"": ""3""}",C,Match the six mittens into groups of two. There are three pairs.,mcq,Interpret a pair as a group,apply,,null,https://au.ixl.com/maths/year-1/divide-by-counting-equal-groups,https://www.qcaa.qld.edu.au/downloads/aciqv9/mathematics/curriculum/ac9_maths_yr1_as_cd_alignment.pdf,owner_requested_import
AC9M1N06,Equal Sharing and Grouping,practice,P23,You have 18 blocks and want 3 equal groups. How many blocks should go in each group?,"{""A"": ""3"", ""B"": ""6"", ""C"": ""9""}",B,Deal all eighteen blocks into three groups. Each group has six.,mcq,Choose a group size for a fixed group count,apply,,null,https://au.ixl.com/maths/year-1/divide-by-counting-equal-groups,https://www.qcaa.qld.edu.au/downloads/aciqv9/mathematics/curriculum/ac9_maths_yr1_as_cd_alignment.pdf,owner_requested_import
AC9M1N06,Equal Sharing and Grouping,practice,P24,There are 12 counters. Draw two different ways to put them into equal groups. Use at least 2 groups in each way.,{},Two groups of six; three groups of four.,"The number of counters stays twelve, but the group sizes can change. Every group in one drawing must be equal.",short_answer,Create two equal-group arrangements,create,"Accept any two distinct arrangements using all 12: 2 groups of 6, 3 of 4, 4 of 3, 6 of 2, or 12 of 1. Swapping group positions is not a different arrangement.",null,https://au.ixl.com/maths/year-1/divide-by-counting-equal-groups,https://www.qcaa.qld.edu.au/downloads/aciqv9/mathematics/curriculum/ac9_maths_yr1_as_cd_alignment.pdf,owner_requested_import
AC9M1N06,Equal Sharing and Grouping,test,T01,Share 16 stickers equally among 4 children. How many stickers does each child get?,"{""A"": ""4"", ""B"": ""12"", ""C"": ""8""}",A,Deal one sticker to every child in turn. Each child receives four stickers.,mcq,Find a share by equal distribution,apply,,null,https://au.ixl.com/maths/year-1/divide-by-counting-equal-groups,https://www.qcaa.qld.edu.au/downloads/aciqv9/mathematics/curriculum/ac9_maths_yr1_as_cd_alignment.pdf,owner_requested_import
AC9M1N06,Equal Sharing and Grouping,test,T02,There are 18 counters. Put 3 counters in each group. How many groups are there?,"{""A"": ""9"", ""B"": ""3"", ""C"": ""6""}",C,Count groups of three until all eighteen are used. Six equal groups are made.,mcq,Find the number of equal groups,apply,,null,https://au.ixl.com/maths/year-1/divide-by-counting-equal-groups,https://www.qcaa.qld.edu.au/downloads/aciqv9/mathematics/curriculum/ac9_maths_yr1_as_cd_alignment.pdf,owner_requested_import
AC9M1N06,Equal Sharing and Grouping,test,T03,Twelve berries are shared among 3 bowls. Which list shows equal shares using all the berries?,"{""A"": ""5, 5, 2"", ""B"": ""3, 3, 6"", ""C"": ""4, 4, 4""}",C,All three bowls must have the same number. Four in each bowl uses twelve berries.,mcq,Recognise a complete equal-sharing result,recognise,,null,https://au.ixl.com/maths/year-1/divide-by-counting-equal-groups,https://www.qcaa.qld.edu.au/downloads/aciqv9/mathematics/curriculum/ac9_maths_yr1_as_cd_alignment.pdf,owner_requested_import
AC9M1N06,Equal Sharing and Grouping,test,T04,Use 10 dots to draw pairs. Write how many pairs you made.,{},5 pairs,Each pair uses two dots. Five pairs use all ten dots.,short_answer,Create a pairs model,create,Accept a drawing of five groups of two dots and a pair count of 5.,null,https://au.ixl.com/maths/year-1/divide-by-counting-equal-groups,https://www.qcaa.qld.edu.au/downloads/aciqv9/mathematics/curriculum/ac9_maths_yr1_as_cd_alignment.pdf,owner_requested_import
AC9M1N06,Equal Sharing and Grouping,test,T05,One plate has 9 counters. The other has 5. How many counters must move from the first plate to the second to make equal shares?,"{""A"": ""7"", ""B"": ""2"", ""C"": ""4""}",B,Moving two changes the shares to seven and seven. Both plates then have equal numbers.,mcq,Repair unequal shares by moving objects,reason,,"{""type"": ""groups"", ""groups"": [9, 5], ""label"": ""Counters on the two plates""}",https://au.ixl.com/maths/year-1/divide-by-counting-equal-groups,https://www.qcaa.qld.edu.au/downloads/aciqv9/mathematics/curriculum/ac9_maths_yr1_as_cd_alignment.pdf,owner_requested_import
AC9M1N06,Equal Sharing and Grouping,test,T06,There are 4 equal groups with 5 buttons in each. How many buttons are there altogether?,"{""A"": ""9"", ""B"": ""20"", ""C"": ""15""}",B,"Count the four groups: five, ten, fifteen, twenty.",mcq,Find a total from an equal-group table,apply,,"{""type"": ""table"", ""headers"": [""What is counted"", ""Number""], ""rows"": [[""Groups"", ""4""], [""Buttons in each"", ""5""], [""Buttons altogether"", ""?""]]}",https://au.ixl.com/maths/year-1/divide-by-counting-equal-groups,https://www.qcaa.qld.edu.au/downloads/aciqv9/mathematics/curriculum/ac9_maths_yr1_as_cd_alignment.pdf,owner_requested_import
AC9M1N06,Equal Sharing and Grouping,test,T07,Four bags each hold 5 pebbles. Take 1 pebble from every bag. How many pebbles are in each bag now?,"{""A"": ""4"", ""B"": ""5"", ""C"": ""1""}",A,Every group loses the same amount. Five minus one leaves four pebbles in each bag.,mcq,Change every group equally,reason,,null,https://au.ixl.com/maths/year-1/divide-by-counting-equal-groups,https://www.qcaa.qld.edu.au/downloads/aciqv9/mathematics/curriculum/ac9_maths_yr1_as_cd_alignment.pdf,owner_requested_import
AC9M1N06,Equal Sharing and Grouping,test,T08,"Three plates have 3, 3 and 6 counters. Move counters to make three equal shares. Describe what to move.",{},Move one counter from the plate with 6 to each plate with 3.,"There are twelve counters in all, so each plate needs four. Moving one to each smaller share makes four on every plate.",short_answer,Design a repair for unequal shares,create,"Accept a clear sequence of moves or a final model with 4 counters on each plate, using all 12 counters.","{""type"": ""groups"", ""groups"": [3, 3, 6], ""label"": ""Counters on the three plates""}",https://au.ixl.com/maths/year-1/divide-by-counting-equal-groups,https://www.qcaa.qld.edu.au/downloads/aciqv9/mathematics/curriculum/ac9_maths_yr1_as_cd_alignment.pdf,owner_requested_import
AC9M1N06,Equal Sharing and Grouping,test,T09,Use all 18 beads. Put 6 beads on each string. Which model is correct?,"{""A"": ""2 strings with 9 beads each."", ""B"": ""3 strings with 6 beads each."", ""C"": ""6 strings with 3 beads each.""}",B,The rule says six beads per string. Three such strings use all eighteen beads.,mcq,Choose a model for a fixed group size,apply,,null,https://au.ixl.com/maths/year-1/divide-by-counting-equal-groups,https://www.qcaa.qld.edu.au/downloads/aciqv9/mathematics/curriculum/ac9_maths_yr1_as_cd_alignment.pdf,owner_requested_import
AC9M1N06,Equal Sharing and Grouping,test,T10,One child has 6 counters close together. Another has 6 counters spread out. Which statement is true?,"{""A"": ""The close-together share is larger."", ""B"": ""The spread-out share is larger."", ""C"": ""Both shares are equal.""}",C,Each child has six counters. Moving the counters farther apart does not change the share.,mcq,Check equality despite spacing,reason,,null,https://au.ixl.com/maths/year-1/divide-by-counting-equal-groups,https://www.qcaa.qld.edu.au/downloads/aciqv9/mathematics/curriculum/ac9_maths_yr1_as_cd_alignment.pdf,owner_requested_import
AC9M1N06,Equal Sharing and Grouping,test,T11,"Ten toy people stand in groups of 2. A child says, “There are 2 groups.” What is the correct number of groups?","{""A"": ""5"", ""B"": ""10"", ""C"": ""2""}",A,Two is the number in each group. Ten toy people make five groups of two.,mcq,Correct confusion about group size,reason,,null,https://au.ixl.com/maths/year-1/divide-by-counting-equal-groups,https://www.qcaa.qld.edu.au/downloads/aciqv9/mathematics/curriculum/ac9_maths_yr1_as_cd_alignment.pdf,owner_requested_import
AC9M1N06,Equal Sharing and Grouping,test,T12,Share 20 counters equally among 4 cups. Draw the shares or describe them. How many are in each cup?,{},5 counters in each cup,Give the same number to each of the four cups. Five in every cup uses all twenty.,short_answer,Represent a fixed-number-of-groups situation,create,"Accept four groups of five, with 5 identified as the number in each cup.",null,https://au.ixl.com/maths/year-1/divide-by-counting-equal-groups,https://www.qcaa.qld.edu.au/downloads/aciqv9/mathematics/curriculum/ac9_maths_yr1_as_cd_alignment.pdf,owner_requested_import
AC9M1N06,Equal Sharing and Grouping,test,T13,"Sixteen blocks are grouped as [4], [4], [4], [4]. Which sentence matches?","{""A"": ""There are 4 groups with 16 in each."", ""B"": ""There are 16 groups with 4 in each."", ""C"": ""There are 4 groups with 4 in each.""}",C,Count four groups. Each one contains four blocks.,mcq,Interpret the roles in an equal-group model,recognise,,"{""type"": ""groups"", ""groups"": [4, 4, 4, 4], ""label"": ""Block groups""}",https://au.ixl.com/maths/year-1/divide-by-counting-equal-groups,https://www.qcaa.qld.edu.au/downloads/aciqv9/mathematics/curriculum/ac9_maths_yr1_as_cd_alignment.pdf,owner_requested_import
AC9M1N06,Equal Sharing and Grouping,test,T14,Share 8 counters equally. Which plan gives each child fewer counters?,"{""A"": ""Share between 2 children."", ""B"": ""Share among 4 children."", ""C"": ""Both plans give the same share.""}",B,"Two children would get four each. Four children would get two each, which is a smaller share.",mcq,Compare shares for a fixed total,reason,,null,https://au.ixl.com/maths/year-1/divide-by-counting-equal-groups,https://www.qcaa.qld.edu.au/downloads/aciqv9/mathematics/curriculum/ac9_maths_yr1_as_cd_alignment.pdf,owner_requested_import
AC9M1N06,Equal Sharing and Grouping,test,T15,Two baskets each hold 5 apples. You have 5 more apples and put them in another basket. How many equal baskets of 5 are there now?,"{""A"": ""3"", ""B"": ""5"", ""C"": ""2""}",A,The five extra apples make one new group of five. Two groups and one new group make three equal groups.,mcq,Add one complete equal group,apply,,null,https://au.ixl.com/maths/year-1/divide-by-counting-equal-groups,https://www.qcaa.qld.edu.au/downloads/aciqv9/mathematics/curriculum/ac9_maths_yr1_as_cd_alignment.pdf,owner_requested_import
AC9M1N06,Equal Sharing and Grouping,test,T16,"Draw equal groups using 18 counters, with 6 counters in every group. Label the number of groups and the number in each group.",{},3 groups; 6 counters in each,Three groups of six use all eighteen counters. The group count is three and the group size is six.,short_answer,Create and label a grouping solution,create,Accept exactly three groups of six and correct labels for 3 groups and 6 in each.,null,https://au.ixl.com/maths/year-1/divide-by-counting-equal-groups,https://www.qcaa.qld.edu.au/downloads/aciqv9/mathematics/curriculum/ac9_maths_yr1_as_cd_alignment.pdf,owner_requested_import
AC9M1A01,Skip Counting Pattern Sequences,practice,P01,"Look at the growing rows.
Row 1: ■ ■
Row 2: ■ ■ ■ ■
Row 3: ■ ■ ■ ■ ■ ■
How many squares are added each time?","{""A"": ""2"", ""B"": ""4"", ""C"": ""1""}",A,"The rows have 2, 4 and 6 squares. Each new row has 2 more squares.",mcq,infer_growth_from_pictures,recognise,,"{""type"": ""pattern"", ""rows"": [[""■"", ""■""], [""■"", ""■"", ""■"", ""■""], [""■"", ""■"", ""■"", ""■"", ""■"", ""■""]], ""labels"": [""Row 1"", ""Row 2"", ""Row 3""]}",https://au.ixl.com/maths/year-1/skip-counting-patterns-with-tables,https://www.qcaa.qld.edu.au/downloads/aciqv9/mathematics/curriculum/ac9_maths_yr1_as_cd_alignment.pdf,owner_requested_import
AC9M1A01,Skip Counting Pattern Sequences,practice,P02,"Count on by 5.
10, 15, __, 25
Which number is missing?","{""A"": ""20"", ""B"": ""16"", ""C"": ""30""}",A,"Add 5 each time: 10, 15, 20, 25.",mcq,interior_number_gap,apply,,null,https://au.ixl.com/maths/year-1/skip-counting-patterns-with-tables,https://www.qcaa.qld.edu.au/downloads/aciqv9/mathematics/curriculum/ac9_maths_yr1_as_cd_alignment.pdf,owner_requested_import
AC9M1A01,Skip Counting Pattern Sequences,practice,P03,"Each new row of a sticker chart has 10 more stickers than the row before it.
Row | Stickers
1 | 10
2 | 20
3 | ?
How many stickers are in row 3?","{""A"": ""21"", ""B"": ""30"", ""C"": ""12""}",B,"The numbers of stickers go up by 10: 10, 20, 30.",mcq,extend_labelled_table,apply,,"{""type"": ""table"", ""headers"": [""Row"", ""Stickers""], ""rows"": [[""1"", ""10""], [""2"", ""20""], [""3"", ""?""]]}",https://au.ixl.com/maths/year-1/skip-counting-patterns-with-tables,https://www.qcaa.qld.edu.au/downloads/aciqv9/mathematics/curriculum/ac9_maths_yr1_as_cd_alignment.pdf,owner_requested_import
AC9M1A01,Skip Counting Pattern Sequences,practice,P04,"Start at 6. Count on by 2.
Write the next two numbers.
6, __, __",{},"8, 10",Add 2 to 6 to get 8. Add 2 again to get 10.,short_answer,generate_two_terms,create,Accept 8 and 10 in that order; separators do not matter.,null,https://au.ixl.com/maths/year-1/skip-counting-patterns-with-tables,https://www.qcaa.qld.edu.au/downloads/aciqv9/mathematics/curriculum/ac9_maths_yr1_as_cd_alignment.pdf,owner_requested_import
AC9M1A01,Skip Counting Pattern Sequences,practice,P05,Which row counts on by 10 each time?,"{""A"": ""10, 20, 30, 40"", ""B"": ""10, 11, 12, 13"", ""C"": ""10, 15, 20, 25""}",A,"In 10, 20, 30, 40, every step adds 10.",mcq,select_sequence_for_rule,recognise,,null,https://au.ixl.com/maths/year-1/skip-counting-patterns-with-tables,https://www.qcaa.qld.edu.au/downloads/aciqv9/mathematics/curriculum/ac9_maths_yr1_as_cd_alignment.pdf,owner_requested_import
AC9M1A01,Skip Counting Pattern Sequences,practice,P06,"Each new picture has 2 more stars.
Picture 1: ★ ★
Picture 2: ★ ★ ★ ★
Picture 3: ?
Which row belongs in picture 3?","{""A"": ""★ ★ ★ ★ ★ ★"", ""B"": ""★ ★ ★ ★ ★"", ""C"": ""★ ★ ★ ★ ★ ★ ★""}",A,Picture 2 has 4 stars. Add 2 stars to make 6 stars.,mcq,choose_next_growing_picture,apply,,"{""type"": ""pattern"", ""rows"": [[""★"", ""★""], [""★"", ""★"", ""★"", ""★""], [""?""]], ""labels"": [""Picture 1"", ""Picture 2"", ""Picture 3""]}",https://au.ixl.com/maths/year-1/skip-counting-patterns-with-tables,https://www.qcaa.qld.edu.au/downloads/aciqv9/mathematics/curriculum/ac9_maths_yr1_as_cd_alignment.pdf,owner_requested_import
AC9M1A01,Skip Counting Pattern Sequences,practice,P07,"A path has labels that count on by 5.
5 → 10 → 15 → ?
Which label comes next?","{""A"": ""25"", ""B"": ""16"", ""C"": ""20""}",C,"Five more than 15 is 20. The path labels are 5, 10, 15, 20.",mcq,continue_path_labels,apply,,"{""type"": ""pattern"", ""rows"": [[""5"", ""→"", ""10"", ""→"", ""15"", ""→"", ""?""]], ""labels"": [""Path""]}",https://au.ixl.com/maths/year-1/skip-counting-patterns-with-tables,https://www.qcaa.qld.edu.au/downloads/aciqv9/mathematics/curriculum/ac9_maths_yr1_as_cd_alignment.pdf,owner_requested_import
AC9M1A01,Skip Counting Pattern Sequences,practice,P08,"Make a number pattern. Start at 0 and count on by 5.
Write the next three numbers.
0, __, __, __",{},"5, 10, 15","Adding 5 each time makes 0, 5, 10, 15.",short_answer,create_number_sequence,create,"Accept 5, 10, 15 in that order.",null,https://au.ixl.com/maths/year-1/skip-counting-patterns-with-tables,https://www.qcaa.qld.edu.au/downloads/aciqv9/mathematics/curriculum/ac9_maths_yr1_as_cd_alignment.pdf,owner_requested_import
AC9M1A01,Skip Counting Pattern Sequences,practice,P09,"This should count on by 5.
5, 10, 12, 20
Which number should replace 12?","{""A"": ""11"", ""B"": ""15"", ""C"": ""25""}",B,"Counting by 5 gives 5, 10, 15, 20.",mcq,repair_incorrect_term,reason,,null,https://au.ixl.com/maths/year-1/skip-counting-patterns-with-tables,https://www.qcaa.qld.edu.au/downloads/aciqv9/mathematics/curriculum/ac9_maths_yr1_as_cd_alignment.pdf,owner_requested_import
AC9M1A01,Skip Counting Pattern Sequences,practice,P10,"Look at the growing rows of dots.
Row 1: ● ● ●
Row 2: ● ● ● ● ●
Row 3: ● ● ● ● ● ● ●
Which number pattern matches the rows?","{""A"": ""3, 5, 7"", ""B"": ""2, 4, 6"", ""C"": ""3, 4, 5""}",A,"There are 3 dots, then 5 dots, then 7 dots. The pattern adds 2 dots each time.",mcq,translate_pictures_to_numbers,apply,,"{""type"": ""pattern"", ""rows"": [[""●"", ""●"", ""●""], [""●"", ""●"", ""●"", ""●"", ""●""], [""●"", ""●"", ""●"", ""●"", ""●"", ""●"", ""●""]], ""labels"": [""Row 1"", ""Row 2"", ""Row 3""]}",https://au.ixl.com/maths/year-1/skip-counting-patterns-with-tables,https://www.qcaa.qld.edu.au/downloads/aciqv9/mathematics/curriculum/ac9_maths_yr1_as_cd_alignment.pdf,owner_requested_import
AC9M1A01,Skip Counting Pattern Sequences,practice,P11,"Start at 30. Count on by 10 two times.
30 → __ → ?
Which number goes at the question mark?","{""A"": ""40"", ""B"": ""50"", ""C"": ""32""}",B,"Count 30, 40, 50. Two steps of 10 reach 50.",mcq,two_step_number_path,apply,,"{""type"": ""pattern"", ""rows"": [[""30"", ""→"", ""__"", ""→"", ""?""]], ""labels"": [""Count by 10""]}",https://au.ixl.com/maths/year-1/skip-counting-patterns-with-tables,https://www.qcaa.qld.edu.au/downloads/aciqv9/mathematics/curriculum/ac9_maths_yr1_as_cd_alignment.pdf,owner_requested_import
AC9M1A01,Skip Counting Pattern Sequences,practice,P12,"The bead rows grow by 2 each time.
Row | Beads
1 | 2
2 | 4
3 | 6
4 | __
Write the number of beads in row 4.",{},8,"The bead counts are 2, 4, 6, 8. Add 2 to 6.",short_answer,complete_table_entry,apply,,"{""type"": ""table"", ""headers"": [""Row"", ""Beads""], ""rows"": [[""1"", ""2""], [""2"", ""4""], [""3"", ""6""], [""4"", ""__""]]}",https://au.ixl.com/maths/year-1/skip-counting-patterns-with-tables,https://www.qcaa.qld.edu.au/downloads/aciqv9/mathematics/curriculum/ac9_maths_yr1_as_cd_alignment.pdf,owner_requested_import
AC9M1A01,Skip Counting Pattern Sequences,practice,P13,"Look at the numbers.
10, 15, 20, 25
What is the counting rule?","{""A"": ""Add 5 each time"", ""B"": ""Add 10 each time"", ""C"": ""Add 2 each time""}",A,Each number is 5 more than the number before it.,mcq,name_number_rule,recognise,,null,https://au.ixl.com/maths/year-1/skip-counting-patterns-with-tables,https://www.qcaa.qld.edu.au/downloads/aciqv9/mathematics/curriculum/ac9_maths_yr1_as_cd_alignment.pdf,owner_requested_import
AC9M1A01,Skip Counting Pattern Sequences,practice,P14,"A strip grows by one group of 5 dots each time.
Strip 1: one group of 5
Strip 2: two groups of 5
Strip 3: three groups of 5
Which number pattern gives the totals?","{""A"": ""1, 2, 3"", ""B"": ""5, 7, 9"", ""C"": ""5, 10, 15""}",C,"One group has 5 dots. Counting the growing totals by 5 gives 5, 10, 15.",mcq,connect_group_growth_and_totals,apply,,"{""type"": ""table"", ""headers"": [""Strip"", ""Groups of 5 dots""], ""rows"": [[""1"", ""1""], [""2"", ""2""], [""3"", ""3""]]}",https://au.ixl.com/maths/year-1/skip-counting-patterns-with-tables,https://www.qcaa.qld.edu.au/downloads/aciqv9/mathematics/curriculum/ac9_maths_yr1_as_cd_alignment.pdf,owner_requested_import
AC9M1A01,Skip Counting Pattern Sequences,practice,P15,"Count on by 10.
10, 20, __, 40, __
Which pair fills the gaps in order?","{""A"": ""21 and 41"", ""B"": ""30 and 60"", ""C"": ""30 and 50""}",C,"The whole pattern is 10, 20, 30, 40, 50.",mcq,complete_separated_gaps,apply,,null,https://au.ixl.com/maths/year-1/skip-counting-patterns-with-tables,https://www.qcaa.qld.edu.au/downloads/aciqv9/mathematics/curriculum/ac9_maths_yr1_as_cd_alignment.pdf,owner_requested_import
AC9M1A01,Skip Counting Pattern Sequences,practice,P16,"Count on by 2. Fill both gaps.
16, __, __, 22",{},"18, 20","Counting on by 2 gives 16, 18, 20, 22.",short_answer,complete_adjacent_gaps,apply,Accept 18 and 20 in that order.,null,https://au.ixl.com/maths/year-1/skip-counting-patterns-with-tables,https://www.qcaa.qld.edu.au/downloads/aciqv9/mathematics/curriculum/ac9_maths_yr1_as_cd_alignment.pdf,owner_requested_import
AC9M1A01,Skip Counting Pattern Sequences,practice,P17,"Start at 7 and count on by 2.
Which pattern is right?","{""A"": ""7, 8, 9, 10"", ""B"": ""7, 9, 11, 13"", ""C"": ""7, 12, 17, 22""}",B,"Add 2 each time, even when the starting number is 7.",mcq,apply_rule_from_odd_start,apply,,null,https://au.ixl.com/maths/year-1/skip-counting-patterns-with-tables,https://www.qcaa.qld.edu.au/downloads/aciqv9/mathematics/curriculum/ac9_maths_yr1_as_cd_alignment.pdf,owner_requested_import
AC9M1A01,Skip Counting Pattern Sequences,practice,P18,"Each new picture has 5 more dots.
Picture 1 has 5 dots.
Picture 2 has 10 dots.
A child says picture 3 has 11 dots.
Is the child right?","{""A"": ""No, picture 3 has 20 dots"", ""B"": ""Yes, 11 is after 10"", ""C"": ""No, picture 3 has 15 dots""}",C,"This pattern adds 5, not 1. Five more than 10 is 15.",mcq,evaluate_growth_claim,reason,,"{""type"": ""table"", ""headers"": [""Picture"", ""Dots""], ""rows"": [[""1"", ""5""], [""2"", ""10""], [""3"", ""Child says 11""]]}",https://au.ixl.com/maths/year-1/skip-counting-patterns-with-tables,https://www.qcaa.qld.edu.au/downloads/aciqv9/mathematics/curriculum/ac9_maths_yr1_as_cd_alignment.pdf,owner_requested_import
AC9M1A01,Skip Counting Pattern Sequences,practice,P19,"Two patterns start at 0.
A: 0, 2, 4, 6
B: 0, 5, 10, 15
Which pattern adds 5 at every step?","{""A"": ""Pattern A"", ""B"": ""Both patterns"", ""C"": ""Pattern B""}",C,Pattern B adds 5 each time. Pattern A adds 2 each time.,mcq,compare_counting_rules,recognise,,"{""type"": ""table"", ""headers"": [""Pattern"", ""Numbers""], ""rows"": [[""A"", ""0, 2, 4, 6""], [""B"", ""0, 5, 10, 15""]]}",https://au.ixl.com/maths/year-1/skip-counting-patterns-with-tables,https://www.qcaa.qld.edu.au/downloads/aciqv9/mathematics/curriculum/ac9_maths_yr1_as_cd_alignment.pdf,owner_requested_import
AC9M1A01,Skip Counting Pattern Sequences,practice,P20,"Make the next row by adding 2 squares each time.
Row 1: ■
Row 2: ■ ■ ■
Row 3: ■ ■ ■ ■ ■
Draw or write the squares for row 4.",{},■ ■ ■ ■ ■ ■ ■,"The rows have 1, 3 and 5 squares. The next row has 7 squares.",short_answer,create_growing_visual,create,Accept a row of seven squares or seven clearly drawn identical shapes. A bare 7 identifies the total but does not create the requested row.,"{""type"": ""pattern"", ""rows"": [[""■""], [""■"", ""■"", ""■""], [""■"", ""■"", ""■"", ""■"", ""■""]], ""labels"": [""Row 1"", ""Row 2"", ""Row 3""]}",https://au.ixl.com/maths/year-1/skip-counting-patterns-with-tables,https://www.qcaa.qld.edu.au/downloads/aciqv9/mathematics/curriculum/ac9_maths_yr1_as_cd_alignment.pdf,owner_requested_import
AC9M1A01,Skip Counting Pattern Sequences,practice,P21,"Count on by 10 from 20.
20, 30, 40, ...
Which number will appear later in this pattern?","{""A"": ""62"", ""B"": ""60"", ""C"": ""45""}",B,"Continuing gives 50, 60, 70. The pattern reaches 60.",mcq,predict_later_term,reason,,null,https://au.ixl.com/maths/year-1/skip-counting-patterns-with-tables,https://www.qcaa.qld.edu.au/downloads/aciqv9/mathematics/curriculum/ac9_maths_yr1_as_cd_alignment.pdf,owner_requested_import
AC9M1A01,Skip Counting Pattern Sequences,practice,P22,"The number pattern is 2, 4, 6.
Which set of rows matches it?","{""A"": ""Row 1: ● ●; Row 2: ● ● ● ●; Row 3: ● ● ● ●"", ""B"": ""Row 1: ● ●; Row 2: ● ● ●; Row 3: ● ● ● ●"", ""C"": ""Row 1: ● ●; Row 2: ● ● ● ●; Row 3: ● ● ● ● ● ●""}",C,"The matching rows have 2, 4 and 6 dots. Each row adds 2 dots.",mcq,translate_numbers_to_growing_pictures,apply,,null,https://au.ixl.com/maths/year-1/skip-counting-patterns-with-tables,https://www.qcaa.qld.edu.au/downloads/aciqv9/mathematics/curriculum/ac9_maths_yr1_as_cd_alignment.pdf,owner_requested_import
AC9M1A01,Skip Counting Pattern Sequences,practice,P23,"Look at the patterns.
A: 2, 4, 6, 8
B: 3, 5, 7, 9
Do they use the same counting step?","{""A"": ""Yes, both add 5"", ""B"": ""Yes, both add 2"", ""C"": ""No, A adds 2 and B adds 3""}",B,Both patterns add 2 between neighbouring numbers. They can start at different numbers.,mcq,compare_rules_with_different_starts,reason,,"{""type"": ""table"", ""headers"": [""Pattern"", ""Numbers""], ""rows"": [[""A"", ""2, 4, 6, 8""], [""B"", ""3, 5, 7, 9""]]}",https://au.ixl.com/maths/year-1/skip-counting-patterns-with-tables,https://www.qcaa.qld.edu.au/downloads/aciqv9/mathematics/curriculum/ac9_maths_yr1_as_cd_alignment.pdf,owner_requested_import
AC9M1A01,Skip Counting Pattern Sequences,practice,P24,"Make your own pattern of four numbers that counts on by 10.
Start at 0, 10 or 20.",{},"20, 30, 40, 50","Choose an allowed starting number and add 10 three times. One pattern is 20, 30, 40, 50.",short_answer,create_pattern_with_choice,create,"Accept exactly four numbers starting at 0, 10 or 20, with 10 added at each step. Other valid answers are 0,10,20,30 and 10,20,30,40.",null,https://au.ixl.com/maths/year-1/skip-counting-patterns-with-tables,https://www.qcaa.qld.edu.au/downloads/aciqv9/mathematics/curriculum/ac9_maths_yr1_as_cd_alignment.pdf,owner_requested_import
AC9M1A01,Skip Counting Pattern Sequences,test,T01,"The dot rows grow.
Row 1: ●
Row 2: ● ● ●
Row 3: ● ● ● ● ●
What is added to make each new row?","{""A"": ""5 dots"", ""B"": ""2 dots"", ""C"": ""1 dot""}",B,"The counts are 1, 3 and 5. Each row adds 2 dots.",mcq,infer_growth_from_pictures,recognise,,"{""type"": ""pattern"", ""rows"": [[""●""], [""●"", ""●"", ""●""], [""●"", ""●"", ""●"", ""●"", ""●""]], ""labels"": [""Row 1"", ""Row 2"", ""Row 3""]}",https://au.ixl.com/maths/year-1/skip-counting-patterns-with-tables,https://www.qcaa.qld.edu.au/downloads/aciqv9/mathematics/curriculum/ac9_maths_yr1_as_cd_alignment.pdf,owner_requested_import
AC9M1A01,Skip Counting Pattern Sequences,test,T02,"Count on by 5 from 20.
20, __, __
Which pair comes next?","{""A"": ""25 and 30"", ""B"": ""21 and 22"", ""C"": ""25 and 35""}",A,"Add 5 each time: 20, 25, 30.",mcq,generate_two_terms,apply,,null,https://au.ixl.com/maths/year-1/skip-counting-patterns-with-tables,https://www.qcaa.qld.edu.au/downloads/aciqv9/mathematics/curriculum/ac9_maths_yr1_as_cd_alignment.pdf,owner_requested_import
AC9M1A01,Skip Counting Pattern Sequences,test,T03,"The tower heights grow by 10 blocks each time.
Tower | Blocks
A | 10
B | 20
C | ?
D | 40
How many blocks are in tower C?","{""A"": ""21"", ""B"": ""50"", ""C"": ""30""}",C,"The heights follow 10, 20, 30, 40. The missing height is 30 blocks.",mcq,interior_table_gap,apply,,"{""type"": ""table"", ""headers"": [""Tower"", ""Blocks""], ""rows"": [[""A"", ""10""], [""B"", ""20""], [""C"", ""?""], [""D"", ""40""]]}",https://au.ixl.com/maths/year-1/skip-counting-patterns-with-tables,https://www.qcaa.qld.edu.au/downloads/aciqv9/mathematics/curriculum/ac9_maths_yr1_as_cd_alignment.pdf,owner_requested_import
AC9M1A01,Skip Counting Pattern Sequences,test,T04,"Create a pattern. Start at 11 and count on by 2.
Write the next three numbers.
11, __, __, __",{},"13, 15, 17","Add 2 each time to get 11, 13, 15, 17.",short_answer,create_number_sequence,create,"Accept 13, 15 and 17 in that order.",null,https://au.ixl.com/maths/year-1/skip-counting-patterns-with-tables,https://www.qcaa.qld.edu.au/downloads/aciqv9/mathematics/curriculum/ac9_maths_yr1_as_cd_alignment.pdf,owner_requested_import
AC9M1A01,Skip Counting Pattern Sequences,test,T05,"A row grows by 2 squares each time.
Row 1: ■ ■
Row 2: ■ ■ ■ ■
Row 3: ■ ■ ■ ■ ■ ■
How many squares are in row 4?","{""A"": ""10"", ""B"": ""8"", ""C"": ""7""}",B,"The square counts are 2, 4, 6, 8.",mcq,continue_growing_visual,apply,,"{""type"": ""pattern"", ""rows"": [[""■"", ""■""], [""■"", ""■"", ""■"", ""■""], [""■"", ""■"", ""■"", ""■"", ""■"", ""■""]], ""labels"": [""Row 1"", ""Row 2"", ""Row 3""]}",https://au.ixl.com/maths/year-1/skip-counting-patterns-with-tables,https://www.qcaa.qld.edu.au/downloads/aciqv9/mathematics/curriculum/ac9_maths_yr1_as_cd_alignment.pdf,owner_requested_import
AC9M1A01,Skip Counting Pattern Sequences,test,T06,"This pattern should count on by 10.
20, 30, 41, 50
Which number should replace 41?","{""A"": ""40"", ""B"": ""31"", ""C"": ""60""}",A,"The correct pattern is 20, 30, 40, 50.",mcq,repair_incorrect_term,reason,,null,https://au.ixl.com/maths/year-1/skip-counting-patterns-with-tables,https://www.qcaa.qld.edu.au/downloads/aciqv9/mathematics/curriculum/ac9_maths_yr1_as_cd_alignment.pdf,owner_requested_import
AC9M1A01,Skip Counting Pattern Sequences,test,T07,"These numbers count on by 5.
__, 10, 15, 20
Which number starts the pattern?","{""A"": ""9"", ""B"": ""5"", ""C"": ""0""}",B,"Starting at 5 gives 5, 10, 15, 20 when you count on by 5.",mcq,find_missing_start,reason,,null,https://au.ixl.com/maths/year-1/skip-counting-patterns-with-tables,https://www.qcaa.qld.edu.au/downloads/aciqv9/mathematics/curriculum/ac9_maths_yr1_as_cd_alignment.pdf,owner_requested_import
AC9M1A01,Skip Counting Pattern Sequences,test,T08,"The rows grow by 2 dots each time.
Row 1: ● ● ●
Row 2: ● ● ● ● ●
Draw or write the dots for row 3.",{},● ● ● ● ● ● ●,Add 2 dots to the 5 dots in row 2. Row 3 has 7 dots.,short_answer,create_growing_visual,create,Accept seven dots or seven clearly drawn identical shapes. A bare 7 identifies the total but does not create the requested row.,"{""type"": ""pattern"", ""rows"": [[""●"", ""●"", ""●""], [""●"", ""●"", ""●"", ""●"", ""●""]], ""labels"": [""Row 1"", ""Row 2""]}",https://au.ixl.com/maths/year-1/skip-counting-patterns-with-tables,https://www.qcaa.qld.edu.au/downloads/aciqv9/mathematics/curriculum/ac9_maths_yr1_as_cd_alignment.pdf,owner_requested_import
AC9M1A01,Skip Counting Pattern Sequences,test,T09,Which picture counts follow the rule “add 5”?,"{""A"": ""5, 10, 15"", ""B"": ""5, 7, 9"", ""C"": ""5, 10, 20""}",A,"Both steps in 5, 10, 15 add 5.",mcq,select_sequence_for_rule,recognise,,null,https://au.ixl.com/maths/year-1/skip-counting-patterns-with-tables,https://www.qcaa.qld.edu.au/downloads/aciqv9/mathematics/curriculum/ac9_maths_yr1_as_cd_alignment.pdf,owner_requested_import
AC9M1A01,Skip Counting Pattern Sequences,test,T10,"A trail has labels that count on by 2.
12 → 14 → 16 → ?
Which label is missing?","{""A"": ""20"", ""B"": ""18"", ""C"": ""17""}",B,Two more than 16 is 18.,mcq,continue_path_labels,apply,,"{""type"": ""pattern"", ""rows"": [[""12"", ""→"", ""14"", ""→"", ""16"", ""→"", ""?""]], ""labels"": [""Trail""]}",https://au.ixl.com/maths/year-1/skip-counting-patterns-with-tables,https://www.qcaa.qld.edu.au/downloads/aciqv9/mathematics/curriculum/ac9_maths_yr1_as_cd_alignment.pdf,owner_requested_import
AC9M1A01,Skip Counting Pattern Sequences,test,T11,"Pattern A: 10, 20, 30
Pattern B: 10, 15, 20
Which statement is right?","{""A"": ""Both add 10"", ""B"": ""A adds 5; B adds 10"", ""C"": ""A adds 10; B adds 5""}",C,The steps in A are 10. The steps in B are 5.,mcq,compare_counting_rules,reason,,"{""type"": ""table"", ""headers"": [""Pattern"", ""Numbers""], ""rows"": [[""A"", ""10, 20, 30""], [""B"", ""10, 15, 20""]]}",https://au.ixl.com/maths/year-1/skip-counting-patterns-with-tables,https://www.qcaa.qld.edu.au/downloads/aciqv9/mathematics/curriculum/ac9_maths_yr1_as_cd_alignment.pdf,owner_requested_import
AC9M1A01,Skip Counting Pattern Sequences,test,T12,"Each new row of a token display has 5 more tokens.
Row | Tokens
1 | 5
2 | 10
3 | 15
4 | __
Write the missing total.",{},20,"The totals go 5, 10, 15, 20.",short_answer,complete_table_entry,apply,,"{""type"": ""table"", ""headers"": [""Row"", ""Tokens""], ""rows"": [[""1"", ""5""], [""2"", ""10""], [""3"", ""15""], [""4"", ""__""]]}",https://au.ixl.com/maths/year-1/skip-counting-patterns-with-tables,https://www.qcaa.qld.edu.au/downloads/aciqv9/mathematics/curriculum/ac9_maths_yr1_as_cd_alignment.pdf,owner_requested_import
AC9M1A01,Skip Counting Pattern Sequences,test,T13,"Start at 40. Count on by 10.
40, 50, ...
Which number will appear later?","{""A"": ""75"", ""B"": ""55"", ""C"": ""70""}",C,"Continuing the pattern gives 60, 70, 80.",mcq,predict_later_term,reason,,null,https://au.ixl.com/maths/year-1/skip-counting-patterns-with-tables,https://www.qcaa.qld.edu.au/downloads/aciqv9/mathematics/curriculum/ac9_maths_yr1_as_cd_alignment.pdf,owner_requested_import
AC9M1A01,Skip Counting Pattern Sequences,test,T14,"The rows have these numbers of triangles:
2, 4, 6, 8
A new row is made by adding 2 triangles.
Which number sentence matches the next step?","{""A"": ""8 + 2 = 10"", ""B"": ""8 + 5 = 13"", ""C"": ""8 + 1 = 9""}",A,"The pattern adds 2 each time, so the next row has 10 triangles.",mcq,connect_pattern_and_addition,apply,,null,https://au.ixl.com/maths/year-1/skip-counting-patterns-with-tables,https://www.qcaa.qld.edu.au/downloads/aciqv9/mathematics/curriculum/ac9_maths_yr1_as_cd_alignment.pdf,owner_requested_import
AC9M1A01,Skip Counting Pattern Sequences,test,T15,"A child continues this pattern by adding 5.
5, 10, 15, ...
Which next pair follows the rule?","{""A"": ""25, 30"", ""B"": ""20, 21"", ""C"": ""20, 25""}",C,"Five more than 15 is 20, and five more than 20 is 25.",mcq,check_both_continuation_steps,reason,,null,https://au.ixl.com/maths/year-1/skip-counting-patterns-with-tables,https://www.qcaa.qld.edu.au/downloads/aciqv9/mathematics/curriculum/ac9_maths_yr1_as_cd_alignment.pdf,owner_requested_import
AC9M1A01,Skip Counting Pattern Sequences,test,T16,"Make a pattern of four numbers that counts on by 5.
Start at 0, 5 or 10.",{},"10, 15, 20, 25","Choose an allowed starting number and keep adding 5. One answer is 10, 15, 20, 25.",short_answer,create_pattern_with_choice,create,"Accept four numbers starting at 0, 5 or 10 with 5 added at each step. Other valid answers are 0,5,10,15 and 5,10,15,20.",null,https://au.ixl.com/maths/year-1/skip-counting-patterns-with-tables,https://www.qcaa.qld.edu.au/downloads/aciqv9/mathematics/curriculum/ac9_maths_yr1_as_cd_alignment.pdf,owner_requested_import
AC9M1A02,Repeating Patterns,practice,P01,"The shapes repeat.
● ▲ ● ▲ ● __
Which shape comes next?","{""A"": ""■"", ""B"": ""●"", ""C"": ""▲""}",C,The unit ● ▲ repeats. After ● comes ▲.,mcq,continue_alternating_shapes,recognise,,"{""type"": ""pattern"", ""rows"": [[""●"", ""▲"", ""●"", ""▲"", ""●"", ""__""]], ""labels"": [""Repeating pattern""]}",https://au.ixl.com/maths/year-1/make-a-pattern,https://www.qcaa.qld.edu.au/downloads/aciqv9/mathematics/curriculum/ac9_maths_yr1_as_cd_alignment.pdf,owner_requested_import
AC9M1A02,Repeating Patterns,practice,P02,"Look at the repeating pattern.
■ ● ▲ ■ ● ▲ ■ ● ▲
What is the smallest repeating unit?","{""A"": ""● ▲"", ""B"": ""■ ●"", ""C"": ""■ ● ▲""}",C,The three-shape unit ■ ● ▲ is repeated in the same order.,mcq,identify_three_part_unit,recognise,,"{""type"": ""pattern"", ""rows"": [[""■"", ""●"", ""▲"", ""■"", ""●"", ""▲"", ""■"", ""●"", ""▲""]], ""labels"": [""Repeating pattern""]}",https://au.ixl.com/maths/year-1/make-a-pattern,https://www.qcaa.qld.edu.au/downloads/aciqv9/mathematics/curriculum/ac9_maths_yr1_as_cd_alignment.pdf,owner_requested_import
AC9M1A02,Repeating Patterns,practice,P03,"Fill the gap in this repeating pattern.
■ ■ ● ■ ■ __ ■ ■ ●","{""A"": ""■"", ""B"": ""●"", ""C"": ""▲""}",B,The unit is ■ ■ ●. The gap completes the middle unit.,mcq,fill_gap_inside_unit,apply,,"{""type"": ""pattern"", ""rows"": [[""■"", ""■"", ""●"", ""■"", ""■"", ""__"", ""■"", ""■"", ""●""]], ""labels"": [""Repeating pattern""]}",https://au.ixl.com/maths/year-1/make-a-pattern,https://www.qcaa.qld.edu.au/downloads/aciqv9/mathematics/curriculum/ac9_maths_yr1_as_cd_alignment.pdf,owner_requested_import
AC9M1A02,Repeating Patterns,practice,P04,"The actions repeat.
clap, tap, clap, tap, __, __
Write the next two actions.",{},"clap, tap","The repeating unit is clap, tap. Repeat that unit again.",short_answer,continue_action_pattern,apply,"Accept clap then tap, written or demonstrated in that order.",null,https://au.ixl.com/maths/year-1/make-a-pattern,https://www.qcaa.qld.edu.au/downloads/aciqv9/mathematics/curriculum/ac9_maths_yr1_as_cd_alignment.pdf,owner_requested_import
AC9M1A02,Repeating Patterns,practice,P05,"The pattern repeats this unit: ▲ ● ●.
▲ ● ● | ▲ ● ● | __
Which whole unit comes next?","{""A"": ""▲ ● ●"", ""B"": ""● ▲ ▲"", ""C"": ""▲ ▲ ●""}",A,Repeat the whole unit ▲ ● ● in the same order.,mcq,extend_by_whole_unit,apply,,"{""type"": ""pattern"", ""rows"": [[""▲"", ""●"", ""●"", ""|"", ""▲"", ""●"", ""●"", ""|"", ""__""]], ""labels"": [""Repeating units""]}",https://au.ixl.com/maths/year-1/make-a-pattern,https://www.qcaa.qld.edu.au/downloads/aciqv9/mathematics/curriculum/ac9_maths_yr1_as_cd_alignment.pdf,owner_requested_import
AC9M1A02,Repeating Patterns,practice,P06,"The pattern should repeat ▲ ■.
▲ ■ ▲ ● ▲ ■
Which shape should replace ●?","{""A"": ""★"", ""B"": ""▲"", ""C"": ""■""}",C,Each ▲ should be followed by ■. Replacing ● with ■ repairs the pattern.,mcq,repair_wrong_pattern_item,reason,,"{""type"": ""pattern"", ""rows"": [[""▲"", ""■"", ""▲"", ""●"", ""▲"", ""■""]], ""labels"": [""Check the pattern""]}",https://au.ixl.com/maths/year-1/make-a-pattern,https://www.qcaa.qld.edu.au/downloads/aciqv9/mathematics/curriculum/ac9_maths_yr1_as_cd_alignment.pdf,owner_requested_import
AC9M1A02,Repeating Patterns,practice,P07,"The numbers repeat.
1, 2, 1, 2, 1, __
Which number comes next?","{""A"": ""2"", ""B"": ""1"", ""C"": ""3""}",A,"The repeating unit is 1, 2. After 1 comes 2.",mcq,continue_repeating_numbers,apply,,null,https://au.ixl.com/maths/year-1/make-a-pattern,https://www.qcaa.qld.edu.au/downloads/aciqv9/mathematics/curriculum/ac9_maths_yr1_as_cd_alignment.pdf,owner_requested_import
AC9M1A02,Repeating Patterns,practice,P08,"Use this repeating unit: ■ ■ ●.
Draw or write the unit three times in a row.",{},■ ■ ● ■ ■ ● ■ ■ ●,Each unit has two squares and then one circle. Three units make nine shapes.,short_answer,create_pattern_from_given_unit,create,"Accept exactly three consecutive copies of square, square, circle; separators between units are optional.",null,https://au.ixl.com/maths/year-1/make-a-pattern,https://www.qcaa.qld.edu.au/downloads/aciqv9/mathematics/curriculum/ac9_maths_yr1_as_cd_alignment.pdf,owner_requested_import
AC9M1A02,Repeating Patterns,practice,P09,"The actions repeat.
hop, hop, clap, hop, hop, clap
Which action happens twice in each smallest repeating unit?","{""A"": ""clap"", ""B"": ""hop"", ""C"": ""Both actions""}",B,"The smallest unit is hop, hop, clap. It has two hops and one clap.",mcq,analyse_items_within_unit,reason,,null,https://au.ixl.com/maths/year-1/make-a-pattern,https://www.qcaa.qld.edu.au/downloads/aciqv9/mathematics/curriculum/ac9_maths_yr1_as_cd_alignment.pdf,owner_requested_import
AC9M1A02,Repeating Patterns,practice,P10,"The shapes repeat one of each kind.
● ▲ ● ▲
Which object pattern works the same way?","{""A"": ""spoon, fork, spoon, fork"", ""B"": ""spoon, spoon, fork, fork"", ""C"": ""spoon, fork, fork, spoon""}",A,Both patterns repeat one item of each kind in turn.,mcq,match_structure_across_objects,reason,,"{""type"": ""pattern"", ""rows"": [[""●"", ""▲"", ""●"", ""▲""]], ""labels"": [""Shape pattern""]}",https://au.ixl.com/maths/year-1/make-a-pattern,https://www.qcaa.qld.edu.au/downloads/aciqv9/mathematics/curriculum/ac9_maths_yr1_as_cd_alignment.pdf,owner_requested_import
AC9M1A02,Repeating Patterns,practice,P11,"The pattern repeats.
▲ ● ■ ▲ __ ■ ▲ ● ■
Which shape fills the gap?","{""A"": ""●"", ""B"": ""■"", ""C"": ""▲""}",A,The unit ▲ ● ■ repeats. The missing middle shape is ●.,mcq,complete_middle_unit,apply,,"{""type"": ""pattern"", ""rows"": [[""▲"", ""●"", ""■"", ""▲"", ""__"", ""■"", ""▲"", ""●"", ""■""]], ""labels"": [""Repeating pattern""]}",https://au.ixl.com/maths/year-1/make-a-pattern,https://www.qcaa.qld.edu.au/downloads/aciqv9/mathematics/curriculum/ac9_maths_yr1_as_cd_alignment.pdf,owner_requested_import
AC9M1A02,Repeating Patterns,practice,P12,"Look at the repeating numbers.
4, 4, 7, 4, 4, 7, 4, 4, 7
Write the smallest repeating unit.",{},"4, 4, 7","The group 4, 4, 7 repeats three times.",short_answer,state_number_repeating_unit,recognise,"Accept 4, 4, 7 in that order. Do not accept the larger six- or nine-number group when asked for the smallest unit.",null,https://au.ixl.com/maths/year-1/make-a-pattern,https://www.qcaa.qld.edu.au/downloads/aciqv9/mathematics/curriculum/ac9_maths_yr1_as_cd_alignment.pdf,owner_requested_import
AC9M1A02,Repeating Patterns,practice,P13,"Look at the number pattern.
2, 5, 2, 5, 2, 5
Which rule makes it?","{""A"": ""Repeat 2, 2, 5"", ""B"": ""Repeat 2, 5"", ""C"": ""Add 3 every time""}",B,"The same pair 2, 5 appears again and again. The numbers do not keep getting bigger.",mcq,distinguish_repeat_from_growth,reason,,null,https://au.ixl.com/maths/year-1/make-a-pattern,https://www.qcaa.qld.edu.au/downloads/aciqv9/mathematics/curriculum/ac9_maths_yr1_as_cd_alignment.pdf,owner_requested_import
AC9M1A02,Repeating Patterns,practice,P14,"The shapes repeat ▲ ● ■.
▲ ● ■ ▲ ● __ __
Which two shapes fill the gaps in order?","{""A"": ""■ ▲"", ""B"": ""■ ●"", ""C"": ""▲ ●""}",A,Finish the current unit with ■. Then start the next unit with ▲.,mcq,continue_across_unit_boundary,apply,,"{""type"": ""pattern"", ""rows"": [[""▲"", ""●"", ""■"", ""▲"", ""●"", ""__"", ""__""]], ""labels"": [""Repeating pattern""]}",https://au.ixl.com/maths/year-1/make-a-pattern,https://www.qcaa.qld.edu.au/downloads/aciqv9/mathematics/curriculum/ac9_maths_yr1_as_cd_alignment.pdf,owner_requested_import
AC9M1A02,Repeating Patterns,practice,P15,"The repeating unit is ● ● ▲.
Which row uses it correctly?","{""A"": ""● ▲ ● ▲ ● ▲"", ""B"": ""● ● ▲ ▲ ● ●"", ""C"": ""● ● ▲ ● ● ▲""}",C,The correct row repeats two circles followed by one triangle.,mcq,select_pattern_for_given_unit,apply,,null,https://au.ixl.com/maths/year-1/make-a-pattern,https://www.qcaa.qld.edu.au/downloads/aciqv9/mathematics/curriculum/ac9_maths_yr1_as_cd_alignment.pdf,owner_requested_import
AC9M1A02,Repeating Patterns,practice,P16,"Make an action pattern like this shape pattern.
■ ● ● | ■ ● ●
Use “stamp” for ■ and “clap” for ●.
Write or show all six actions.",{},"stamp, clap, clap, stamp, clap, clap","Each square becomes a stamp and each circle becomes a clap. The unit stamp, clap, clap repeats twice.",short_answer,translate_pattern_to_actions,create,"Accept stamp, clap, clap, stamp, clap, clap in order, written or demonstrated.","{""type"": ""pattern"", ""rows"": [[""■"", ""●"", ""●"", ""|"", ""■"", ""●"", ""●""]], ""labels"": [""Shape pattern""]}",https://au.ixl.com/maths/year-1/make-a-pattern,https://www.qcaa.qld.edu.au/downloads/aciqv9/mathematics/curriculum/ac9_maths_yr1_as_cd_alignment.pdf,owner_requested_import
AC9M1A02,Repeating Patterns,practice,P17,"Look at this repeating unit: ▲ ■ ■.
Which row shows the unit three times?","{""A"": ""▲ ▲ ▲ ■ ■ ■ ■ ■ ■"", ""B"": ""▲ ■ ■ ▲ ■ ■ ▲ ■ ■"", ""C"": ""▲ ■ ▲ ■ ▲ ■""}",B,Repeat ▲ ■ ■ three times without changing the order.,mcq,count_whole_repeats,apply,,null,https://au.ixl.com/maths/year-1/make-a-pattern,https://www.qcaa.qld.edu.au/downloads/aciqv9/mathematics/curriculum/ac9_maths_yr1_as_cd_alignment.pdf,owner_requested_import
AC9M1A02,Repeating Patterns,practice,P18,"A line of objects repeats.
hat, shoe, sock, hat, shoe, sock, __
Which object comes next?","{""A"": ""hat"", ""B"": ""shoe"", ""C"": ""sock""}",A,"The unit hat, shoe, sock starts again after sock.",mcq,restart_object_unit,apply,,null,https://au.ixl.com/maths/year-1/make-a-pattern,https://www.qcaa.qld.edu.au/downloads/aciqv9/mathematics/curriculum/ac9_maths_yr1_as_cd_alignment.pdf,owner_requested_import
AC9M1A02,Repeating Patterns,practice,P19,"A row repeats this unit: cup, cup, plate.
cup, cup, plate | ? | cup, cup, plate
Which group belongs at the question mark?","{""A"": ""cup, plate, plate"", ""B"": ""cup, cup, plate"", ""C"": ""plate, cup, plate""}",B,"The missing group must be the same whole unit: cup, cup, plate.",mcq,restore_missing_whole_unit,apply,,null,https://au.ixl.com/maths/year-1/make-a-pattern,https://www.qcaa.qld.edu.au/downloads/aciqv9/mathematics/curriculum/ac9_maths_yr1_as_cd_alignment.pdf,owner_requested_import
AC9M1A02,Repeating Patterns,practice,P20,"Choose two different shapes. Make a repeating pattern with one of each shape in its unit.
Show the unit three times.",{},● ▲ ● ▲ ● ▲,"Choose a two-shape unit, such as ● ▲, and repeat it three times.",short_answer,create_pattern_with_chosen_unit,create,"Accept any six-shape ABABAB pattern with A and B different, including clearly drawn shapes or written shape names.",null,https://au.ixl.com/maths/year-1/make-a-pattern,https://www.qcaa.qld.edu.au/downloads/aciqv9/mathematics/curriculum/ac9_maths_yr1_as_cd_alignment.pdf,owner_requested_import
AC9M1A02,Repeating Patterns,practice,P21,"Look at the pattern.
3, 6, 3, 6, 3, 6
Which group can repeat to make the whole pattern?","{""A"": ""3, 6, 3"", ""B"": ""6, 6"", ""C"": ""3, 6""}",C,"Repeating 3, 6 makes 3, 6, 3, 6, 3, 6. Repeating 3, 6, 3 would put two 3s together.",mcq,check_proposed_repeating_unit,reason,,null,https://au.ixl.com/maths/year-1/make-a-pattern,https://www.qcaa.qld.edu.au/downloads/aciqv9/mathematics/curriculum/ac9_maths_yr1_as_cd_alignment.pdf,owner_requested_import
AC9M1A02,Repeating Patterns,practice,P22,"The shapes repeat.
● ● ▲ ■ | ● ● ▲ ■
How many shapes are in the smallest repeating unit?","{""A"": ""3"", ""B"": ""4"", ""C"": ""2""}",B,The unit ● ● ▲ ■ has four shapes. The two circles both belong to the unit.,mcq,count_unit_length,reason,,"{""type"": ""pattern"", ""rows"": [[""●"", ""●"", ""▲"", ""■"", ""|"", ""●"", ""●"", ""▲"", ""■""]], ""labels"": [""Repeating pattern""]}",https://au.ixl.com/maths/year-1/make-a-pattern,https://www.qcaa.qld.edu.au/downloads/aciqv9/mathematics/curriculum/ac9_maths_yr1_as_cd_alignment.pdf,owner_requested_import
AC9M1A02,Repeating Patterns,practice,P23,"Which number row repeats the unit 2, 4?","{""A"": ""2, 4, 6, 8"", ""B"": ""2, 4, 4, 6"", ""C"": ""2, 4, 2, 4""}",C,"The row 2, 4, 2, 4 shows the unit 2, 4 twice.",mcq,recognise_repeating_number_rule,recognise,,null,https://au.ixl.com/maths/year-1/make-a-pattern,https://www.qcaa.qld.edu.au/downloads/aciqv9/mathematics/curriculum/ac9_maths_yr1_as_cd_alignment.pdf,owner_requested_import
AC9M1A02,Repeating Patterns,practice,P24,"The pattern repeats two squares, then two circles.
■ ■ ● ● | ■ ■ ● ● | __ __ __ __
Draw or write the next four shapes.",{},■ ■ ● ●,Repeat the unit ■ ■ ● ● to continue the pattern.,short_answer,extend_four_part_unit,apply,"Accept square, square, circle, circle in order, written or drawn.","{""type"": ""pattern"", ""rows"": [[""■"", ""■"", ""●"", ""●"", ""|"", ""■"", ""■"", ""●"", ""●"", ""|"", ""__"", ""__"", ""__"", ""__""]], ""labels"": [""Repeating pattern""]}",https://au.ixl.com/maths/year-1/make-a-pattern,https://www.qcaa.qld.edu.au/downloads/aciqv9/mathematics/curriculum/ac9_maths_yr1_as_cd_alignment.pdf,owner_requested_import
AC9M1A02,Repeating Patterns,test,T01,"The objects repeat.
leaf, stone, leaf, stone, leaf, __
Which object comes next?","{""A"": ""leaf"", ""B"": ""stick"", ""C"": ""stone""}",C,"The unit leaf, stone repeats. After leaf comes stone.",mcq,continue_alternating_objects,recognise,,null,https://au.ixl.com/maths/year-1/make-a-pattern,https://www.qcaa.qld.edu.au/downloads/aciqv9/mathematics/curriculum/ac9_maths_yr1_as_cd_alignment.pdf,owner_requested_import
AC9M1A02,Repeating Patterns,test,T02,"Look at the repeating shapes.
● ■ ■ ● ■ ■ ● ■ ■
What is the smallest repeating unit?","{""A"": ""■ ■"", ""B"": ""● ■ ■"", ""C"": ""● ■""}",B,The unit has one circle and then two squares.,mcq,identify_three_part_unit,recognise,,"{""type"": ""pattern"", ""rows"": [[""●"", ""■"", ""■"", ""●"", ""■"", ""■"", ""●"", ""■"", ""■""]], ""labels"": [""Repeating pattern""]}",https://au.ixl.com/maths/year-1/make-a-pattern,https://www.qcaa.qld.edu.au/downloads/aciqv9/mathematics/curriculum/ac9_maths_yr1_as_cd_alignment.pdf,owner_requested_import
AC9M1A02,Repeating Patterns,test,T03,"The numbers repeat.
5, 0, 0, 5, 0, 0, 5, __, 0
Which number fills the gap?","{""A"": ""0"", ""B"": ""10"", ""C"": ""5""}",A,"The unit is 5, 0, 0. The missing number is the first 0 in the last unit.",mcq,fill_gap_inside_number_unit,apply,,null,https://au.ixl.com/maths/year-1/make-a-pattern,https://www.qcaa.qld.edu.au/downloads/aciqv9/mathematics/curriculum/ac9_maths_yr1_as_cd_alignment.pdf,owner_requested_import
AC9M1A02,Repeating Patterns,test,T04,"Look at the repeating pattern.
★ ● ▲ ★ ● ▲ ★ ● ▲
Draw or write the smallest repeating unit.",{},★ ● ▲,"The unit star, circle, triangle repeats three times.",short_answer,state_shape_repeating_unit,recognise,"Accept star, circle, triangle in that order, drawn or written; require the three-shape smallest unit.","{""type"": ""pattern"", ""rows"": [[""★"", ""●"", ""▲"", ""★"", ""●"", ""▲"", ""★"", ""●"", ""▲""]], ""labels"": [""Repeating pattern""]}",https://au.ixl.com/maths/year-1/make-a-pattern,https://www.qcaa.qld.edu.au/downloads/aciqv9/mathematics/curriculum/ac9_maths_yr1_as_cd_alignment.pdf,owner_requested_import
AC9M1A02,Repeating Patterns,test,T05,"The shapes repeat.
● ■ ■ ▲ ● ■ __ ▲
Which shape fills the gap?","{""A"": ""▲"", ""B"": ""●"", ""C"": ""■""}",C,The unit is ● ■ ■ ▲. The second unit also needs two squares.,mcq,complete_four_part_unit,apply,,"{""type"": ""pattern"", ""rows"": [[""●"", ""■"", ""■"", ""▲"", ""●"", ""■"", ""__"", ""▲""]], ""labels"": [""Repeating pattern""]}",https://au.ixl.com/maths/year-1/make-a-pattern,https://www.qcaa.qld.edu.au/downloads/aciqv9/mathematics/curriculum/ac9_maths_yr1_as_cd_alignment.pdf,owner_requested_import
AC9M1A02,Repeating Patterns,test,T06,"These actions repeat: clap, stamp, clap, stamp.
Which pattern has the same one-of-each structure?","{""A"": ""hop, turn, turn, hop"", ""B"": ""hop, hop, turn, turn"", ""C"": ""hop, turn, hop, turn""}",C,Both patterns repeat one action and then a different action.,mcq,match_structure_across_actions,reason,,null,https://au.ixl.com/maths/year-1/make-a-pattern,https://www.qcaa.qld.edu.au/downloads/aciqv9/mathematics/curriculum/ac9_maths_yr1_as_cd_alignment.pdf,owner_requested_import
AC9M1A02,Repeating Patterns,test,T07,"The pattern repeats ★ ● ▲.
★ ● ▲ ★ __ __
Which two shapes fill the gaps in order?","{""A"": ""● ▲"", ""B"": ""★ ●"", ""C"": ""▲ ●""}",A,"After the star, finish the unit with a circle and a triangle.",mcq,continue_incomplete_unit,apply,,"{""type"": ""pattern"", ""rows"": [[""★"", ""●"", ""▲"", ""★"", ""__"", ""__""]], ""labels"": [""Repeating pattern""]}",https://au.ixl.com/maths/year-1/make-a-pattern,https://www.qcaa.qld.edu.au/downloads/aciqv9/mathematics/curriculum/ac9_maths_yr1_as_cd_alignment.pdf,owner_requested_import
AC9M1A02,Repeating Patterns,test,T08,"Use this repeating unit: 2, 2, 5.
Write a pattern that shows the unit three times.",{},"2, 2, 5, 2, 2, 5, 2, 2, 5","Keep the order 2, 2, 5 each time you repeat the unit.",short_answer,create_number_pattern_from_unit,create,"Accept exactly three consecutive copies of 2, 2, 5; separators are optional.",null,https://au.ixl.com/maths/year-1/make-a-pattern,https://www.qcaa.qld.edu.au/downloads/aciqv9/mathematics/curriculum/ac9_maths_yr1_as_cd_alignment.pdf,owner_requested_import
AC9M1A02,Repeating Patterns,test,T09,"Look at the repeating pattern.
▲ ● ▲ ● ▲ ● ▲ ●
Which is its smallest repeating unit?","{""A"": ""▲ ● ▲"", ""B"": ""▲ ●"", ""C"": ""▲ ● ▲ ●""}",B,The pair ▲ ● is enough to repeat and make the whole pattern. The four-shape group is a larger repeated group.,mcq,choose_smallest_valid_unit,reason,,"{""type"": ""pattern"", ""rows"": [[""▲"", ""●"", ""▲"", ""●"", ""▲"", ""●"", ""▲"", ""●""]], ""labels"": [""Repeating pattern""]}",https://au.ixl.com/maths/year-1/make-a-pattern,https://www.qcaa.qld.edu.au/downloads/aciqv9/mathematics/curriculum/ac9_maths_yr1_as_cd_alignment.pdf,owner_requested_import
AC9M1A02,Repeating Patterns,test,T10,"A border repeats this unit: ■ ● ●.
The border so far is: ■ ● ● | ■ ● ●
Which change keeps that same unit?","{""A"": ""Add ■ ● ● at the end"", ""B"": ""Add ■ ■ ● at the end"", ""C"": ""Add ● ■ ● at the end""}",A,Adding another complete ■ ● ● unit keeps the pattern repeating correctly.,mcq,choose_valid_whole_unit_extension,reason,,"{""type"": ""pattern"", ""rows"": [[""■"", ""●"", ""●"", ""|"", ""■"", ""●"", ""●""]], ""labels"": [""Border so far""]}",https://au.ixl.com/maths/year-1/make-a-pattern,https://www.qcaa.qld.edu.au/downloads/aciqv9/mathematics/curriculum/ac9_maths_yr1_as_cd_alignment.pdf,owner_requested_import
AC9M1A02,Repeating Patterns,test,T11,"The pattern should repeat 8, 1.
8, 1, 8, 8, 8, 1
Which number should replace the fourth number?","{""A"": ""1"", ""B"": ""2"", ""C"": ""8""}",A,"The correct pattern is 8, 1, 8, 1, 8, 1.",mcq,repair_number_pattern,reason,,null,https://au.ixl.com/maths/year-1/make-a-pattern,https://www.qcaa.qld.edu.au/downloads/aciqv9/mathematics/curriculum/ac9_maths_yr1_as_cd_alignment.pdf,owner_requested_import
AC9M1A02,Repeating Patterns,test,T12,"Make a repeating pattern using “tap, clap, clap” as the unit.
Write or show the unit two times.",{},"tap, clap, clap, tap, clap, clap",The complete three-action unit repeats twice.,short_answer,create_action_pattern_from_unit,create,"Accept tap, clap, clap, tap, clap, clap in order, written or demonstrated.",null,https://au.ixl.com/maths/year-1/make-a-pattern,https://www.qcaa.qld.edu.au/downloads/aciqv9/mathematics/curriculum/ac9_maths_yr1_as_cd_alignment.pdf,owner_requested_import
AC9M1A02,Repeating Patterns,test,T13,"The row repeats: shell, shell, stone, shell, shell, stone.
How many objects are in the smallest repeating unit?","{""A"": ""2"", ""B"": ""3"", ""C"": ""6""}",B,"The unit shell, shell, stone contains three objects.",mcq,count_object_unit_length,apply,,null,https://au.ixl.com/maths/year-1/make-a-pattern,https://www.qcaa.qld.edu.au/downloads/aciqv9/mathematics/curriculum/ac9_maths_yr1_as_cd_alignment.pdf,owner_requested_import
AC9M1A02,Repeating Patterns,test,T14,"The pattern repeats ● ● ▲.
● ● ▲ ● ● ▲ ● __ __
Which pair fills the gaps in order?","{""A"": ""▲ ●"", ""B"": ""▲ ▲"", ""C"": ""● ▲""}",C,The last unit has its first circle. It still needs one circle and one triangle.,mcq,complete_unit_after_partial_start,apply,,"{""type"": ""pattern"", ""rows"": [[""●"", ""●"", ""▲"", ""●"", ""●"", ""▲"", ""●"", ""__"", ""__""]], ""labels"": [""Repeating pattern""]}",https://au.ixl.com/maths/year-1/make-a-pattern,https://www.qcaa.qld.edu.au/downloads/aciqv9/mathematics/curriculum/ac9_maths_yr1_as_cd_alignment.pdf,owner_requested_import
AC9M1A02,Repeating Patterns,test,T15,"A pattern repeats the unit 1, 3, 3.
Which row follows the rule?","{""A"": ""1, 3, 1, 3, 1, 3"", ""B"": ""1, 3, 3, 1, 3, 3"", ""C"": ""1, 3, 3, 3, 1, 3""}",B,"Repeat all three numbers in order: 1, 3, 3.",mcq,select_number_pattern_for_unit,apply,,null,https://au.ixl.com/maths/year-1/make-a-pattern,https://www.qcaa.qld.edu.au/downloads/aciqv9/mathematics/curriculum/ac9_maths_yr1_as_cd_alignment.pdf,owner_requested_import
AC9M1A02,Repeating Patterns,test,T16,"Choose two different shapes. Make a repeating unit with two of the first shape, then one of the second shape.
Show your unit two times.",{},■ ■ ● ■ ■ ●,"One possible unit is square, square, circle. Repeating it twice gives ■ ■ ● ■ ■ ●.",short_answer,create_pattern_with_chosen_unit,create,"Accept any six-shape AABAAB pattern with A and B different, drawn or written as shape names.",null,https://au.ixl.com/maths/year-1/make-a-pattern,https://www.qcaa.qld.edu.au/downloads/aciqv9/mathematics/curriculum/ac9_maths_yr1_as_cd_alignment.pdf,owner_requested_import
AC9M1M01,"Comparing Length, Mass, Capacity and Duration",practice,P01,Two strips start at the same place. Strip A ends before strip B. Which strip is longer?,"{""A"": ""They are the same length."", ""B"": ""Strip A"", ""C"": ""Strip B""}",C,"From the same starting point, the strip that reaches further is longer.",mcq,aligned endpoint comparison,recognise,,"{""type"": ""bars"", ""bars"": [{""label"": ""A"", ""units"": 4}, {""label"": ""B"", ""units"": 7}], ""caption"": ""Both objects start at the same place. Each block is the same length.""}",https://au.ixl.com/maths/year-1/indirect-comparison,https://www.qcaa.qld.edu.au/downloads/aciqv9/mathematics/curriculum/ac9_maths_yr1_as_cd_alignment.pdf,owner_requested_import
AC9M1M01,"Comparing Length, Mass, Capacity and Duration",practice,P02,A balance has a stone on one side and a shell on the other. The stone side goes down. Which is heavier?,"{""A"": ""They have the same mass."", ""B"": ""The shell"", ""C"": ""The stone""}",C,The heavier side of a balance goes down.,mcq,balance comparison,recognise,,null,https://au.ixl.com/maths/year-1/indirect-comparison,https://www.qcaa.qld.edu.au/downloads/aciqv9/mathematics/curriculum/ac9_maths_yr1_as_cd_alignment.pdf,owner_requested_import
AC9M1M01,"Comparing Length, Mass, Capacity and Duration",practice,P03,Cup A is full of water. All its water is poured into empty cup B. Cup B is not full yet. Which cup holds more when full?,"{""A"": ""Cup B"", ""B"": ""They hold the same amount."", ""C"": ""Cup A""}",A,Cup B holds all the water from A and still has room for more.,mcq,transfer capacity comparison,apply,,null,https://au.ixl.com/maths/year-1/indirect-comparison,https://www.qcaa.qld.edu.au/downloads/aciqv9/mathematics/curriculum/ac9_maths_yr1_as_cd_alignment.pdf,owner_requested_import
AC9M1M01,"Comparing Length, Mass, Capacity and Duration",practice,P04,Two toy cars start moving together. Car A stops first. Car B keeps moving. Which car moves for a longer time?,{},Car B,Car B keeps moving after car A stops.,short_answer,common start duration comparison,recognise,Accept B or car B.,null,https://au.ixl.com/maths/year-1/indirect-comparison,https://www.qcaa.qld.edu.au/downloads/aciqv9/mathematics/curriculum/ac9_maths_yr1_as_cd_alignment.pdf,owner_requested_import
AC9M1M01,"Comparing Length, Mass, Capacity and Duration",practice,P05,A card is shorter than a pencil. A bookmark is longer than the same pencil. Which is longer: the card or the bookmark?,"{""A"": ""They are the same length."", ""B"": ""The card"", ""C"": ""The bookmark""}",C,"The card is shorter than the pencil, but the bookmark is longer than it. So the bookmark is longer than the card.",mcq,compare lengths through common reference,reason,,null,https://au.ixl.com/maths/year-1/indirect-comparison,https://www.qcaa.qld.edu.au/downloads/aciqv9/mathematics/curriculum/ac9_maths_yr1_as_cd_alignment.pdf,owner_requested_import
AC9M1M01,"Comparing Length, Mass, Capacity and Duration",practice,P06,A lunch box is lighter than a bag. The bag is lighter than a basket. Which order goes from lightest to heaviest?,"{""A"": ""Basket, bag, lunch box"", ""B"": ""Bag, lunch box, basket"", ""C"": ""Lunch box, bag, basket""}",C,The lunch box is lightest. The basket is heaviest.,mcq,mass ordering,apply,,null,https://au.ixl.com/maths/year-1/indirect-comparison,https://www.qcaa.qld.edu.au/downloads/aciqv9/mathematics/curriculum/ac9_maths_yr1_as_cd_alignment.pdf,owner_requested_import
AC9M1M01,"Comparing Length, Mass, Capacity and Duration",practice,P07,"Fill each container using the same little cup.
Jug: 5 cupfuls
Bottle: 3 cupfuls
Which holds more?","{""A"": ""The jug"", ""B"": ""They hold the same amount."", ""C"": ""The bottle""}",A,The jug takes more of the same cupfuls to fill.,mcq,capacity benchmark comparison,apply,,"{""type"": ""table"", ""headers"": [""Container"", ""Cupfuls to fill""], ""rows"": [[""Jug"", ""5""], [""Bottle"", ""3""]]}",https://au.ixl.com/maths/year-1/indirect-comparison,https://www.qcaa.qld.edu.au/downloads/aciqv9/mathematics/curriculum/ac9_maths_yr1_as_cd_alignment.pdf,owner_requested_import
AC9M1M01,"Comparing Length, Mass, Capacity and Duration",practice,P08,Jo and Sam start together. Jo finishes a puzzle first. Sam finishes a drawing later. Which activity took less time?,{},The puzzle,The puzzle finished first when both activities had the same start.,short_answer,common start duration comparison,apply,"Accept puzzle, Jo, or Jo’s puzzle.",null,https://au.ixl.com/maths/year-1/indirect-comparison,https://www.qcaa.qld.edu.au/downloads/aciqv9/mathematics/curriculum/ac9_maths_yr1_as_cd_alignment.pdf,owner_requested_import
AC9M1M01,"Comparing Length, Mass, Capacity and Duration",practice,P09,Two pencils have their tips lined up. Their other ends also line up. What is true?,"{""A"": ""One pencil must be longer."", ""B"": ""We must weigh them."", ""C"": ""They are the same length.""}",C,Matching both ends shows that the pencils have equal lengths.,mcq,length equality check,recognise,,null,https://au.ixl.com/maths/year-1/indirect-comparison,https://www.qcaa.qld.edu.au/downloads/aciqv9/mathematics/curriculum/ac9_maths_yr1_as_cd_alignment.pdf,owner_requested_import
AC9M1M01,"Comparing Length, Mass, Capacity and Duration",practice,P10,A big empty box and a small stone sit on a balance. The balance is level. What does this show?,"{""A"": ""The stone is heavier because it is smaller."", ""B"": ""They have the same mass."", ""C"": ""The box is heavier because it is bigger.""}",B,A level balance shows equal mass. Size alone does not tell us the mass.,mcq,mass evidence over appearance,reason,,null,https://au.ixl.com/maths/year-1/indirect-comparison,https://www.qcaa.qld.edu.au/downloads/aciqv9/mathematics/curriculum/ac9_maths_yr1_as_cd_alignment.pdf,owner_requested_import
AC9M1M01,"Comparing Length, Mass, Capacity and Duration",practice,P11,A wide bowl and a tall jar each hold exactly 4 of the same cupfuls when full. What is true?,"{""A"": ""They have the same capacity."", ""B"": ""The bowl holds more because it is wider."", ""C"": ""The jar holds more because it is taller.""}",A,"Both hold the same number of equal cupfuls, so their capacities are equal.",mcq,capacity equality check,reason,,null,https://au.ixl.com/maths/year-1/indirect-comparison,https://www.qcaa.qld.edu.au/downloads/aciqv9/mathematics/curriculum/ac9_maths_yr1_as_cd_alignment.pdf,owner_requested_import
AC9M1M01,"Comparing Length, Mass, Capacity and Duration",practice,P12,"Three races start together. The red car stops first, the blue car stops next, and the green car stops last. Put the colours in order from shortest to longest moving time.",{},"Red, blue, green","With the same start, the first car to stop moves for the shortest time.",short_answer,duration ordering,apply,Accept the three colours or car names in this order.,null,https://au.ixl.com/maths/year-1/indirect-comparison,https://www.qcaa.qld.edu.au/downloads/aciqv9/mathematics/curriculum/ac9_maths_yr1_as_cd_alignment.pdf,owner_requested_import
AC9M1M01,"Comparing Length, Mass, Capacity and Duration",practice,P13,A book and a drawer are in different rooms. How could you compare their lengths?,"{""A"": ""Guess from the book’s colour."", ""B"": ""Use string to copy the book’s length, then compare the string with the drawer’s length."", ""C"": ""Compare how heavy they are.""}",B,A piece of string can carry the book’s length to the drawer for an indirect comparison.,mcq,choose indirect length method,reason,,null,https://au.ixl.com/maths/year-1/indirect-comparison,https://www.qcaa.qld.edu.au/downloads/aciqv9/mathematics/curriculum/ac9_maths_yr1_as_cd_alignment.pdf,owner_requested_import
AC9M1M01,"Comparing Length, Mass, Capacity and Duration",practice,P14,A toy and 3 equal blocks balance. A ball and 5 of the same blocks balance. Which is heavier?,"{""A"": ""The ball"", ""B"": ""They have the same mass."", ""C"": ""The toy""}",A,"The ball balances more of the same blocks, so it is heavier.",mcq,indirect mass benchmark,reason,,null,https://au.ixl.com/maths/year-1/indirect-comparison,https://www.qcaa.qld.edu.au/downloads/aciqv9/mathematics/curriculum/ac9_maths_yr1_as_cd_alignment.pdf,owner_requested_import
AC9M1M01,"Comparing Length, Mass, Capacity and Duration",practice,P15,Container A holds more than B. Container C holds more than A. Which holds the most?,"{""A"": ""Container B"", ""B"": ""Container C"", ""C"": ""Container A""}",B,"C holds more than A, and A holds more than B.",mcq,indirect capacity ordering,reason,,null,https://au.ixl.com/maths/year-1/indirect-comparison,https://www.qcaa.qld.edu.au/downloads/aciqv9/mathematics/curriculum/ac9_maths_yr1_as_cd_alignment.pdf,owner_requested_import
AC9M1M01,"Comparing Length, Mass, Capacity and Duration",practice,P16,Two songs start together. Song A is still playing after song B ends. Which song is longer? Give a reason.,{},"Song A, because it keeps playing after song B ends.","When two songs start together, the one that ends later lasts longer.",short_answer,justify duration comparison,reason,Accept A with a reason referring to its later finish or continued playing.,null,https://au.ixl.com/maths/year-1/indirect-comparison,https://www.qcaa.qld.edu.au/downloads/aciqv9/mathematics/curriculum/ac9_maths_yr1_as_cd_alignment.pdf,owner_requested_import
AC9M1M01,"Comparing Length, Mass, Capacity and Duration",practice,P17,Two sticks lie on a table with their starting ends in different places. How can you compare their lengths fairly?,"{""A"": ""Move the shorter-looking stick further forward."", ""B"": ""Line up one end of each stick."", ""C"": ""Compare their colours.""}",B,Lining up the starting ends lets you compare how far each stick reaches.,mcq,repair direct length comparison,reason,,null,https://au.ixl.com/maths/year-1/indirect-comparison,https://www.qcaa.qld.edu.au/downloads/aciqv9/mathematics/curriculum/ac9_maths_yr1_as_cd_alignment.pdf,owner_requested_import
AC9M1M01,"Comparing Length, Mass, Capacity and Duration",practice,P18,A teddy and a bag balance. The bag is heavier than a ball. Which is heavier: the teddy or the ball?,"{""A"": ""The teddy"", ""B"": ""They have the same mass."", ""C"": ""The ball""}",A,"The teddy has the same mass as the bag. The bag is heavier than the ball, so the teddy is too.",mcq,mass equality inference,reason,,null,https://au.ixl.com/maths/year-1/indirect-comparison,https://www.qcaa.qld.edu.au/downloads/aciqv9/mathematics/curriculum/ac9_maths_yr1_as_cd_alignment.pdf,owner_requested_import
AC9M1M01,"Comparing Length, Mass, Capacity and Duration",practice,P19,"A full bottle exactly fills an empty jug, with no water left over. What can you say?","{""A"": ""The bottle and jug have the same capacity."", ""B"": ""The jug has a greater capacity."", ""C"": ""The bottle has a greater capacity.""}",A,An exact transfer with no space or water left over shows equal capacities.,mcq,exact transfer equality,apply,,null,https://au.ixl.com/maths/year-1/indirect-comparison,https://www.qcaa.qld.edu.au/downloads/aciqv9/mathematics/curriculum/ac9_maths_yr1_as_cd_alignment.pdf,owner_requested_import
AC9M1M01,"Comparing Length, Mass, Capacity and Duration",practice,P20,Ribbon A is shorter than ribbon B. Ribbon C is longer than ribbon B. Write the ribbons from shortest to longest.,{},"A, B, C","A is shorter than B, and C is longer than B.",short_answer,indirect length ordering,apply,Accept ribbon names in this order.,null,https://au.ixl.com/maths/year-1/indirect-comparison,https://www.qcaa.qld.edu.au/downloads/aciqv9/mathematics/curriculum/ac9_maths_yr1_as_cd_alignment.pdf,owner_requested_import
AC9M1M01,"Comparing Length, Mass, Capacity and Duration",practice,P21,Two paper spinners start and stop together. What is true about their spinning times?,"{""A"": ""The larger spinner spins for longer."", ""B"": ""The smaller spinner spins for longer."", ""C"": ""They spin for the same time.""}",C,The same start and the same finish mean the spinning times are equal.,mcq,duration equality check,recognise,,null,https://au.ixl.com/maths/year-1/indirect-comparison,https://www.qcaa.qld.edu.au/downloads/aciqv9/mathematics/curriculum/ac9_maths_yr1_as_cd_alignment.pdf,owner_requested_import
AC9M1M01,"Comparing Length, Mass, Capacity and Duration",practice,P22,A rope reaches further than a stick when one end of each is lined up. Why is the rope longer?,"{""A"": ""It has a different colour."", ""B"": ""Its far end reaches beyond the stick’s far end."", ""C"": ""It is softer than the stick.""}",B,Length is compared by how far each object reaches from the same start.,mcq,justify length comparison,reason,,null,https://au.ixl.com/maths/year-1/indirect-comparison,https://www.qcaa.qld.edu.au/downloads/aciqv9/mathematics/curriculum/ac9_maths_yr1_as_cd_alignment.pdf,owner_requested_import
AC9M1M01,"Comparing Length, Mass, Capacity and Duration",practice,P23,You pour water from a full cup into an empty pot. The pot fills while some water is still in the cup. Which holds less?,"{""A"": ""They hold the same amount."", ""B"": ""The pot"", ""C"": ""The cup""}",B,"The pot fills before all the cup’s water has been used, so it holds less.",mcq,overflow capacity reasoning,reason,,null,https://au.ixl.com/maths/year-1/indirect-comparison,https://www.qcaa.qld.edu.au/downloads/aciqv9/mathematics/curriculum/ac9_maths_yr1_as_cd_alignment.pdf,owner_requested_import
AC9M1M01,"Comparing Length, Mass, Capacity and Duration",practice,P24,You have two bags and a balance. How could you find which bag is heavier?,{},Put one bag on each side of the balance. The side that goes down has the heavier bag.,A balance compares mass directly. A level balance would show that the bags have the same mass.,short_answer,design mass comparison,create,Accept placing a bag on each side and identifying the lower side as heavier; mentioning equal mass is optional.,null,https://au.ixl.com/maths/year-1/indirect-comparison,https://www.qcaa.qld.edu.au/downloads/aciqv9/mathematics/curriculum/ac9_maths_yr1_as_cd_alignment.pdf,owner_requested_import
AC9M1M01,"Comparing Length, Mass, Capacity and Duration",test,T01,Two straws start at the same line. Straw X reaches further than straw Y. Which is shorter?,"{""A"": ""They are the same length."", ""B"": ""Straw Y"", ""C"": ""Straw X""}",B,"With one end lined up, the straw that does not reach as far is shorter.",mcq,aligned endpoint comparison,apply,,"{""type"": ""bars"", ""bars"": [{""label"": ""X"", ""units"": 6}, {""label"": ""Y"", ""units"": 3}], ""caption"": ""Both objects start at the same place. Each block is the same length.""}",https://au.ixl.com/maths/year-1/indirect-comparison,https://www.qcaa.qld.edu.au/downloads/aciqv9/mathematics/curriculum/ac9_maths_yr1_as_cd_alignment.pdf,owner_requested_import
AC9M1M01,"Comparing Length, Mass, Capacity and Duration",test,T02,A balance has a toy boat and a toy train. The train side is lower. What is true?,"{""A"": ""The train is heavier."", ""B"": ""The boat is heavier."", ""C"": ""They have the same mass.""}",A,The lower side of a balance holds the heavier object.,mcq,balance comparison,apply,,null,https://au.ixl.com/maths/year-1/indirect-comparison,https://www.qcaa.qld.edu.au/downloads/aciqv9/mathematics/curriculum/ac9_maths_yr1_as_cd_alignment.pdf,owner_requested_import
AC9M1M01,"Comparing Length, Mass, Capacity and Duration",test,T03,"The same cup is used to fill three empty containers.
A: 2 cupfuls
B: 6 cupfuls
C: 4 cupfuls
Which order goes from least to greatest capacity?","{""A"": ""A, B, C"", ""B"": ""A, C, B"", ""C"": ""B, C, A""}",B,"Fewer equal cupfuls means a smaller capacity: 2, then 4, then 6.",mcq,capacity benchmark ordering,apply,,"{""type"": ""table"", ""headers"": [""Container"", ""Cupfuls to fill""], ""rows"": [[""A"", ""2""], [""B"", ""6""], [""C"", ""4""]]}",https://au.ixl.com/maths/year-1/indirect-comparison,https://www.qcaa.qld.edu.au/downloads/aciqv9/mathematics/curriculum/ac9_maths_yr1_as_cd_alignment.pdf,owner_requested_import
AC9M1M01,"Comparing Length, Mass, Capacity and Duration",test,T04,A walk and a game begin together. The walk ends while the game is still going. Which activity lasts longer?,{},The game,"The game continues after the walk ends, although they began together.",short_answer,common start duration comparison,apply,Accept game.,null,https://au.ixl.com/maths/year-1/indirect-comparison,https://www.qcaa.qld.edu.au/downloads/aciqv9/mathematics/curriculum/ac9_maths_yr1_as_cd_alignment.pdf,owner_requested_import
AC9M1M01,"Comparing Length, Mass, Capacity and Duration",test,T05,A string is the same length as a brush. A pencil is shorter than the string. Which is longer: the brush or the pencil?,"{""A"": ""The pencil"", ""B"": ""They are the same length."", ""C"": ""The brush""}",C,"The brush matches the string, and the pencil is shorter than the string.",mcq,length equality inference,reason,,null,https://au.ixl.com/maths/year-1/indirect-comparison,https://www.qcaa.qld.edu.au/downloads/aciqv9/mathematics/curriculum/ac9_maths_yr1_as_cd_alignment.pdf,owner_requested_import
AC9M1M01,"Comparing Length, Mass, Capacity and Duration",test,T06,Bag A balances 2 equal blocks. Bag B balances 4 of the same blocks. Bag C balances 3 of them. Which bag is lightest?,"{""A"": ""Bag A"", ""B"": ""Bag C"", ""C"": ""Bag B""}",A,Bag A balances the fewest of the same blocks.,mcq,indirect mass benchmark,apply,,null,https://au.ixl.com/maths/year-1/indirect-comparison,https://www.qcaa.qld.edu.au/downloads/aciqv9/mathematics/curriculum/ac9_maths_yr1_as_cd_alignment.pdf,owner_requested_import
AC9M1M01,"Comparing Length, Mass, Capacity and Duration",test,T07,"A full jug is poured into an empty bucket. All the water fits, and the bucket still has room. Why does the bucket have a greater capacity?","{""A"": ""It can hold the jug’s water and more."", ""B"": ""It must be heavier."", ""C"": ""It must be a different colour.""}",A,The unused space shows that the bucket can hold more water than the jug.,mcq,justify capacity comparison,reason,,null,https://au.ixl.com/maths/year-1/indirect-comparison,https://www.qcaa.qld.edu.au/downloads/aciqv9/mathematics/curriculum/ac9_maths_yr1_as_cd_alignment.pdf,owner_requested_import
AC9M1M01,"Comparing Length, Mass, Capacity and Duration",test,T08,"Three children start building at the same time. Lee finishes first, Pat finishes second, and Ari finishes last. Who spends the longest time building?",{},Ari,"With the same start, the last person to finish spends the longest time building.",short_answer,duration ordering,apply,Accept Ari.,null,https://au.ixl.com/maths/year-1/indirect-comparison,https://www.qcaa.qld.edu.au/downloads/aciqv9/mathematics/curriculum/ac9_maths_yr1_as_cd_alignment.pdf,owner_requested_import
AC9M1M01,"Comparing Length, Mass, Capacity and Duration",test,T09,A box looks bigger than a parcel. How can you check which has more mass?,"{""A"": ""Choose the bigger one."", ""B"": ""Measure which is longer."", ""C"": ""Put them on opposite sides of a balance.""}",C,A balance compares mass. A bigger size does not always mean more mass.,mcq,choose mass comparison method,reason,,null,https://au.ixl.com/maths/year-1/indirect-comparison,https://www.qcaa.qld.edu.au/downloads/aciqv9/mathematics/curriculum/ac9_maths_yr1_as_cd_alignment.pdf,owner_requested_import
AC9M1M01,"Comparing Length, Mass, Capacity and Duration",test,T10,A ribbon is longer than a spoon. The spoon is longer than a key. Which statement must be true?,"{""A"": ""The ribbon and key have equal lengths."", ""B"": ""The ribbon is longer than the key."", ""C"": ""The key is longer than the ribbon.""}",B,"The ribbon is longer than the spoon, which is already longer than the key.",mcq,indirect length ordering,reason,,null,https://au.ixl.com/maths/year-1/indirect-comparison,https://www.qcaa.qld.edu.au/downloads/aciqv9/mathematics/curriculum/ac9_maths_yr1_as_cd_alignment.pdf,owner_requested_import
AC9M1M01,"Comparing Length, Mass, Capacity and Duration",test,T11,A bowl takes 3 full cups to fill. A pot takes 3 full mugs. The cups and mugs have different sizes. Can you tell which container holds more from these counts?,"{""A"": ""Yes, the bowl must hold more."", ""B"": ""No, the measuring containers are different sizes."", ""C"": ""Yes, they must hold the same amount.""}",B,The same count does not show equal capacity when the cupfuls have different sizes.,mcq,critique capacity evidence,reason,,null,https://au.ixl.com/maths/year-1/indirect-comparison,https://www.qcaa.qld.edu.au/downloads/aciqv9/mathematics/curriculum/ac9_maths_yr1_as_cd_alignment.pdf,owner_requested_import
AC9M1M01,"Comparing Length, Mass, Capacity and Duration",test,T12,Two timers start together and ring together. Compare the times they measured.,{},They measured the same time.,Matching starts and finishes show equal durations.,short_answer,duration equality check,apply,Accept equal times or same duration.,null,https://au.ixl.com/maths/year-1/indirect-comparison,https://www.qcaa.qld.edu.au/downloads/aciqv9/mathematics/curriculum/ac9_maths_yr1_as_cd_alignment.pdf,owner_requested_import
AC9M1M01,"Comparing Length, Mass, Capacity and Duration",test,T13,A toy is heavier than a sock but lighter than a book. Which order is from heaviest to lightest?,"{""A"": ""Toy, book, sock"", ""B"": ""Sock, toy, book"", ""C"": ""Book, toy, sock""}",C,"The book is heaviest, then the toy, then the sock.",mcq,mass ordering,apply,,null,https://au.ixl.com/maths/year-1/indirect-comparison,https://www.qcaa.qld.edu.au/downloads/aciqv9/mathematics/curriculum/ac9_maths_yr1_as_cd_alignment.pdf,owner_requested_import
AC9M1M01,"Comparing Length, Mass, Capacity and Duration",test,T14,You want to compare the widths of two doors in different rooms. What could help?,"{""A"": ""Open both doors and guess from their sounds."", ""B"": ""Compare the doors’ colours."", ""C"": ""Use a string to copy one width and compare it with the other.""}",C,String can carry one door’s width to the other door for an indirect comparison.,mcq,choose indirect length method,reason,,null,https://au.ixl.com/maths/year-1/indirect-comparison,https://www.qcaa.qld.edu.au/downloads/aciqv9/mathematics/curriculum/ac9_maths_yr1_as_cd_alignment.pdf,owner_requested_import
AC9M1M01,"Comparing Length, Mass, Capacity and Duration",test,T15,"Two songs start together. A child says, “Song A is longer because it is louder.” What would actually show that A lasts longer?","{""A"": ""A is still playing when B ends."", ""B"": ""A has more clapping sounds."", ""C"": ""A is sung by more people.""}",A,The later finish shows a longer duration when both songs start together.,mcq,critique duration evidence,reason,,null,https://au.ixl.com/maths/year-1/indirect-comparison,https://www.qcaa.qld.edu.au/downloads/aciqv9/mathematics/curriculum/ac9_maths_yr1_as_cd_alignment.pdf,owner_requested_import
AC9M1M01,"Comparing Length, Mass, Capacity and Duration",test,T16,A full can exactly fills an empty bowl. No water spills and none is left in the can. Compare their capacities and explain.,{},They have the same capacity because the can’s water exactly fills the bowl.,The exact transfer shows that both containers hold the same amount when full.,short_answer,justify capacity equality,reason,Accept equal/same capacity with a reason about exactly filling the bowl.,null,https://au.ixl.com/maths/year-1/indirect-comparison,https://www.qcaa.qld.edu.au/downloads/aciqv9/mathematics/curriculum/ac9_maths_yr1_as_cd_alignment.pdf,owner_requested_import
AC9M1M02,Measuring Length with Informal Units,practice,P01,A strip is covered from end to end by 4 equal blocks. There are no gaps or overlaps. How long is the strip?,"{""A"": ""4 blocks"", ""B"": ""5 blocks"", ""C"": ""3 blocks""}",A,Each block is one length unit. Four blocks cover the strip exactly.,mcq,count informal units,recognise,,"{""type"": ""bars"", ""bars"": [{""label"": ""Strip"", ""units"": 4}], ""caption"": ""Four equal blocks cover the strip with no gaps or overlaps.""}",https://au.ixl.com/maths/year-1/measure-length-with-objects,https://www.qcaa.qld.edu.au/downloads/aciqv9/mathematics/curriculum/ac9_maths_yr1_as_cd_alignment.pdf,owner_requested_import
AC9M1M02,Measuring Length with Informal Units,practice,P02,Which objects would make fair length units?,"{""A"": ""Pencils of different lengths"", ""B"": ""A mix of big and small buttons"", ""C"": ""Identical paper clips""}",C,Equal-size units let each count stand for the same length.,mcq,choose uniform units,recognise,,null,https://au.ixl.com/maths/year-1/measure-length-with-objects,https://www.qcaa.qld.edu.au/downloads/aciqv9/mathematics/curriculum/ac9_maths_yr1_as_cd_alignment.pdf,owner_requested_import
AC9M1M02,Measuring Length with Informal Units,practice,P03,A pencil is measured with equal cubes. Small gaps are left between the cubes. What should change?,"{""A"": ""Use different-size cubes."", ""B"": ""Make the gaps bigger."", ""C"": ""Move the cubes together so they touch.""}",C,"Length units should touch end to end, without gaps.",mcq,repair gaps,apply,,null,https://au.ixl.com/maths/year-1/measure-length-with-objects,https://www.qcaa.qld.edu.au/downloads/aciqv9/mathematics/curriculum/ac9_maths_yr1_as_cd_alignment.pdf,owner_requested_import
AC9M1M02,Measuring Length with Informal Units,practice,P04,Six equal tiles cover a ribbon exactly. The tiles touch with no gaps or overlaps. How long is the ribbon in tiles?,{},6 tiles,Count one unit for each tile that covers the ribbon.,short_answer,count informal units,apply,Accept 6 or six tiles.,"{""type"": ""bars"", ""bars"": [{""label"": ""Ribbon"", ""units"": 6}], ""caption"": ""6 equal units cover the whole length, touching end to end.""}",https://au.ixl.com/maths/year-1/measure-length-with-objects,https://www.qcaa.qld.edu.au/downloads/aciqv9/mathematics/curriculum/ac9_maths_yr1_as_cd_alignment.pdf,owner_requested_import
AC9M1M02,Measuring Length with Informal Units,practice,P05,"A leaf matches this row of equal blocks exactly. The blocks touch end to end.
Leaf: □ □ □ □ □ □
How many blocks long is the leaf?","{""A"": ""5 blocks"", ""B"": ""6 blocks"", ""C"": ""7 blocks""}",B,Count the six equal blocks that cover the leaf from one end to the other.,mcq,measure object from unit row,apply,,"{""type"": ""bars"", ""bars"": [{""label"": ""Leaf"", ""units"": 6}], ""caption"": ""Each block is one equal length unit. The row matches the whole leaf.""}",https://au.ixl.com/maths/year-1/measure-length-with-objects,https://www.qcaa.qld.edu.au/downloads/aciqv9/mathematics/curriculum/ac9_maths_yr1_as_cd_alignment.pdf,owner_requested_import
AC9M1M02,Measuring Length with Informal Units,practice,P06,"The same blocks measure two strips exactly.
Strip A: 5 blocks
Strip B: 8 blocks
Which strip is longer?","{""A"": ""Strip A"", ""B"": ""Strip B"", ""C"": ""They are the same length.""}",B,More of the same length unit means a longer strip.,mcq,compare same-unit measures,apply,,"{""type"": ""table"", ""headers"": [""Strip"", ""Length""], ""rows"": [[""A"", ""5 blocks""], [""B"", ""8 blocks""]]}",https://au.ixl.com/maths/year-1/measure-length-with-objects,https://www.qcaa.qld.edu.au/downloads/aciqv9/mathematics/curriculum/ac9_maths_yr1_as_cd_alignment.pdf,owner_requested_import
AC9M1M02,Measuring Length with Informal Units,practice,P07,Paper clips overlap along a bookmark. What is the best way to fix the measure?,"{""A"": ""Push the clips further over each other."", ""B"": ""Count some clips twice."", ""C"": ""Place the clips end to end without overlapping.""}",C,Overlapping units cover some parts twice. Place them end to end to measure fairly.,mcq,repair overlaps,reason,,null,https://au.ixl.com/maths/year-1/measure-length-with-objects,https://www.qcaa.qld.edu.au/downloads/aciqv9/mathematics/curriculum/ac9_maths_yr1_as_cd_alignment.pdf,owner_requested_import
AC9M1M02,Measuring Length with Informal Units,practice,P08,Four cubes cover part of a stick. Two more of the same cubes are needed to reach its end. All cubes will touch. How many cubes long is the stick?,{},6 cubes,Four cubes and two more cubes cover the whole stick.,short_answer,complete partial measure,apply,Accept 6 or six cubes.,null,https://au.ixl.com/maths/year-1/measure-length-with-objects,https://www.qcaa.qld.edu.au/downloads/aciqv9/mathematics/curriculum/ac9_maths_yr1_as_cd_alignment.pdf,owner_requested_import
AC9M1M02,Measuring Length with Informal Units,practice,P09,A strip is measured once with short blocks and once with long blocks. The blocks always touch and cover it exactly. Which measure uses more blocks?,"{""A"": ""The long blocks"", ""B"": ""The short blocks"", ""C"": ""Both must use the same number.""}",B,More short units are needed to cover the same length.,mcq,unit-size effect,reason,,null,https://au.ixl.com/maths/year-1/measure-length-with-objects,https://www.qcaa.qld.edu.au/downloads/aciqv9/mathematics/curriculum/ac9_maths_yr1_as_cd_alignment.pdf,owner_requested_import
AC9M1M02,Measuring Length with Informal Units,practice,P10,"A line matches this row of equal matchsticks. They touch end to end.
Line: — — — — — — —
Which label gives its length?","{""A"": ""6 matchsticks"", ""B"": ""8 matchsticks"", ""C"": ""7 matchsticks""}",C,There are seven matchsticks in the row. Record both the count and the unit name.,mcq,count and record measured length,apply,,"{""type"": ""bars"", ""bars"": [{""label"": ""Line"", ""units"": 7}], ""caption"": ""Each block represents one equal matchstick laid end to end.""}",https://au.ixl.com/maths/year-1/measure-length-with-objects,https://www.qcaa.qld.edu.au/downloads/aciqv9/mathematics/curriculum/ac9_maths_yr1_as_cd_alignment.pdf,owner_requested_import
AC9M1M02,Measuring Length with Informal Units,practice,P11,A leaf is covered by 3 long blocks and 2 short blocks. Why is “5 blocks long” not a fair measure in equal units?,"{""A"": ""Leaves cannot be measured."", ""B"": ""There are too few colours."", ""C"": ""The blocks have different lengths.""}",C,Each length unit must have the same size for the count to be a fair measure.,mcq,diagnose mixed units,reason,,null,https://au.ixl.com/maths/year-1/measure-length-with-objects,https://www.qcaa.qld.edu.au/downloads/aciqv9/mathematics/curriculum/ac9_maths_yr1_as_cd_alignment.pdf,owner_requested_import
AC9M1M02,Measuring Length with Informal Units,practice,P12,A cord is 8 cubes long. A straw is 5 of the same cubes long. How many cubes longer is the cord?,{},3 cubes,The cord has 3 more equal cube lengths than the straw.,short_answer,compare length difference,apply,Accept 3 or three cubes.,null,https://au.ixl.com/maths/year-1/measure-length-with-objects,https://www.qcaa.qld.edu.au/downloads/aciqv9/mathematics/curriculum/ac9_maths_yr1_as_cd_alignment.pdf,owner_requested_import
AC9M1M02,Measuring Length with Informal Units,practice,P13,"Each □ is one equal cube. All cubes touch.
A: □ □ □
B: □ □ □ □ □
C: □ □ □ □ □ □
Which row makes a path exactly 5 cubes long?","{""A"": ""Row B"", ""B"": ""Row C"", ""C"": ""Row A""}",A,Row B has five equal cubes. Their joined lengths make a path five cubes long.,mcq,select construction for target length,apply,,"{""type"": ""bars"", ""bars"": [{""label"": ""A"", ""units"": 3}, {""label"": ""B"", ""units"": 5}, {""label"": ""C"", ""units"": 6}], ""caption"": ""One block represents one equal cube. Cubes touch end to end.""}",https://au.ixl.com/maths/year-1/measure-length-with-objects,https://www.qcaa.qld.edu.au/downloads/aciqv9/mathematics/curriculum/ac9_maths_yr1_as_cd_alignment.pdf,owner_requested_import
AC9M1M02,Measuring Length with Informal Units,practice,P14,"The same cubes are used for every measure.
Brush: 6 cubes
Spoon: 4 cubes
Comb: 5 cubes
Which order is shortest to longest?","{""A"": ""Brush, comb, spoon"", ""B"": ""Spoon, comb, brush"", ""C"": ""Comb, spoon, brush""}",B,"Compare the counts of the same unit: 4, then 5, then 6.",mcq,order measured lengths,apply,,"{""type"": ""table"", ""headers"": [""Object"", ""Length""], ""rows"": [[""Brush"", ""6 cubes""], [""Spoon"", ""4 cubes""], [""Comb"", ""5 cubes""]]}",https://au.ixl.com/maths/year-1/measure-length-with-objects,https://www.qcaa.qld.edu.au/downloads/aciqv9/mathematics/curriculum/ac9_maths_yr1_as_cd_alignment.pdf,owner_requested_import
AC9M1M02,Measuring Length with Informal Units,practice,P15,"A ribbon matches this row of equal blocks.
Ribbon: □ □ □ □ □
Jo counts the joins and says it is 4 blocks long. What is the correct length?","{""A"": ""4 blocks"", ""B"": ""6 blocks"", ""C"": ""5 blocks""}",C,"There are five blocks, although there are only four joins between them. Count the blocks as the units.",mcq,correct joins-versus-units count,reason,,"{""type"": ""bars"", ""bars"": [{""label"": ""Ribbon"", ""units"": 5}], ""caption"": ""Equal blocks touch end to end and match the whole ribbon. Count the blocks, not the joins.""}",https://au.ixl.com/maths/year-1/measure-length-with-objects,https://www.qcaa.qld.edu.au/downloads/aciqv9/mathematics/curriculum/ac9_maths_yr1_as_cd_alignment.pdf,owner_requested_import
AC9M1M02,Measuring Length with Informal Units,practice,P16,Make a strip 5 tiles long using equal tiles. How should you place the tiles?,{},Place 5 equal tiles end to end with no gaps or overlaps.,"The tiles need to form one continuous length, each unit used once.",short_answer,construct measured length,create,"Accept five tiles touching end to end, without gaps or overlaps.",null,https://au.ixl.com/maths/year-1/measure-length-with-objects,https://www.qcaa.qld.edu.au/downloads/aciqv9/mathematics/curriculum/ac9_maths_yr1_as_cd_alignment.pdf,owner_requested_import
AC9M1M02,Measuring Length with Informal Units,practice,P17,"A child measures a desk with a big handspan, then with a small handspan. Why might the counts differ?","{""A"": ""The handspans are different lengths."", ""B"": ""One count must always be wrong."", ""C"": ""The desk must have grown.""}",A,Different-size units can give different counts for the same length.,mcq,explain different measurements,reason,,null,https://au.ixl.com/maths/year-1/measure-length-with-objects,https://www.qcaa.qld.edu.au/downloads/aciqv9/mathematics/curriculum/ac9_maths_yr1_as_cd_alignment.pdf,owner_requested_import
AC9M1M02,Measuring Length with Informal Units,practice,P18,A card is exactly 4 blocks long. Each block is 2 cubes long. How many cubes would cover the card end to end?,"{""A"": ""8 cubes"", ""B"": ""4 cubes"", ""C"": ""6 cubes""}",A,"Each block length is replaced by 2 cubes: 2, 4, 6, 8.",mcq,subdivide informal units,reason,,null,https://au.ixl.com/maths/year-1/measure-length-with-objects,https://www.qcaa.qld.edu.au/downloads/aciqv9/mathematics/curriculum/ac9_maths_yr1_as_cd_alignment.pdf,owner_requested_import
AC9M1M02,Measuring Length with Informal Units,practice,P19,"The same blocks measure two ribbons exactly.
A: □ □ □ □ □ □
B: □ □ □ □ □ □ □ □
How long is the shorter ribbon?","{""A"": ""8 blocks"", ""B"": ""6 blocks"", ""C"": ""2 blocks""}",B,Ribbon A uses six blocks and ribbon B uses eight. The shorter ribbon is six blocks long.,mcq,measure shorter object from models,apply,,"{""type"": ""bars"", ""bars"": [{""label"": ""A"", ""units"": 6}, {""label"": ""B"", ""units"": 8}], ""caption"": ""Equal blocks touch end to end and cover each whole ribbon.""}",https://au.ixl.com/maths/year-1/measure-length-with-objects,https://www.qcaa.qld.edu.au/downloads/aciqv9/mathematics/curriculum/ac9_maths_yr1_as_cd_alignment.pdf,owner_requested_import
AC9M1M02,Measuring Length with Informal Units,practice,P20,A tray is 7 equal blocks long. A row of blocks on the tray is only 5 blocks long. How many more matching blocks will complete the row?,{},2 blocks,Two more blocks extend the row from 5 blocks to 7 blocks.,short_answer,complete partial measure,apply,Accept 2 or two blocks.,null,https://au.ixl.com/maths/year-1/measure-length-with-objects,https://www.qcaa.qld.edu.au/downloads/aciqv9/mathematics/curriculum/ac9_maths_yr1_as_cd_alignment.pdf,owner_requested_import
AC9M1M02,Measuring Length with Informal Units,practice,P21,Two ribbons are each exactly 6 of the same paper clips long. What is true?,"{""A"": ""The ribbons have equal lengths."", ""B"": ""One must be longer."", ""C"": ""Their lengths cannot be compared.""}",A,Equal counts of the same unit show equal lengths.,mcq,infer equal lengths,apply,,null,https://au.ixl.com/maths/year-1/measure-length-with-objects,https://www.qcaa.qld.edu.au/downloads/aciqv9/mathematics/curriculum/ac9_maths_yr1_as_cd_alignment.pdf,owner_requested_import
AC9M1M02,Measuring Length with Informal Units,practice,P22,"Each □ is one equal block.
A: □ □ □
B: □ □ □ □ □
C: □ □ □ □ □ □
Which strip is 2 blocks longer than A?","{""A"": ""Strip A"", ""B"": ""Strip B"", ""C"": ""Strip C""}",B,"A is three blocks long. B has two extra blocks, so it is five blocks long.",mcq,compare length difference from models,reason,,"{""type"": ""bars"", ""bars"": [{""label"": ""A"", ""units"": 3}, {""label"": ""B"", ""units"": 5}, {""label"": ""C"", ""units"": 6}], ""caption"": ""Equal blocks touch end to end and show each strip’s whole length.""}",https://au.ixl.com/maths/year-1/measure-length-with-objects,https://www.qcaa.qld.edu.au/downloads/aciqv9/mathematics/curriculum/ac9_maths_yr1_as_cd_alignment.pdf,owner_requested_import
AC9M1M02,Measuring Length with Informal Units,practice,P23,A strip ends halfway along the fifth block. The first four blocks fit fully. What is the best description?,"{""A"": ""More than 4 blocks but less than 5 blocks long"", ""B"": ""Exactly 4 blocks long"", ""C"": ""Exactly 5 blocks long""}",A,"Four whole blocks are not enough, but five whole blocks go past the end.",mcq,recognise incomplete final unit,reason,,null,https://au.ixl.com/maths/year-1/measure-length-with-objects,https://www.qcaa.qld.edu.au/downloads/aciqv9/mathematics/curriculum/ac9_maths_yr1_as_cd_alignment.pdf,owner_requested_import
AC9M1M02,Measuring Length with Informal Units,practice,P24,"A line was measured with cubes, but some cubes overlapped. Explain how to measure it again fairly.",{},"Use equal cubes, start at one end, and place them end to end with no gaps or overlaps. Count the cubes.",A fair measure covers the length once with equal units.,short_answer,design fair measurement,create,"Accept equal units placed from one end to the other without overlaps or gaps, then counted.",null,https://au.ixl.com/maths/year-1/measure-length-with-objects,https://www.qcaa.qld.edu.au/downloads/aciqv9/mathematics/curriculum/ac9_maths_yr1_as_cd_alignment.pdf,owner_requested_import
AC9M1M02,Measuring Length with Informal Units,test,T01,Five equal paper clips touch end to end and match a strip exactly. How long is the strip?,"{""A"": ""4 paper clips"", ""B"": ""5 paper clips"", ""C"": ""6 paper clips""}",B,There is one unit for each of the five paper clips.,mcq,count informal units,apply,,"{""type"": ""bars"", ""bars"": [{""label"": ""Strip"", ""units"": 5}], ""caption"": ""5 equal units cover the whole length, touching end to end.""}",https://au.ixl.com/maths/year-1/measure-length-with-objects,https://www.qcaa.qld.edu.au/downloads/aciqv9/mathematics/curriculum/ac9_maths_yr1_as_cd_alignment.pdf,owner_requested_import
AC9M1M02,Measuring Length with Informal Units,test,T02,"Each □ is one equal tile. The rows match the whole lengths of the objects.
Tray: □ □ □ □
Mat: □ □ □ □ □ □
Which object is 6 tiles long?","{""A"": ""The tray"", ""B"": ""The mat"", ""C"": ""Both objects""}",B,Six equal tiles cover the mat. The tray is only four tiles long.,mcq,identify object by measured length,apply,,"{""type"": ""bars"", ""bars"": [{""label"": ""Tray"", ""units"": 4}, {""label"": ""Mat"", ""units"": 6}], ""caption"": ""Each block is one equal tile. Tiles touch end to end.""}",https://au.ixl.com/maths/year-1/measure-length-with-objects,https://www.qcaa.qld.edu.au/downloads/aciqv9/mathematics/curriculum/ac9_maths_yr1_as_cd_alignment.pdf,owner_requested_import
AC9M1M02,Measuring Length with Informal Units,test,T03,"The same tiles measure three lines.
A: 9 tiles
B: 6 tiles
C: 7 tiles
Which line is shortest?","{""A"": ""B"", ""B"": ""C"", ""C"": ""A""}",A,"Six is the smallest count of the same unit, so B is shortest.",mcq,order measured lengths,apply,,"{""type"": ""table"", ""headers"": [""Line"", ""Length""], ""rows"": [[""A"", ""9 tiles""], [""B"", ""6 tiles""], [""C"", ""7 tiles""]]}",https://au.ixl.com/maths/year-1/measure-length-with-objects,https://www.qcaa.qld.edu.au/downloads/aciqv9/mathematics/curriculum/ac9_maths_yr1_as_cd_alignment.pdf,owner_requested_import
AC9M1M02,Measuring Length with Informal Units,test,T04,A brush is 7 cubes long. A crayon is 4 of the same cubes long. How many cubes shorter is the crayon?,{},3 cubes,The difference between 7 and 4 equal cube lengths is 3.,short_answer,compare length difference,apply,Accept 3 or three cubes.,null,https://au.ixl.com/maths/year-1/measure-length-with-objects,https://www.qcaa.qld.edu.au/downloads/aciqv9/mathematics/curriculum/ac9_maths_yr1_as_cd_alignment.pdf,owner_requested_import
AC9M1M02,Measuring Length with Informal Units,test,T05,A child leaves gaps between the blocks used to measure a shelf. Why is the count unreliable?,"{""A"": ""The shelf has two ends."", ""B"": ""The blocks are all the same size."", ""C"": ""Some shelf length is covered by gaps instead of blocks.""}",C,The gaps add length that has not been counted as units.,mcq,explain gaps error,reason,,null,https://au.ixl.com/maths/year-1/measure-length-with-objects,https://www.qcaa.qld.edu.au/downloads/aciqv9/mathematics/curriculum/ac9_maths_yr1_as_cd_alignment.pdf,owner_requested_import
AC9M1M02,Measuring Length with Informal Units,test,T06,"Equal blocks measure three strips. Each row matches the whole strip.
A: □ □ □ □ □
B: □ □ □ □ □ □ □
C: □ □ □ □ □
Which pair has equal lengths?","{""A"": ""A and B"", ""B"": ""A and C"", ""C"": ""B and C""}",B,"A and C each measure five of the same blocks, so their lengths are equal.",mcq,match equal measured lengths,apply,,"{""type"": ""bars"", ""bars"": [{""label"": ""A"", ""units"": 5}, {""label"": ""B"", ""units"": 7}, {""label"": ""C"", ""units"": 5}], ""caption"": ""Equal blocks touch end to end and cover each whole strip.""}",https://au.ixl.com/maths/year-1/measure-length-with-objects,https://www.qcaa.qld.edu.au/downloads/aciqv9/mathematics/curriculum/ac9_maths_yr1_as_cd_alignment.pdf,owner_requested_import
AC9M1M02,Measuring Length with Informal Units,test,T07,A strip uses 10 short clips or 5 long clips when measured correctly. Which clips are longer?,"{""A"": ""The clips used in the group of 5"", ""B"": ""The clips used in the group of 10"", ""C"": ""Both clip sizes are equal.""}",A,Fewer units cover the same strip when each unit is longer.,mcq,unit-size inference,reason,,null,https://au.ixl.com/maths/year-1/measure-length-with-objects,https://www.qcaa.qld.edu.au/downloads/aciqv9/mathematics/curriculum/ac9_maths_yr1_as_cd_alignment.pdf,owner_requested_import
AC9M1M02,Measuring Length with Informal Units,test,T08,Equal blocks cover a ribbon exactly. There are 8 blocks and 7 joins between them. Record the ribbon’s length with its unit.,{},8 blocks,The blocks are the length units; the joins are not extra units.,short_answer,record units rather than joins,apply,Require 8 and blocks.,null,https://au.ixl.com/maths/year-1/measure-length-with-objects,https://www.qcaa.qld.edu.au/downloads/aciqv9/mathematics/curriculum/ac9_maths_yr1_as_cd_alignment.pdf,owner_requested_import
AC9M1M02,Measuring Length with Informal Units,test,T09,A child starts measuring a stick one cube-length after its end. What has been missed?,"{""A"": ""Only the stick’s colour"", ""B"": ""An extra cube beyond the stick"", ""C"": ""The first part of the stick""}",C,Starting after the end leaves part of the whole length unmeasured.,mcq,diagnose missed starting length,reason,,null,https://au.ixl.com/maths/year-1/measure-length-with-objects,https://www.qcaa.qld.edu.au/downloads/aciqv9/mathematics/curriculum/ac9_maths_yr1_as_cd_alignment.pdf,owner_requested_import
AC9M1M02,Measuring Length with Informal Units,test,T10,A ribbon is 6 beads long. Another ribbon is 6 beads long. The bead sizes are not given. Must the ribbons have equal lengths?,"{""A"": ""No, because two ribbons can never match."", ""B"": ""Yes, because both counts are 6."", ""C"": ""No, the beads might have different lengths.""}",C,Equal counts show equal lengths only when the length units match.,mcq,critique mismatched units,reason,,null,https://au.ixl.com/maths/year-1/measure-length-with-objects,https://www.qcaa.qld.edu.au/downloads/aciqv9/mathematics/curriculum/ac9_maths_yr1_as_cd_alignment.pdf,owner_requested_import
AC9M1M02,Measuring Length with Informal Units,test,T11,A line is covered exactly by 3 equal sticks. Each stick is as long as 2 equal tiles. How many tiles long is the line?,"{""A"": ""6 tiles"", ""B"": ""3 tiles"", ""C"": ""5 tiles""}",A,"Each stick is replaced by 2 tiles: 2, 4, 6.",mcq,subdivide informal units,reason,,null,https://au.ixl.com/maths/year-1/measure-length-with-objects,https://www.qcaa.qld.edu.au/downloads/aciqv9/mathematics/curriculum/ac9_maths_yr1_as_cd_alignment.pdf,owner_requested_import
AC9M1M02,Measuring Length with Informal Units,test,T12,"A strip is 9 cubes long. So far, 6 matching cubes have been placed correctly along it. How many more are needed?",{},3 cubes,Three more cubes complete the length from 6 to 9 cubes.,short_answer,complete partial measure,apply,Accept 3 or three cubes.,null,https://au.ixl.com/maths/year-1/measure-length-with-objects,https://www.qcaa.qld.edu.au/downloads/aciqv9/mathematics/curriculum/ac9_maths_yr1_as_cd_alignment.pdf,owner_requested_import
AC9M1M02,Measuring Length with Informal Units,test,T13,"Equal blocks cover a card, but two blocks overlap. What should you do?","{""A"": ""Count the overlap as an extra block."", ""B"": ""Keep the overlap and use the same count."", ""C"": ""Spread them end to end, then measure and count again.""}",C,Overlaps cover a part twice. Arrange units correctly before recording the count.,mcq,repair overlaps,reason,,null,https://au.ixl.com/maths/year-1/measure-length-with-objects,https://www.qcaa.qld.edu.au/downloads/aciqv9/mathematics/curriculum/ac9_maths_yr1_as_cd_alignment.pdf,owner_requested_import
AC9M1M02,Measuring Length with Informal Units,test,T14,A rope is 8 tiles long and a cord is 8 of the same tiles long. Which statement is true?,"{""A"": ""The cord is shorter because it is a cord."", ""B"": ""They have the same length."", ""C"": ""The rope is longer because it is a rope.""}",B,Matching counts of the same length unit show equal lengths.,mcq,infer equal lengths,apply,,null,https://au.ixl.com/maths/year-1/measure-length-with-objects,https://www.qcaa.qld.edu.au/downloads/aciqv9/mathematics/curriculum/ac9_maths_yr1_as_cd_alignment.pdf,owner_requested_import
AC9M1M02,Measuring Length with Informal Units,test,T15,Six whole blocks fit along a strip. The strip continues partway along a seventh block. Which description fits?,"{""A"": ""More than 6 and less than 7 blocks long"", ""B"": ""More than 7 blocks long"", ""C"": ""Exactly 6 blocks long""}",A,The strip is longer than six full units but does not reach seven full units.,mcq,recognise incomplete final unit,reason,,null,https://au.ixl.com/maths/year-1/measure-length-with-objects,https://www.qcaa.qld.edu.au/downloads/aciqv9/mathematics/curriculum/ac9_maths_yr1_as_cd_alignment.pdf,owner_requested_import
AC9M1M02,Measuring Length with Informal Units,test,T16,You must make a path exactly 6 equal tiles long. Describe how you will place and check the tiles.,{},"Place 6 equal tiles end to end with no gaps or overlaps, then count them.",The whole path is made from six equal length units that touch.,short_answer,construct and check measured length,create,"Accept six matching tiles touching end to end, with a count/check of six.",null,https://au.ixl.com/maths/year-1/measure-length-with-objects,https://www.qcaa.qld.edu.au/downloads/aciqv9/mathematics/curriculum/ac9_maths_yr1_as_cd_alignment.pdf,owner_requested_import
AC9M1M03,"Time: Years, Months, Weeks, Days and Hours",practice,P01,Which unit best describes the time from one birthday to the next birthday?,"{""A"": ""A day"", ""B"": ""An hour"", ""C"": ""A year""}",C,A birthday comes around once each year.,mcq,choose event duration unit,recognise,,null,https://au.ixl.com/maths/year-1/read-a-calendar,https://www.qcaa.qld.edu.au/downloads/aciqv9/mathematics/curriculum/ac9_maths_yr1_as_cd_alignment.pdf,owner_requested_import
AC9M1M03,"Time: Years, Months, Weeks, Days and Hours",practice,P02,A week has 7 days. Which is longer: one day or one week?,"{""A"": ""One week"", ""B"": ""One day"", ""C"": ""They are equal.""}",A,"A week contains seven days, so it is longer than one day.",mcq,compare named durations,recognise,,null,https://au.ixl.com/maths/year-1/read-a-calendar,https://www.qcaa.qld.edu.au/downloads/aciqv9/mathematics/curriculum/ac9_maths_yr1_as_cd_alignment.pdf,owner_requested_import
AC9M1M03,"Time: Years, Months, Weeks, Days and Hours",practice,P03,"The days go Monday, Tuesday, Wednesday. Which day comes just after Tuesday?","{""A"": ""Wednesday"", ""B"": ""Sunday"", ""C"": ""Monday""}",A,Wednesday follows Tuesday.,mcq,continue weekday sequence,recognise,,null,https://au.ixl.com/maths/year-1/read-a-calendar,https://www.qcaa.qld.edu.au/downloads/aciqv9/mathematics/curriculum/ac9_maths_yr1_as_cd_alignment.pdf,owner_requested_import
AC9M1M03,"Time: Years, Months, Weeks, Days and Hours",practice,P04,"Put these parts of one day in order: evening, morning, afternoon.",{},"Morning, afternoon, evening","Morning comes first, then afternoon, then evening.",short_answer,sequence daily periods,apply,Accept the three words in this order.,null,https://au.ixl.com/maths/year-1/read-a-calendar,https://www.qcaa.qld.edu.au/downloads/aciqv9/mathematics/curriculum/ac9_maths_yr1_as_cd_alignment.pdf,owner_requested_import
AC9M1M03,"Time: Years, Months, Weeks, Days and Hours",practice,P05,A year has 12 months. Which is longer?,"{""A"": ""They are equal."", ""B"": ""One month"", ""C"": ""One year""}",C,A year includes twelve months.,mcq,compare named durations,recognise,,null,https://au.ixl.com/maths/year-1/read-a-calendar,https://www.qcaa.qld.edu.au/downloads/aciqv9/mathematics/curriculum/ac9_maths_yr1_as_cd_alignment.pdf,owner_requested_import
AC9M1M03,"Time: Years, Months, Weeks, Days and Hours",practice,P06,"The school day goes: arrive, read, eat lunch, go home. What happens just before lunch?","{""A"": ""Arrive"", ""B"": ""Read"", ""C"": ""Go home""}",B,Reading is immediately before lunch in the given sequence.,mcq,locate prior event,apply,,null,https://au.ixl.com/maths/year-1/read-a-calendar,https://www.qcaa.qld.edu.au/downloads/aciqv9/mathematics/curriculum/ac9_maths_yr1_as_cd_alignment.pdf,owner_requested_import
AC9M1M03,"Time: Years, Months, Weeks, Days and Hours",practice,P07,A school assembly lasts about one _____. Choose a sensible unit.,"{""A"": ""Month"", ""B"": ""Year"", ""C"": ""Hour""}",C,An hour is a sensible time for an assembly. A month or a year would be far too long.,mcq,choose plausible duration unit,apply,,null,https://au.ixl.com/maths/year-1/read-a-calendar,https://www.qcaa.qld.edu.au/downloads/aciqv9/mathematics/curriculum/ac9_maths_yr1_as_cd_alignment.pdf,owner_requested_import
AC9M1M03,"Time: Years, Months, Weeks, Days and Hours",practice,P08,"The months go January, February, March, April. Which month is between February and April?",{},March,March comes after February and before April.,short_answer,complete month sequence,apply,Accept March.,null,https://au.ixl.com/maths/year-1/read-a-calendar,https://www.qcaa.qld.edu.au/downloads/aciqv9/mathematics/curriculum/ac9_maths_yr1_as_cd_alignment.pdf,owner_requested_import
AC9M1M03,"Time: Years, Months, Weeks, Days and Hours",practice,P09,A class watches a seed grow for 3 weeks. A painting session lasts 1 hour. Which takes longer?,"{""A"": ""The painting session"", ""B"": ""Watching the seed grow"", ""C"": ""They take the same time.""}",B,Three weeks is much longer than one hour.,mcq,compare event durations,apply,,null,https://au.ixl.com/maths/year-1/read-a-calendar,https://www.qcaa.qld.edu.au/downloads/aciqv9/mathematics/curriculum/ac9_maths_yr1_as_cd_alignment.pdf,owner_requested_import
AC9M1M03,"Time: Years, Months, Weeks, Days and Hours",practice,P10,"The days go Friday, Saturday, Sunday, Monday. What comes just after Sunday?","{""A"": ""Friday"", ""B"": ""Saturday"", ""C"": ""Monday""}",C,The weekly sequence continues to Monday after Sunday.,mcq,weekday rollover,apply,,null,https://au.ixl.com/maths/year-1/read-a-calendar,https://www.qcaa.qld.edu.au/downloads/aciqv9/mathematics/curriculum/ac9_maths_yr1_as_cd_alignment.pdf,owner_requested_import
AC9M1M03,"Time: Years, Months, Weeks, Days and Hours",practice,P11,Which unit is most useful for saying how old a Year 1 child is?,"{""A"": ""Years"", ""B"": ""Days"", ""C"": ""Hours""}",A,Children’s ages are usually described in years.,mcq,choose appropriate time unit,recognise,,null,https://au.ixl.com/maths/year-1/read-a-calendar,https://www.qcaa.qld.edu.au/downloads/aciqv9/mathematics/curriculum/ac9_maths_yr1_as_cd_alignment.pdf,owner_requested_import
AC9M1M03,"Time: Years, Months, Weeks, Days and Hours",practice,P12,A week has 7 days. A camp lasts one whole week. How many days is that?,{},7 days,One week and seven days describe the same duration.,short_answer,link week and days,apply,Accept 7 or seven days.,null,https://au.ixl.com/maths/year-1/read-a-calendar,https://www.qcaa.qld.edu.au/downloads/aciqv9/mathematics/curriculum/ac9_maths_yr1_as_cd_alignment.pdf,owner_requested_import
AC9M1M03,"Time: Years, Months, Weeks, Days and Hours",practice,P13,"The months go May, June, July. A class trip is in June and a concert is in July. Which event comes first?","{""A"": ""The concert"", ""B"": ""The class trip"", ""C"": ""They are in the same month.""}",B,June comes before July.,mcq,order calendar events,apply,,null,https://au.ixl.com/maths/year-1/read-a-calendar,https://www.qcaa.qld.edu.au/downloads/aciqv9/mathematics/curriculum/ac9_maths_yr1_as_cd_alignment.pdf,owner_requested_import
AC9M1M03,"Time: Years, Months, Weeks, Days and Hours",practice,P14,Mila reads for 1 hour. Ben builds for 2 hours. Who spends less time on the activity?,"{""A"": ""Mila"", ""B"": ""They spend the same time."", ""C"": ""Ben""}",A,One hour is less time than two hours.,mcq,compare same-unit durations,apply,,null,https://au.ixl.com/maths/year-1/read-a-calendar,https://www.qcaa.qld.edu.au/downloads/aciqv9/mathematics/curriculum/ac9_maths_yr1_as_cd_alignment.pdf,owner_requested_import
AC9M1M03,"Time: Years, Months, Weeks, Days and Hours",practice,P15,"The plan is: plant a seed, water it, watch it grow. Which event is last?","{""A"": ""Water it"", ""B"": ""Plant a seed"", ""C"": ""Watch it grow""}",C,Watching it grow is the last event in the given plan.,mcq,locate final event,apply,,null,https://au.ixl.com/maths/year-1/read-a-calendar,https://www.qcaa.qld.edu.au/downloads/aciqv9/mathematics/curriculum/ac9_maths_yr1_as_cd_alignment.pdf,owner_requested_import
AC9M1M03,"Time: Years, Months, Weeks, Days and Hours",practice,P16,"Put these durations in order from shortest to longest: 1 week, 1 hour, 1 day.",{},"1 hour, 1 day, 1 week","An hour is shorter than a day, and a day is shorter than a week.",short_answer,order time units,apply,"Accept hour, day, week in this order.",null,https://au.ixl.com/maths/year-1/read-a-calendar,https://www.qcaa.qld.edu.au/downloads/aciqv9/mathematics/curriculum/ac9_maths_yr1_as_cd_alignment.pdf,owner_requested_import
AC9M1M03,"Time: Years, Months, Weeks, Days and Hours",practice,P17,"The class has music on the 10th. Use this calendar row.
Monday: 8
Tuesday: 9
Wednesday: 10
Thursday: 11
Friday: 12
What day is music?","{""A"": ""Thursday"", ""B"": ""Wednesday"", ""C"": ""Tuesday""}",B,The date 10 is in the Wednesday column.,mcq,read weekday from calendar date,apply,,"{""type"": ""table"", ""headers"": [""Monday"", ""Tuesday"", ""Wednesday"", ""Thursday"", ""Friday""], ""rows"": [[""8"", ""9"", ""10"", ""11"", ""12""]]}",https://au.ixl.com/maths/year-1/read-a-calendar,https://www.qcaa.qld.edu.au/downloads/aciqv9/mathematics/curriculum/ac9_maths_yr1_as_cd_alignment.pdf,owner_requested_import
AC9M1M03,"Time: Years, Months, Weeks, Days and Hours",practice,P18,Today is Thursday. Yesterday was Wednesday. Which day was earlier?,"{""A"": ""They are the same day."", ""B"": ""Wednesday"", ""C"": ""Thursday""}",B,Yesterday is the day before today.,mcq,interpret relative days,recognise,,null,https://au.ixl.com/maths/year-1/read-a-calendar,https://www.qcaa.qld.edu.au/downloads/aciqv9/mathematics/curriculum/ac9_maths_yr1_as_cd_alignment.pdf,owner_requested_import
AC9M1M03,"Time: Years, Months, Weeks, Days and Hours",practice,P19,A building project takes 2 years. A garden project takes 2 months. Which is shorter?,"{""A"": ""The garden project"", ""B"": ""The building project"", ""C"": ""They take the same time.""}",A,"A month is shorter than a year, so two months is shorter than two years.",mcq,compare equal-count time units,reason,,null,https://au.ixl.com/maths/year-1/read-a-calendar,https://www.qcaa.qld.edu.au/downloads/aciqv9/mathematics/curriculum/ac9_maths_yr1_as_cd_alignment.pdf,owner_requested_import
AC9M1M03,"Time: Years, Months, Weeks, Days and Hours",practice,P20,"A holiday lasts 14 days. One week has 7 days. Complete: the holiday lasts 2 _____. Use hours, weeks or years.",{},Weeks,"Seven days and seven more days make fourteen days, or two weeks.",short_answer,link two weeks and days,apply,Accept week or weeks.,null,https://au.ixl.com/maths/year-1/read-a-calendar,https://www.qcaa.qld.edu.au/downloads/aciqv9/mathematics/curriculum/ac9_maths_yr1_as_cd_alignment.pdf,owner_requested_import
AC9M1M03,"Time: Years, Months, Weeks, Days and Hours",practice,P21,"The months go August, September, October. A birthday is in September. Which month comes just before it?","{""A"": ""October"", ""B"": ""August"", ""C"": ""December""}",B,August is immediately before September.,mcq,locate prior month,apply,,null,https://au.ixl.com/maths/year-1/read-a-calendar,https://www.qcaa.qld.edu.au/downloads/aciqv9/mathematics/curriculum/ac9_maths_yr1_as_cd_alignment.pdf,owner_requested_import
AC9M1M03,"Time: Years, Months, Weeks, Days and Hours",practice,P22,"A class has a 1-hour lesson, then a 1-hour game. There is no break. How much time do the two activities take altogether?","{""A"": ""1 hour"", ""B"": ""2 days"", ""C"": ""2 hours""}",C,One hour followed by another hour makes two hours.,mcq,combine consecutive durations,apply,,null,https://au.ixl.com/maths/year-1/read-a-calendar,https://www.qcaa.qld.edu.au/downloads/aciqv9/mathematics/curriculum/ac9_maths_yr1_as_cd_alignment.pdf,owner_requested_import
AC9M1M03,"Time: Years, Months, Weeks, Days and Hours",practice,P23,"A child says, “A month is shorter than a week.” Which correction is right?","{""A"": ""A month is longer than a week."", ""B"": ""A week is longer than a year."", ""C"": ""A month and a week are always equal.""}",A,A month contains more days than one week.,mcq,correct duration relationship,reason,,null,https://au.ixl.com/maths/year-1/read-a-calendar,https://www.qcaa.qld.edu.au/downloads/aciqv9/mathematics/curriculum/ac9_maths_yr1_as_cd_alignment.pdf,owner_requested_import
AC9M1M03,"Time: Years, Months, Weeks, Days and Hours",practice,P24,"Plan tomorrow from morning to night. Put these events in order: go to bed, eat breakfast, eat lunch.",{},"Eat breakfast, eat lunch, go to bed","Breakfast comes in the morning, lunch later in the day, and bedtime at night.",short_answer,create daily sequence,create,"Accept breakfast, lunch, bedtime in this order, working from tomorrow morning to night.",null,https://au.ixl.com/maths/year-1/read-a-calendar,https://www.qcaa.qld.edu.au/downloads/aciqv9/mathematics/curriculum/ac9_maths_yr1_as_cd_alignment.pdf,owner_requested_import
AC9M1M03,"Time: Years, Months, Weeks, Days and Hours",test,T01,Which duration is longest?,"{""A"": ""1 hour"", ""B"": ""1 year"", ""C"": ""1 week""}",B,A year is longer than a week or an hour.,mcq,compare named durations,apply,,null,https://au.ixl.com/maths/year-1/read-a-calendar,https://www.qcaa.qld.edu.au/downloads/aciqv9/mathematics/curriculum/ac9_maths_yr1_as_cd_alignment.pdf,owner_requested_import
AC9M1M03,"Time: Years, Months, Weeks, Days and Hours",test,T02,"The plan is: paint, let the paint dry, display the picture. What happens just after painting?","{""A"": ""Let the paint dry"", ""B"": ""Display the picture"", ""C"": ""Start painting again""}",A,Letting the paint dry is the next event in the given sequence.,mcq,locate next event,apply,,null,https://au.ixl.com/maths/year-1/read-a-calendar,https://www.qcaa.qld.edu.au/downloads/aciqv9/mathematics/curriculum/ac9_maths_yr1_as_cd_alignment.pdf,owner_requested_import
AC9M1M03,"Time: Years, Months, Weeks, Days and Hours",test,T03,"The days go Tuesday, Wednesday, Thursday, Friday. A visit is on Thursday. Which day is just before the visit?","{""A"": ""Tuesday"", ""B"": ""Friday"", ""C"": ""Wednesday""}",C,Wednesday is immediately before Thursday.,mcq,locate prior weekday,apply,,null,https://au.ixl.com/maths/year-1/read-a-calendar,https://www.qcaa.qld.edu.au/downloads/aciqv9/mathematics/curriculum/ac9_maths_yr1_as_cd_alignment.pdf,owner_requested_import
AC9M1M03,"Time: Years, Months, Weeks, Days and Hours",test,T04,"A calendar lists October, November, December. Which month comes between October and December?",{},November,November follows October and comes before December.,short_answer,complete month sequence,apply,Accept November.,null,https://au.ixl.com/maths/year-1/read-a-calendar,https://www.qcaa.qld.edu.au/downloads/aciqv9/mathematics/curriculum/ac9_maths_yr1_as_cd_alignment.pdf,owner_requested_import
AC9M1M03,"Time: Years, Months, Weeks, Days and Hours",test,T05,A game lasts 1 hour. A trip lasts 1 week. Which lasts less time?,"{""A"": ""They last the same time."", ""B"": ""The trip"", ""C"": ""The game""}",C,An hour is a shorter duration than a week.,mcq,compare event durations,apply,,null,https://au.ixl.com/maths/year-1/read-a-calendar,https://www.qcaa.qld.edu.au/downloads/aciqv9/mathematics/curriculum/ac9_maths_yr1_as_cd_alignment.pdf,owner_requested_import
AC9M1M03,"Time: Years, Months, Weeks, Days and Hours",test,T06,A child measures the wait from one birthday to the next in hours. Which unit would describe this wait more simply?,"{""A"": ""Years"", ""B"": ""Hours"", ""C"": ""Days""}",A,The wait from one birthday to the next is one year.,mcq,improve time-unit choice,reason,,null,https://au.ixl.com/maths/year-1/read-a-calendar,https://www.qcaa.qld.edu.au/downloads/aciqv9/mathematics/curriculum/ac9_maths_yr1_as_cd_alignment.pdf,owner_requested_import
AC9M1M03,"Time: Years, Months, Weeks, Days and Hours",test,T07,"Use this calendar row.
Monday: 15
Tuesday: 16
Wednesday: 17
Thursday: 18
Friday: 19
The trip is on Thursday. What is its date?","{""A"": ""The 18th"", ""B"": ""The 17th"", ""C"": ""The 19th""}",A,The Thursday column shows the date 18.,mcq,read date from calendar weekday,apply,,"{""type"": ""table"", ""headers"": [""Monday"", ""Tuesday"", ""Wednesday"", ""Thursday"", ""Friday""], ""rows"": [[""15"", ""16"", ""17"", ""18"", ""19""]]}",https://au.ixl.com/maths/year-1/read-a-calendar,https://www.qcaa.qld.edu.au/downloads/aciqv9/mathematics/curriculum/ac9_maths_yr1_as_cd_alignment.pdf,owner_requested_import
AC9M1M03,"Time: Years, Months, Weeks, Days and Hours",test,T08,"Put these durations in order from longest to shortest: 1 day, 1 year, 1 month.",{},"1 year, 1 month, 1 day","A year contains months, and a month contains days.",short_answer,order time units,apply,"Accept year, month, day in this order.",null,https://au.ixl.com/maths/year-1/read-a-calendar,https://www.qcaa.qld.edu.au/downloads/aciqv9/mathematics/curriculum/ac9_maths_yr1_as_cd_alignment.pdf,owner_requested_import
AC9M1M03,"Time: Years, Months, Weeks, Days and Hours",test,T09,Today is Saturday. Tomorrow is Sunday. When is Sunday?,"{""A"": ""The day before today"", ""B"": ""The day after today"", ""C"": ""Two weeks ago""}",B,Tomorrow means the next day.,mcq,interpret relative days,apply,,null,https://au.ixl.com/maths/year-1/read-a-calendar,https://www.qcaa.qld.edu.au/downloads/aciqv9/mathematics/curriculum/ac9_maths_yr1_as_cd_alignment.pdf,owner_requested_import
AC9M1M03,"Time: Years, Months, Weeks, Days and Hours",test,T10,A puppet show lasts 2 hours. A music show lasts 1 hour. Which statement is true?,"{""A"": ""The music show lasts longer."", ""B"": ""The shows last equally long."", ""C"": ""The puppet show lasts longer.""}",C,Two hours is a longer duration than one hour.,mcq,compare same-unit durations,apply,,null,https://au.ixl.com/maths/year-1/read-a-calendar,https://www.qcaa.qld.edu.au/downloads/aciqv9/mathematics/curriculum/ac9_maths_yr1_as_cd_alignment.pdf,owner_requested_import
AC9M1M03,"Time: Years, Months, Weeks, Days and Hours",test,T11,"The months go December, then January in the new year. Which month comes after December?","{""A"": ""November"", ""B"": ""October"", ""C"": ""January""}",C,The month sequence starts again with January after December.,mcq,month year rollover,apply,,null,https://au.ixl.com/maths/year-1/read-a-calendar,https://www.qcaa.qld.edu.au/downloads/aciqv9/mathematics/curriculum/ac9_maths_yr1_as_cd_alignment.pdf,owner_requested_import
AC9M1M03,"Time: Years, Months, Weeks, Days and Hours",test,T12,A club meets for 1 hour before lunch and 2 hours after lunch. Do not count lunchtime. How many hours does the club meet?,{},3 hours,One hour and two hours make three hours of club time.,short_answer,combine separate durations,apply,Accept 3 or three hours.,null,https://au.ixl.com/maths/year-1/read-a-calendar,https://www.qcaa.qld.edu.au/downloads/aciqv9/mathematics/curriculum/ac9_maths_yr1_as_cd_alignment.pdf,owner_requested_import
AC9M1M03,"Time: Years, Months, Weeks, Days and Hours",test,T13,A week has 7 days. A holiday lasts 7 days. A child calls this “one month”. Which name matches the duration?,"{""A"": ""One hour"", ""B"": ""One week"", ""C"": ""One year""}",B,Seven days make one week.,mcq,correct calendar duration label,reason,,null,https://au.ixl.com/maths/year-1/read-a-calendar,https://www.qcaa.qld.edu.au/downloads/aciqv9/mathematics/curriculum/ac9_maths_yr1_as_cd_alignment.pdf,owner_requested_import
AC9M1M03,"Time: Years, Months, Weeks, Days and Hours",test,T14,"The months go February, March, April. The sports day is in April. The picnic is in February. Which happens first?","{""A"": ""They happen in the same month."", ""B"": ""The picnic"", ""C"": ""The sports day""}",B,February comes before April.,mcq,order calendar events,apply,,null,https://au.ixl.com/maths/year-1/read-a-calendar,https://www.qcaa.qld.edu.au/downloads/aciqv9/mathematics/curriculum/ac9_maths_yr1_as_cd_alignment.pdf,owner_requested_import
AC9M1M03,"Time: Years, Months, Weeks, Days and Hours",test,T15,Which pair describes a shorter time followed by a longer time?,"{""A"": ""1 hour, then 1 day"", ""B"": ""1 year, then 1 month"", ""C"": ""1 week, then 1 day""}",A,One hour is shorter than one day. The other pairs go from longer to shorter.,mcq,identify increasing duration pair,reason,,null,https://au.ixl.com/maths/year-1/read-a-calendar,https://www.qcaa.qld.edu.au/downloads/aciqv9/mathematics/curriculum/ac9_maths_yr1_as_cd_alignment.pdf,owner_requested_import
AC9M1M03,"Time: Years, Months, Weeks, Days and Hours",test,T16,"Plan a usual school day with these events: go home after school, arrive at school, eat lunch at school. Write them in order.",{},"Arrive at school, eat lunch at school, go home after school","Arriving comes first, lunch is during school, and going home is after school.",short_answer,create daily sequence,create,"Accept arrive, lunch, go home in this order.",null,https://au.ixl.com/maths/year-1/read-a-calendar,https://www.qcaa.qld.edu.au/downloads/aciqv9/mathematics/curriculum/ac9_maths_yr1_as_cd_alignment.pdf,owner_requested_import
AC9M1SP01,Familiar Shapes and Objects,practice,P01,"Look at these shapes: A is a circle, B is a triangle and C is a rectangle. Which has three straight sides?","{""A"": ""C"", ""B"": ""B"", ""C"": ""A""}",B,A triangle has three straight sides and three corners.,mcq,identify from properties,recognise,,"{""type"": ""shapes"", ""items"": [{""label"": ""A"", ""shape"": ""circle""}, {""label"": ""B"", ""shape"": ""triangle""}, {""label"": ""C"", ""shape"": ""rectangle""}]}",https://au.ixl.com/maths/year-1/compare-shapes-using-attributes,https://www.qcaa.qld.edu.au/downloads/aciqv9/mathematics/curriculum/ac9_maths_yr1_as_cd_alignment.pdf,owner_requested_import
AC9M1SP01,Familiar Shapes and Objects,practice,P02,"A plate has a round, flat base. Which shape would you draw around its base?","{""A"": ""Rectangle"", ""B"": ""Triangle"", ""C"": ""Circle""}",C,The edge of a round plate makes a circle.,mcq,trace a familiar object,recognise,,null,https://au.ixl.com/maths/year-1/compare-shapes-using-attributes,https://www.qcaa.qld.edu.au/downloads/aciqv9/mathematics/curriculum/ac9_maths_yr1_as_cd_alignment.pdf,owner_requested_import
AC9M1SP01,Familiar Shapes and Objects,practice,P03,A square and a rectangle each have four straight sides. What else do they both have?,"{""A"": ""Four corners"", ""B"": ""A curved edge"", ""C"": ""Three corners""}",A,"Both shapes have four corners, even when their side lengths differ.",mcq,compare shared features,reason,,"{""type"": ""shapes"", ""items"": [{""label"": ""Square"", ""shape"": ""square""}, {""label"": ""Rectangle"", ""shape"": ""rectangle""}]}",https://au.ixl.com/maths/year-1/compare-shapes-using-attributes,https://www.qcaa.qld.edu.au/downloads/aciqv9/mathematics/curriculum/ac9_maths_yr1_as_cd_alignment.pdf,owner_requested_import
AC9M1SP01,Familiar Shapes and Objects,practice,P04,You have three straight sticks. Describe how to join them to make a triangle.,{},Join the sticks end to end in a closed shape with three corners.,A triangle is closed and has three straight sides.,short_answer,construct using materials,create,Accept words or a drawing showing three sticks joined into a closed triangle. Do not require the words end to end.,null,https://au.ixl.com/maths/year-1/compare-shapes-using-attributes,https://www.qcaa.qld.edu.au/downloads/aciqv9/mathematics/curriculum/ac9_maths_yr1_as_cd_alignment.pdf,owner_requested_import
AC9M1SP01,Familiar Shapes and Objects,practice,P05,"Sort these shapes: circle, triangle, rectangle, oval. Which pair belongs in the group with only curved edges?","{""A"": ""Circle and triangle"", ""B"": ""Circle and oval"", ""C"": ""Triangle and rectangle""}",B,Circles and ovals have curved edges and no corners.,mcq,classify by edge type,apply,,"{""type"": ""shapes"", ""items"": [{""label"": ""Circle"", ""shape"": ""circle""}, {""label"": ""Triangle"", ""shape"": ""triangle""}, {""label"": ""Rectangle"", ""shape"": ""rectangle""}, {""label"": ""Oval"", ""shape"": ""oval""}]}",https://au.ixl.com/maths/year-1/compare-shapes-using-attributes,https://www.qcaa.qld.edu.au/downloads/aciqv9/mathematics/curriculum/ac9_maths_yr1_as_cd_alignment.pdf,owner_requested_import
AC9M1SP01,Familiar Shapes and Objects,practice,P06,A book cover is a rectangle. Which shape card has the same shape as the cover?,"{""A"": ""B: rectangle"", ""B"": ""C: triangle"", ""C"": ""A: circle""}",A,The rectangle card matches the rectangular book cover.,mcq,connect an object and a shape,recognise,,"{""type"": ""shapes"", ""items"": [{""label"": ""A"", ""shape"": ""circle""}, {""label"": ""B"", ""shape"": ""rectangle""}, {""label"": ""C"", ""shape"": ""triangle""}]}",https://au.ixl.com/maths/year-1/compare-shapes-using-attributes,https://www.qcaa.qld.edu.au/downloads/aciqv9/mathematics/curriculum/ac9_maths_yr1_as_cd_alignment.pdf,owner_requested_import
AC9M1SP01,Familiar Shapes and Objects,practice,P07,Three sticks make the bottom and two sides of a shape. Its top is open. What must you do to make a closed four-sided shape?,"{""A"": ""Bend the bottom stick"", ""B"": ""Take away the bottom stick"", ""C"": ""Add a stick across the top""}",C,Closing the gap adds a fourth side and makes a closed shape.,mcq,complete an open construction,reason,,null,https://au.ixl.com/maths/year-1/compare-shapes-using-attributes,https://www.qcaa.qld.edu.au/downloads/aciqv9/mathematics/curriculum/ac9_maths_yr1_as_cd_alignment.pdf,owner_requested_import
AC9M1SP01,Familiar Shapes and Objects,practice,P08,"A group is labelled ""four straight sides"". Name two familiar shapes that belong in it.",{},Square and rectangle.,Squares and rectangles each have four straight sides.,short_answer,supply members of a class,create,"Accept any two distinct familiar four-sided shapes, or matching drawings. A rotated square is not a second shape type.",null,https://au.ixl.com/maths/year-1/compare-shapes-using-attributes,https://www.qcaa.qld.edu.au/downloads/aciqv9/mathematics/curriculum/ac9_maths_yr1_as_cd_alignment.pdf,owner_requested_import
AC9M1SP01,Familiar Shapes and Objects,practice,P09,You turn a triangle card so that one corner points down. What shape is it now?,"{""A"": ""Circle"", ""B"": ""Triangle"", ""C"": ""Rectangle""}",B,Turning a shape does not change its three sides or three corners.,mcq,recognise a turned shape,reason,,null,https://au.ixl.com/maths/year-1/compare-shapes-using-attributes,https://www.qcaa.qld.edu.au/downloads/aciqv9/mathematics/curriculum/ac9_maths_yr1_as_cd_alignment.pdf,owner_requested_import
AC9M1SP01,Familiar Shapes and Objects,practice,P10,A square paper tile is cut from one corner straight to the opposite corner. What two pieces does it make?,"{""A"": ""Two squares"", ""B"": ""Two circles"", ""C"": ""Two triangles""}",C,"Each piece has three straight sides, so each is a triangle.",mcq,decompose a shape,apply,,null,https://au.ixl.com/maths/year-1/compare-shapes-using-attributes,https://www.qcaa.qld.edu.au/downloads/aciqv9/mathematics/curriculum/ac9_maths_yr1_as_cd_alignment.pdf,owner_requested_import
AC9M1SP01,Familiar Shapes and Objects,practice,P11,Two same-sized square tiles touch along one whole side in a straight row. What is the outside shape?,"{""A"": ""Circle"", ""B"": ""Rectangle"", ""C"": ""Triangle""}",B,The two squares together make a longer shape with four straight sides and four corners.,mcq,compose a shape,apply,,"{""type"": ""tiles"", ""rows"": [[""Square"", ""Square""]], ""caption"": ""Two equal square tiles share one whole side.""}",https://au.ixl.com/maths/year-1/compare-shapes-using-attributes,https://www.qcaa.qld.edu.au/downloads/aciqv9/mathematics/curriculum/ac9_maths_yr1_as_cd_alignment.pdf,owner_requested_import
AC9M1SP01,Familiar Shapes and Objects,practice,P12,Draw one shape with a curved edge and one shape with only straight sides. Name your shapes.,{},For example: a circle and a triangle.,A circle has a curved edge. A triangle has only straight sides.,short_answer,make contrasting shapes,create,"Accept a curved familiar shape and a straight-sided familiar shape, accurately drawn and named.",null,https://au.ixl.com/maths/year-1/compare-shapes-using-attributes,https://www.qcaa.qld.edu.au/downloads/aciqv9/mathematics/curriculum/ac9_maths_yr1_as_cd_alignment.pdf,owner_requested_import
AC9M1SP01,Familiar Shapes and Objects,practice,P13,Which pair could you group together because their flat faces are circles?,"{""A"": ""A round coin and a round tin lid"", ""B"": ""A book cover and a round coin"", ""C"": ""A triangle sign and a tin lid""}",A,A round coin and a round lid both have circular flat faces.,mcq,classify environmental shapes,apply,,null,https://au.ixl.com/maths/year-1/compare-shapes-using-attributes,https://www.qcaa.qld.edu.au/downloads/aciqv9/mathematics/curriculum/ac9_maths_yr1_as_cd_alignment.pdf,owner_requested_import
AC9M1SP01,Familiar Shapes and Objects,practice,P14,A toy ball and a small cardboard box are on a mat. Which statement describes a difference?,"{""A"": ""The ball has a curved surface; the box has flat faces"", ""B"": ""Neither has a flat face"", ""C"": ""Both have only curved surfaces""}",A,A ball is curved all around. An ordinary cardboard box has flat faces.,mcq,compare familiar objects,reason,,null,https://au.ixl.com/maths/year-1/compare-shapes-using-attributes,https://www.qcaa.qld.edu.au/downloads/aciqv9/mathematics/curriculum/ac9_maths_yr1_as_cd_alignment.pdf,owner_requested_import
AC9M1SP01,Familiar Shapes and Objects,practice,P15,"A group is labelled ""no corners"". It contains a circle, an oval and a square. Which shape must move out?","{""A"": ""Oval"", ""B"": ""Circle"", ""C"": ""Square""}",C,"The square has four corners, so it does not fit the rule.",mcq,repair a classification,reason,,"{""type"": ""shapes"", ""items"": [{""label"": ""Circle"", ""shape"": ""circle""}, {""label"": ""Oval"", ""shape"": ""oval""}, {""label"": ""Square"", ""shape"": ""square""}]}",https://au.ixl.com/maths/year-1/compare-shapes-using-attributes,https://www.qcaa.qld.edu.au/downloads/aciqv9/mathematics/curriculum/ac9_maths_yr1_as_cd_alignment.pdf,owner_requested_import
AC9M1SP01,Familiar Shapes and Objects,practice,P16,You want to print a circle using paint. Name a familiar object with a flat circular part you could press on the paper.,{},A round jar lid.,A flat circular part leaves a circle-shaped print.,short_answer,choose a making tool,apply,"Accept a round lid, round coin, circular base of a cup or similar appropriate object. A ball alone is not a flat circular face.",null,https://au.ixl.com/maths/year-1/compare-shapes-using-attributes,https://www.qcaa.qld.edu.au/downloads/aciqv9/mathematics/curriculum/ac9_maths_yr1_as_cd_alignment.pdf,owner_requested_import
AC9M1SP01,Familiar Shapes and Objects,practice,P17,A large triangle and a small triangle are in the same group. Why do both fit?,"{""A"": ""Both have three straight sides"", ""B"": ""Both have four corners"", ""C"": ""Both must be the same size""}",A,Triangles can have different sizes and still have three straight sides.,mcq,classify across sizes,reason,,null,https://au.ixl.com/maths/year-1/compare-shapes-using-attributes,https://www.qcaa.qld.edu.au/downloads/aciqv9/mathematics/curriculum/ac9_maths_yr1_as_cd_alignment.pdf,owner_requested_import
AC9M1SP01,Familiar Shapes and Objects,practice,P18,A house picture has a square wall and a roof made with three straight sides. Which shape is the roof?,"{""A"": ""Oval"", ""B"": ""Triangle"", ""C"": ""Circle""}",B,A closed shape with three straight sides is a triangle.,mcq,identify a component shape,apply,,null,https://au.ixl.com/maths/year-1/compare-shapes-using-attributes,https://www.qcaa.qld.edu.au/downloads/aciqv9/mathematics/curriculum/ac9_maths_yr1_as_cd_alignment.pdf,owner_requested_import
AC9M1SP01,Familiar Shapes and Objects,practice,P19,Which material is most useful for making the curved edge of a circle on a table?,"{""A"": ""Three short straight sticks"", ""B"": ""A bendy piece of string"", ""C"": ""One square tile""}",B,String can bend around into a closed curved edge.,mcq,select construction materials,reason,,null,https://au.ixl.com/maths/year-1/compare-shapes-using-attributes,https://www.qcaa.qld.edu.au/downloads/aciqv9/mathematics/curriculum/ac9_maths_yr1_as_cd_alignment.pdf,owner_requested_import
AC9M1SP01,Familiar Shapes and Objects,practice,P20,A lunchbox lid is a rectangle. A round coaster is a circle. Tell one way their shapes are different.,{},The rectangle has straight sides and corners; the circle has a curved edge and no corners.,Comparing edges or corners helps describe how the shapes differ.,short_answer,explain an environmental comparison,reason,Accept one accurate contrast about straight/curved edges or corners.,null,https://au.ixl.com/maths/year-1/compare-shapes-using-attributes,https://www.qcaa.qld.edu.au/downloads/aciqv9/mathematics/curriculum/ac9_maths_yr1_as_cd_alignment.pdf,owner_requested_import
AC9M1SP01,Familiar Shapes and Objects,practice,P21,A circle and a triangle are placed in a group. Which rule fits both shapes?,"{""A"": ""Shapes with only straight sides"", ""B"": ""Shapes with four corners"", ""C"": ""Closed shapes""}",C,Both shapes have edges that join all the way around with no gap.,mcq,choose a shared sorting rule,reason,,"{""type"": ""shapes"", ""items"": [{""label"": ""Circle"", ""shape"": ""circle""}, {""label"": ""Triangle"", ""shape"": ""triangle""}]}",https://au.ixl.com/maths/year-1/compare-shapes-using-attributes,https://www.qcaa.qld.edu.au/downloads/aciqv9/mathematics/curriculum/ac9_maths_yr1_as_cd_alignment.pdf,owner_requested_import
AC9M1SP01,Familiar Shapes and Objects,practice,P22,Two identical triangular halves of a square are put back together along their cut edges. What shape do they make?,"{""A"": ""Circle"", ""B"": ""Oval"", ""C"": ""Square""}",C,Putting the two halves back along the cut restores the original square.,mcq,reassemble a shape,apply,,null,https://au.ixl.com/maths/year-1/compare-shapes-using-attributes,https://www.qcaa.qld.edu.au/downloads/aciqv9/mathematics/curriculum/ac9_maths_yr1_as_cd_alignment.pdf,owner_requested_import
AC9M1SP01,Familiar Shapes and Objects,practice,P23,"A shape group contains a triangle and a square. Its rule is ""only straight sides"". Which shape can join?","{""A"": ""Rectangle"", ""B"": ""Oval"", ""C"": ""Circle""}",A,"A rectangle has only straight sides, so it follows the rule.",mcq,extend a classified group,apply,,"{""type"": ""shapes"", ""items"": [{""label"": ""Triangle"", ""shape"": ""triangle""}, {""label"": ""Square"", ""shape"": ""square""}, {""label"": ""Rectangle"", ""shape"": ""rectangle""}, {""label"": ""Circle"", ""shape"": ""circle""}, {""label"": ""Oval"", ""shape"": ""oval""}]}",https://au.ixl.com/maths/year-1/compare-shapes-using-attributes,https://www.qcaa.qld.edu.au/downloads/aciqv9/mathematics/curriculum/ac9_maths_yr1_as_cd_alignment.pdf,owner_requested_import
AC9M1SP01,Familiar Shapes and Objects,practice,P24,Make a picture using one circle and one rectangle. Tell what each shape represents.,{},For example: a circle flower head and a rectangle stem.,Familiar shapes can be combined to represent parts of an object.,short_answer,create a shape picture,create,Accept any sensible picture or description that uses both shapes and identifies their parts.,null,https://au.ixl.com/maths/year-1/compare-shapes-using-attributes,https://www.qcaa.qld.edu.au/downloads/aciqv9/mathematics/curriculum/ac9_maths_yr1_as_cd_alignment.pdf,owner_requested_import
AC9M1SP01,Familiar Shapes and Objects,test,T01,A tile has four equal straight sides and four square corners. What shape is it?,"{""A"": ""Triangle"", ""B"": ""Circle"", ""C"": ""Square""}",C,A square has four equal straight sides and four square corners.,mcq,identify from properties,recognise,,null,https://au.ixl.com/maths/year-1/compare-shapes-using-attributes,https://www.qcaa.qld.edu.au/downloads/aciqv9/mathematics/curriculum/ac9_maths_yr1_as_cd_alignment.pdf,owner_requested_import
AC9M1SP01,Familiar Shapes and Objects,test,T02,You draw around the flat base of a round cup. Which shape appears on the paper?,"{""A"": ""Circle"", ""B"": ""Triangle"", ""C"": ""Rectangle""}",A,The circular base makes a circle when traced.,mcq,trace a familiar object,apply,,null,https://au.ixl.com/maths/year-1/compare-shapes-using-attributes,https://www.qcaa.qld.edu.au/downloads/aciqv9/mathematics/curriculum/ac9_maths_yr1_as_cd_alignment.pdf,owner_requested_import
AC9M1SP01,Familiar Shapes and Objects,test,T03,Which pair has the same number of corners?,"{""A"": ""Triangle and rectangle"", ""B"": ""Square and rectangle"", ""C"": ""Circle and triangle""}",B,Squares and rectangles both have four corners.,mcq,compare shared features,reason,,"{""type"": ""shapes"", ""items"": [{""label"": ""Square"", ""shape"": ""square""}, {""label"": ""Rectangle"", ""shape"": ""rectangle""}, {""label"": ""Circle"", ""shape"": ""circle""}, {""label"": ""Triangle"", ""shape"": ""triangle""}]}",https://au.ixl.com/maths/year-1/compare-shapes-using-attributes,https://www.qcaa.qld.edu.au/downloads/aciqv9/mathematics/curriculum/ac9_maths_yr1_as_cd_alignment.pdf,owner_requested_import
AC9M1SP01,Familiar Shapes and Objects,test,T04,Use four straight sticks to make a closed shape. Draw it and name it.,{},For example: a rectangle.,Four sticks can join end to end to make a closed four-sided shape.,short_answer,construct using materials,create,"Accept a square, rectangle or other correctly named four-sided shape drawn with four straight sides.",null,https://au.ixl.com/maths/year-1/compare-shapes-using-attributes,https://www.qcaa.qld.edu.au/downloads/aciqv9/mathematics/curriculum/ac9_maths_yr1_as_cd_alignment.pdf,owner_requested_import
AC9M1SP01,Familiar Shapes and Objects,test,T05,"A sorting group is labelled ""has corners"". Which shape belongs?","{""A"": ""Triangle"", ""B"": ""Oval"", ""C"": ""Circle""}",A,The triangle has three corners. The circle and oval have none.,mcq,classify by corners,apply,,"{""type"": ""shapes"", ""items"": [{""label"": ""Oval"", ""shape"": ""oval""}, {""label"": ""Triangle"", ""shape"": ""triangle""}, {""label"": ""Circle"", ""shape"": ""circle""}]}",https://au.ixl.com/maths/year-1/compare-shapes-using-attributes,https://www.qcaa.qld.edu.au/downloads/aciqv9/mathematics/curriculum/ac9_maths_yr1_as_cd_alignment.pdf,owner_requested_import
AC9M1SP01,Familiar Shapes and Objects,test,T06,You turn a square card onto a different corner. Which feature stays the same?,"{""A"": ""It becomes a circle"", ""B"": ""It has four straight sides"", ""C"": ""It loses one corner""}",B,"Turning a square changes its position, not its sides or corners.",mcq,recognise a turned shape,reason,,null,https://au.ixl.com/maths/year-1/compare-shapes-using-attributes,https://www.qcaa.qld.edu.au/downloads/aciqv9/mathematics/curriculum/ac9_maths_yr1_as_cd_alignment.pdf,owner_requested_import
AC9M1SP01,Familiar Shapes and Objects,test,T07,A round orange and a cereal box are on a shelf. Which has large flat faces?,"{""A"": ""Cereal box"", ""B"": ""Orange"", ""C"": ""Both""}",A,A cereal box has flat faces. A round orange has a curved surface.,mcq,compare familiar objects,recognise,,null,https://au.ixl.com/maths/year-1/compare-shapes-using-attributes,https://www.qcaa.qld.edu.au/downloads/aciqv9/mathematics/curriculum/ac9_maths_yr1_as_cd_alignment.pdf,owner_requested_import
AC9M1SP01,Familiar Shapes and Objects,test,T08,Name one object around you with a triangular part. Tell which part is triangular.,{},For example: a toy house with a triangular roof.,Shapes can be recognised in parts of familiar objects.,short_answer,find an environmental connection,apply,"Accept any plausible object with a specifically identified triangular part, including a suitable drawing.",null,https://au.ixl.com/maths/year-1/compare-shapes-using-attributes,https://www.qcaa.qld.edu.au/downloads/aciqv9/mathematics/curriculum/ac9_maths_yr1_as_cd_alignment.pdf,owner_requested_import
AC9M1SP01,Familiar Shapes and Objects,test,T09,A whole square is made from two triangular paper pieces. One piece is taken away. What shape is the piece that remains?,"{""A"": ""Rectangle"", ""B"": ""Circle"", ""C"": ""Triangle""}",C,"The whole square was made from two triangles, so one triangle remains.",mcq,decompose a shape,apply,,null,https://au.ixl.com/maths/year-1/compare-shapes-using-attributes,https://www.qcaa.qld.edu.au/downloads/aciqv9/mathematics/curriculum/ac9_maths_yr1_as_cd_alignment.pdf,owner_requested_import
AC9M1SP01,Familiar Shapes and Objects,test,T10,"A child sorts a large circle, a small circle and an oval together. Which rule fits all three?","{""A"": ""Same size"", ""B"": ""Four sides"", ""C"": ""No corners""}",C,"Circles and ovals have no corners, even when they are different sizes.",mcq,choose a shared sorting rule,reason,,null,https://au.ixl.com/maths/year-1/compare-shapes-using-attributes,https://www.qcaa.qld.edu.au/downloads/aciqv9/mathematics/curriculum/ac9_maths_yr1_as_cd_alignment.pdf,owner_requested_import
AC9M1SP01,Familiar Shapes and Objects,test,T11,Which flat shape is a useful match for an ordinary classroom door?,"{""A"": ""Circle"", ""B"": ""Rectangle"", ""C"": ""Triangle""}",B,An ordinary door has a rectangular face with four corners.,mcq,connect an object and a shape,recognise,,null,https://au.ixl.com/maths/year-1/compare-shapes-using-attributes,https://www.qcaa.qld.edu.au/downloads/aciqv9/mathematics/curriculum/ac9_maths_yr1_as_cd_alignment.pdf,owner_requested_import
AC9M1SP01,Familiar Shapes and Objects,test,T12,"A group labelled ""three straight sides"" contains a triangle and a square. What should you change, and why?",{},Remove the square because it has four straight sides.,Only the triangle follows the three-sided rule.,short_answer,repair a classification,reason,Accept removing or moving the square with a clear reference to its four sides or failure to have three.,null,https://au.ixl.com/maths/year-1/compare-shapes-using-attributes,https://www.qcaa.qld.edu.au/downloads/aciqv9/mathematics/curriculum/ac9_maths_yr1_as_cd_alignment.pdf,owner_requested_import
AC9M1SP01,Familiar Shapes and Objects,test,T13,"A rectangle picture is cut straight across the middle, making a top piece and a bottom piece. Both pieces have four straight sides and four square corners. What shapes are they?","{""A"": ""Triangles"", ""B"": ""Rectangles"", ""C"": ""Circles""}",B,The straight cut leaves two rectangular pieces.,mcq,reason about a straight cut,apply,,null,https://au.ixl.com/maths/year-1/compare-shapes-using-attributes,https://www.qcaa.qld.edu.au/downloads/aciqv9/mathematics/curriculum/ac9_maths_yr1_as_cd_alignment.pdf,owner_requested_import
AC9M1SP01,Familiar Shapes and Objects,test,T14,You need a flat circle-shaped part to stamp a dot onto paper. Which would work best?,"{""A"": ""The corner of a book"", ""B"": ""The point of a triangular block"", ""C"": ""The flat end of a round cork""}",C,A round cork has a flat circular end that can leave a circular print.,mcq,choose a making tool,apply,,null,https://au.ixl.com/maths/year-1/compare-shapes-using-attributes,https://www.qcaa.qld.edu.au/downloads/aciqv9/mathematics/curriculum/ac9_maths_yr1_as_cd_alignment.pdf,owner_requested_import
AC9M1SP01,Familiar Shapes and Objects,test,T15,Two equal square tiles share one full side. Which statement about their joined outside edge is true?,"{""A"": ""It has four corners"", ""B"": ""It has a curved edge"", ""C"": ""It has only three corners""}",A,"Joining the tiles makes a rectangle, whose outside edge has four corners.",mcq,compose a shape,reason,,"{""type"": ""tiles"", ""rows"": [[""Square"", ""Square""]], ""caption"": ""Equal square tiles touch along one whole side.""}",https://au.ixl.com/maths/year-1/compare-shapes-using-attributes,https://www.qcaa.qld.edu.au/downloads/aciqv9/mathematics/curriculum/ac9_maths_yr1_as_cd_alignment.pdf,owner_requested_import
AC9M1SP01,Familiar Shapes and Objects,test,T16,Draw a simple vehicle using circles and a rectangle. Label one circle and the rectangle.,{},For example: a rectangle car body with two circle wheels.,"Circles can represent wheels, and a rectangle can represent a vehicle body.",short_answer,create a shape picture,create,"Accept a sensible vehicle picture using both shape types, correctly labelled.",null,https://au.ixl.com/maths/year-1/compare-shapes-using-attributes,https://www.qcaa.qld.edu.au/downloads/aciqv9/mathematics/curriculum/ac9_maths_yr1_as_cd_alignment.pdf,owner_requested_import
AC9M1SP02,Directions and Location,practice,P01,"On a shelf, the objects are in this order from left to right: cup, book, toy. Which object is immediately left of the book?","{""A"": ""Cup"", ""B"": ""Toy"", ""C"": ""Book""}",A,The cup is next to the book on its left.,mcq,locate relative to an object,recognise,,"{""type"": ""table"", ""headers"": [""Left"", ""Middle"", ""Right""], ""rows"": [[""Cup"", ""Book"", ""Toy""]]}",https://au.ixl.com/maths/year-1/location-in-a-grid,https://www.qcaa.qld.edu.au/downloads/aciqv9/mathematics/curriculum/ac9_maths_yr1_as_cd_alignment.pdf,owner_requested_import
AC9M1SP02,Directions and Location,practice,P02,A picture has a star above a moon. Move the star below the moon. Where should the star finish?,"{""A"": ""Below the moon"", ""B"": ""Above the moon"", ""C"": ""On the moon""}",A,The direction says to place the star underneath the moon.,mcq,follow a placement instruction,apply,,null,https://au.ixl.com/maths/year-1/location-in-a-grid,https://www.qcaa.qld.edu.au/downloads/aciqv9/mathematics/curriculum/ac9_maths_yr1_as_cd_alignment.pdf,owner_requested_import
AC9M1SP02,Directions and Location,practice,P03,"Each row is listed from left to right. Each move goes to the next square. Up, down, left and right mean directions on the page.
Row: Tree, Bench, Pond.
Start at the tree. Move right twice. Where do you finish?","{""A"": ""Bench"", ""B"": ""Pond"", ""C"": ""Tree""}",B,The first move reaches the bench. The second reaches the pond.,mcq,follow straight movement,apply,,"{""type"": ""grid"", ""rows"": [[""Tree"", ""Bench"", ""Pond""]], ""caption"": ""Directions follow the page. Each move goes one square.""}",https://au.ixl.com/maths/year-1/location-in-a-grid,https://www.qcaa.qld.edu.au/downloads/aciqv9/mathematics/curriculum/ac9_maths_yr1_as_cd_alignment.pdf,owner_requested_import
AC9M1SP02,Directions and Location,practice,P04,A pencil is on the table. Give one clear direction to put it under the table.,{},Move the pencil under the table.,A direction needs to say what to move and where it should go.,short_answer,give a placement instruction,create,Accept a clear instruction that moves the pencil under or beneath the table.,null,https://au.ixl.com/maths/year-1/location-in-a-grid,https://www.qcaa.qld.edu.au/downloads/aciqv9/mathematics/curriculum/ac9_maths_yr1_as_cd_alignment.pdf,owner_requested_import
AC9M1SP02,Directions and Location,practice,P05,"Each row is listed from left to right. Each move goes to the next square. Up, down, left and right mean directions on the page.
Top row: Sun, Star.
Bottom row: Moon, Cloud.
Start at the star. Move down once. Where do you finish?","{""A"": ""Cloud"", ""B"": ""Moon"", ""C"": ""Sun""}",A,The cloud is one square directly below the star.,mcq,follow vertical movement,apply,,"{""type"": ""grid"", ""rows"": [[""Sun"", ""Star""], [""Moon"", ""Cloud""]], ""caption"": ""Directions follow the page. Each move goes one square.""}",https://au.ixl.com/maths/year-1/location-in-a-grid,https://www.qcaa.qld.edu.au/downloads/aciqv9/mathematics/curriculum/ac9_maths_yr1_as_cd_alignment.pdf,owner_requested_import
AC9M1SP02,Directions and Location,practice,P06,"Each row is listed from left to right. Each move goes to the next square. Up, down, left and right mean directions on the page.
Top row: Gate, Tree, Pond.
Bottom row: Seat, Flag, Sand.
Start at the seat. Move right, then up. Where do you finish?","{""A"": ""Flag"", ""B"": ""Gate"", ""C"": ""Tree""}",C,Right reaches the flag. Up from the flag reaches the tree.,mcq,follow a two-direction route,apply,,"{""type"": ""grid"", ""rows"": [[""Gate"", ""Tree"", ""Pond""], [""Seat"", ""Flag"", ""Sand""]], ""caption"": ""Directions follow the page. Each move goes one square.""}",https://au.ixl.com/maths/year-1/location-in-a-grid,https://www.qcaa.qld.edu.au/downloads/aciqv9/mathematics/curriculum/ac9_maths_yr1_as_cd_alignment.pdf,owner_requested_import
AC9M1SP02,Directions and Location,practice,P07,Three mats touch side by side in a row. The red mat is between the striped mat and the dotted mat. Which mat touches a neighbour on both sides?,"{""A"": ""Dotted mat"", ""B"": ""Striped mat"", ""C"": ""Red mat""}",C,The mat in the middle has one neighbour on each side.,mcq,use a between clue,reason,,null,https://au.ixl.com/maths/year-1/location-in-a-grid,https://www.qcaa.qld.edu.au/downloads/aciqv9/mathematics/curriculum/ac9_maths_yr1_as_cd_alignment.pdf,owner_requested_import
AC9M1SP02,Directions and Location,practice,P08,"Each row is listed from left to right. Each move goes to the next square. Up, down, left and right mean directions on the page.
Row: Kite, Ball, Drum.
Start at the ball. Give one move to reach the drum.",{},Move right once.,The drum is in the next square to the right of the ball.,short_answer,give a one-step route,create,Accept right or one square right.,"{""type"": ""grid"", ""rows"": [[""Kite"", ""Ball"", ""Drum""]], ""caption"": ""Directions follow the page. Each move goes one square.""}",https://au.ixl.com/maths/year-1/location-in-a-grid,https://www.qcaa.qld.edu.au/downloads/aciqv9/mathematics/curriculum/ac9_maths_yr1_as_cd_alignment.pdf,owner_requested_import
AC9M1SP02,Directions and Location,practice,P09,"Each row is listed from left to right. Each move goes to the next square. Up, down, left and right mean directions on the page.
Top row: Gate, Tree.
Bottom row: Pond, Bench.
Start at the gate. Which directions reach the bench?","{""A"": ""Right, then up"", ""B"": ""Right, then down"", ""C"": ""Left, then down""}",B,"Right reaches the tree, then down reaches the bench.",mcq,choose a route,apply,,"{""type"": ""grid"", ""rows"": [[""Gate"", ""Tree""], [""Pond"", ""Bench""]], ""caption"": ""Directions follow the page. Each move goes one square.""}",https://au.ixl.com/maths/year-1/location-in-a-grid,https://www.qcaa.qld.edu.au/downloads/aciqv9/mathematics/curriculum/ac9_maths_yr1_as_cd_alignment.pdf,owner_requested_import
AC9M1SP02,Directions and Location,practice,P10,"A toy car faces the top of the page. Turn it right, without moving it. Which way does it now face?","{""A"": ""Bottom of the page"", ""B"": ""Left side of the page"", ""C"": ""Right side of the page""}",C,A right turn from facing up points the car toward the right side.,mcq,follow a turn,apply,,null,https://au.ixl.com/maths/year-1/location-in-a-grid,https://www.qcaa.qld.edu.au/downloads/aciqv9/mathematics/curriculum/ac9_maths_yr1_as_cd_alignment.pdf,owner_requested_import
AC9M1SP02,Directions and Location,practice,P11,"Each row is listed from left to right. Each move goes to the next square. Up, down, left and right mean directions on the page.
Row: Start, Leaf, Bell.
A toy moves from Start to the bell by moving right twice. Which directions take it straight back to Start?","{""A"": ""Down twice"", ""B"": ""Right twice"", ""C"": ""Left twice""}",C,"To retrace the row, move left from bell to leaf and then to Start.",mcq,reverse a route,reason,,"{""type"": ""grid"", ""rows"": [[""Start"", ""Leaf"", ""Bell""]], ""caption"": ""Directions follow the page. Each move goes one square.""}",https://au.ixl.com/maths/year-1/location-in-a-grid,https://www.qcaa.qld.edu.au/downloads/aciqv9/mathematics/curriculum/ac9_maths_yr1_as_cd_alignment.pdf,owner_requested_import
AC9M1SP02,Directions and Location,practice,P12,"Each row is listed from left to right. Each move goes to the next square. Up, down, left and right mean directions on the page.
Top row: Home, Tree, Gate.
Bottom row: Pond, Flower, Bench.
Start at Home. Give directions to reach the flower in two moves.",{},"Move right, then down.",The flower is one square right and one square down from Home.,short_answer,give a two-step route,create,"Accept right then down, or down then right.","{""type"": ""grid"", ""rows"": [[""Home"", ""Tree"", ""Gate""], [""Pond"", ""Flower"", ""Bench""]], ""caption"": ""Directions follow the page. Each move goes one square.""}",https://au.ixl.com/maths/year-1/location-in-a-grid,https://www.qcaa.qld.edu.au/downloads/aciqv9/mathematics/curriculum/ac9_maths_yr1_as_cd_alignment.pdf,owner_requested_import
AC9M1SP02,Directions and Location,practice,P13,"Each row is listed from left to right. Each move goes to the next square. Up, down, left and right mean directions on the page.
Top row: Gate, Rock, Tree.
Bottom row: Pond, Bench, Sand.
Start at the gate. The rock square is blocked. Which route reaches the bench without using the rock?","{""A"": ""Right, then down"", ""B"": ""Down, then right"", ""C"": ""Down, then left""}",B,Down reaches the pond. Right then reaches the bench without crossing the rock.,mcq,route around an obstacle,reason,,"{""type"": ""grid"", ""rows"": [[""Gate"", ""Rock"", ""Tree""], [""Pond"", ""Bench"", ""Sand""]], ""caption"": ""Directions follow the page. Each move goes one square.""}",https://au.ixl.com/maths/year-1/location-in-a-grid,https://www.qcaa.qld.edu.au/downloads/aciqv9/mathematics/curriculum/ac9_maths_yr1_as_cd_alignment.pdf,owner_requested_import
AC9M1SP02,Directions and Location,practice,P14,Two cushions are beside each other. Put a teddy between them. Which action follows the direction?,"{""A"": ""Place the teddy above both cushions"", ""B"": ""Place the teddy in the gap between the cushions"", ""C"": ""Place the teddy under both cushions""}",B,Between means in the space separating the two cushions.,mcq,follow an object-position instruction,apply,,null,https://au.ixl.com/maths/year-1/location-in-a-grid,https://www.qcaa.qld.edu.au/downloads/aciqv9/mathematics/curriculum/ac9_maths_yr1_as_cd_alignment.pdf,owner_requested_import
AC9M1SP02,Directions and Location,practice,P15,"Each row is listed from left to right. Each move goes to the next square. Up, down, left and right mean directions on the page.
Top row: A, B, C.
Bottom row: D, E, F.
A counter starts at E. It moves up, then right. Which letter does it reach?","{""A"": ""C"", ""B"": ""B"", ""C"": ""F""}",A,Up from E reaches B. Right from B reaches C.,mcq,follow a symbolic route,apply,,"{""type"": ""grid"", ""rows"": [[""A"", ""B"", ""C""], [""D"", ""E"", ""F""]], ""caption"": ""Directions follow the page. Each move goes one square.""}",https://au.ixl.com/maths/year-1/location-in-a-grid,https://www.qcaa.qld.edu.au/downloads/aciqv9/mathematics/curriculum/ac9_maths_yr1_as_cd_alignment.pdf,owner_requested_import
AC9M1SP02,Directions and Location,practice,P16,"Each row is listed from left to right. Each move goes to the next square. Up, down, left and right mean directions on the page.
Top row: Cup, Pen.
Bottom row: Book, Bell.
Start at the cup. A direction says ""down, then right"". Name the two places you visit in order.",{},"Book, then Bell.",The first move reaches the book. The second reaches the bell.,short_answer,track intermediate locations,apply,"Accept book then bell, in that order.","{""type"": ""grid"", ""rows"": [[""Cup"", ""Pen""], [""Book"", ""Bell""]], ""caption"": ""Directions follow the page. Each move goes one square.""}",https://au.ixl.com/maths/year-1/location-in-a-grid,https://www.qcaa.qld.edu.au/downloads/aciqv9/mathematics/curriculum/ac9_maths_yr1_as_cd_alignment.pdf,owner_requested_import
AC9M1SP02,Directions and Location,practice,P17,"Each row is listed from left to right. Each move goes to the next square. Up, down, left and right mean directions on the page.
Row: Gate, Tree, Pond.
To go from the gate to the pond, a child writes ""right once"". What is missing?","{""A"": ""One move down"", ""B"": ""One move left"", ""C"": ""One more move right""}",C,One right move stops at the tree. A second right move reaches the pond.,mcq,repair an incomplete route,reason,,"{""type"": ""grid"", ""rows"": [[""Gate"", ""Tree"", ""Pond""]], ""caption"": ""Directions follow the page. Each move goes one square.""}",https://au.ixl.com/maths/year-1/location-in-a-grid,https://www.qcaa.qld.edu.au/downloads/aciqv9/mathematics/curriculum/ac9_maths_yr1_as_cd_alignment.pdf,owner_requested_import
AC9M1SP02,Directions and Location,practice,P18,"Each row is listed from left to right. Each move goes to the next square. Up, down, left and right mean directions on the page.
Top row: Apple, Pear.
Bottom row: Plum, Grape.
Start at the grape. Which move takes you to the pear?","{""A"": ""Up"", ""B"": ""Down"", ""C"": ""Left""}",A,The pear is directly above the grape.,mcq,choose a movement direction,apply,,"{""type"": ""grid"", ""rows"": [[""Apple"", ""Pear""], [""Plum"", ""Grape""]], ""caption"": ""Directions follow the page. Each move goes one square.""}",https://au.ixl.com/maths/year-1/location-in-a-grid,https://www.qcaa.qld.edu.au/downloads/aciqv9/mathematics/curriculum/ac9_maths_yr1_as_cd_alignment.pdf,owner_requested_import
AC9M1SP02,Directions and Location,practice,P19,A robot faces the right side of the page. It turns around to face the opposite way. Which way does it now face?,"{""A"": ""Top"", ""B"": ""Left side"", ""C"": ""Bottom""}",B,Turning around makes the robot face the opposite direction.,mcq,follow a half turn,apply,,null,https://au.ixl.com/maths/year-1/location-in-a-grid,https://www.qcaa.qld.edu.au/downloads/aciqv9/mathematics/curriculum/ac9_maths_yr1_as_cd_alignment.pdf,owner_requested_import
AC9M1SP02,Directions and Location,practice,P20,"A toy is inside a box. Give two directions: first move it out of the box, then put it beside the box.",{},Take the toy out of the box. Put it beside the box.,"The directions change the toy from inside to outside, then place it next to the box.",short_answer,give ordered object movements,create,"Accept two clear directions in this order, ending with the toy beside the box.",null,https://au.ixl.com/maths/year-1/location-in-a-grid,https://www.qcaa.qld.edu.au/downloads/aciqv9/mathematics/curriculum/ac9_maths_yr1_as_cd_alignment.pdf,owner_requested_import
AC9M1SP02,Directions and Location,practice,P21,"Each row is listed from left to right. Each move goes to the next square. Up, down, left and right mean directions on the page.
Top row: A, B.
Bottom row: C, D.
Start at A. Move right, down, then left. Where do you finish?","{""A"": ""D"", ""B"": ""A"", ""C"": ""C""}",C,"The route goes from A to B, then D, then C.",mcq,follow a three-step route,apply,,"{""type"": ""grid"", ""rows"": [[""A"", ""B""], [""C"", ""D""]], ""caption"": ""Directions follow the page. Each move goes one square.""}",https://au.ixl.com/maths/year-1/location-in-a-grid,https://www.qcaa.qld.edu.au/downloads/aciqv9/mathematics/curriculum/ac9_maths_yr1_as_cd_alignment.pdf,owner_requested_import
AC9M1SP02,Directions and Location,practice,P22,"Each row is listed from left to right. Each move goes to the next square. Up, down, left and right mean directions on the page.
Top row: Gate, Tree.
Bottom row: Pond, Bench.
Two counters start at the gate. One moves right then down. The other moves down then right. Where do they finish?","{""A"": ""Both at the tree"", ""B"": ""Both at the bench"", ""C"": ""At different places""}",B,Both routes move one square right and one square down to the bench.,mcq,compare route endpoints,reason,,"{""type"": ""grid"", ""rows"": [[""Gate"", ""Tree""], [""Pond"", ""Bench""]], ""caption"": ""Directions follow the page. Each move goes one square.""}",https://au.ixl.com/maths/year-1/location-in-a-grid,https://www.qcaa.qld.edu.au/downloads/aciqv9/mathematics/curriculum/ac9_maths_yr1_as_cd_alignment.pdf,owner_requested_import
AC9M1SP02,Directions and Location,practice,P23,"Each row is listed from left to right. Each move goes to the next square. Up, down, left and right mean directions on the page.
Top row: Home, Tree.
Bottom row: Shop, Park.
Start at Home. Move down, then __ to reach the park. Which word is missing?","{""A"": ""Right"", ""B"": ""Up"", ""C"": ""Left""}",A,Down reaches the shop. The park is one square to its right.,mcq,complete a route,apply,,"{""type"": ""grid"", ""rows"": [[""Home"", ""Tree""], [""Shop"", ""Park""]], ""caption"": ""Directions follow the page. Each move goes one square.""}",https://au.ixl.com/maths/year-1/location-in-a-grid,https://www.qcaa.qld.edu.au/downloads/aciqv9/mathematics/curriculum/ac9_maths_yr1_as_cd_alignment.pdf,owner_requested_import
AC9M1SP02,Directions and Location,practice,P24,"Each row is listed from left to right. Each move goes to the next square. Up, down, left and right mean directions on the page.
Top row: Home, Rock, Gate.
Bottom row: Path, Path, Path.
Start at Home. Give a route to the gate that stays off the rock.",{},"Down, right, right, up.",Going along the bottom row avoids the rock between Home and the gate.,short_answer,create an obstacle-avoiding route,create,Accept any valid route that stays in the grid and avoids the rock; the model is the shortest route.,"{""type"": ""grid"", ""rows"": [[""Home"", ""Rock"", ""Gate""], [""Path"", ""Path"", ""Path""]], ""caption"": ""Directions follow the page. Each move goes one square.""}",https://au.ixl.com/maths/year-1/location-in-a-grid,https://www.qcaa.qld.edu.au/downloads/aciqv9/mathematics/curriculum/ac9_maths_yr1_as_cd_alignment.pdf,owner_requested_import
AC9M1SP02,Directions and Location,test,T01,"A row is shown from left to right: shoe, hat, bag, coat. Which object is immediately right of the hat?","{""A"": ""Shoe"", ""B"": ""Bag"", ""C"": ""Coat""}",B,The bag is the next object on the right of the hat.,mcq,locate relative to an object,recognise,,"{""type"": ""table"", ""headers"": [""First"", ""Second"", ""Third"", ""Fourth""], ""rows"": [[""Shoe"", ""Hat"", ""Bag"", ""Coat""]]}",https://au.ixl.com/maths/year-1/location-in-a-grid,https://www.qcaa.qld.edu.au/downloads/aciqv9/mathematics/curriculum/ac9_maths_yr1_as_cd_alignment.pdf,owner_requested_import
AC9M1SP02,Directions and Location,test,T02,"Each row is listed from left to right. Each move goes to the next square. Up, down, left and right mean directions on the page.
Top row: Nest, Tree, Gate.
Bottom row: Pond, Log, Bench.
Start at the log. Move up, then left. Where do you finish?","{""A"": ""Pond"", ""B"": ""Tree"", ""C"": ""Nest""}",C,"Up reaches the tree, and left reaches the nest.",mcq,follow a two-direction route,apply,,"{""type"": ""grid"", ""rows"": [[""Nest"", ""Tree"", ""Gate""], [""Pond"", ""Log"", ""Bench""]], ""caption"": ""Directions follow the page. Each move goes one square.""}",https://au.ixl.com/maths/year-1/location-in-a-grid,https://www.qcaa.qld.edu.au/downloads/aciqv9/mathematics/curriculum/ac9_maths_yr1_as_cd_alignment.pdf,owner_requested_import
AC9M1SP02,Directions and Location,test,T03,A ball is behind a chair. Move it to the front of the chair. Which action follows the direction?,"{""A"": ""Take it around the chair to the front"", ""B"": ""Put it on the chair seat"", ""C"": ""Leave it behind the chair""}",A,The ball must change from behind the chair to in front of it.,mcq,follow a placement instruction,apply,,null,https://au.ixl.com/maths/year-1/location-in-a-grid,https://www.qcaa.qld.edu.au/downloads/aciqv9/mathematics/curriculum/ac9_maths_yr1_as_cd_alignment.pdf,owner_requested_import
AC9M1SP02,Directions and Location,test,T04,"Each row is listed from left to right. Each move goes to the next square. Up, down, left and right mean directions on the page.
Top row: Boat, Fish.
Bottom row: Shell, Sand.
Start at the sand. Give directions to reach the boat in two moves.",{},"Move left, then up.",The boat is one square left and one square up from the sand.,short_answer,give a two-step route,create,"Accept left then up, or up then left.","{""type"": ""grid"", ""rows"": [[""Boat"", ""Fish""], [""Shell"", ""Sand""]], ""caption"": ""Directions follow the page. Each move goes one square.""}",https://au.ixl.com/maths/year-1/location-in-a-grid,https://www.qcaa.qld.edu.au/downloads/aciqv9/mathematics/curriculum/ac9_maths_yr1_as_cd_alignment.pdf,owner_requested_import
AC9M1SP02,Directions and Location,test,T05,"Each row is listed from left to right. Each move goes to the next square. Up, down, left and right mean directions on the page.
Row: Start, Tree, Bench, Gate.
Start at the gate. Move left twice. Where do you finish?","{""A"": ""Start"", ""B"": ""Tree"", ""C"": ""Bench""}",B,The first left move reaches the bench. The second reaches the tree.,mcq,follow straight movement,apply,,"{""type"": ""grid"", ""rows"": [[""Start"", ""Tree"", ""Bench"", ""Gate""]], ""caption"": ""Directions follow the page. Each move goes one square.""}",https://au.ixl.com/maths/year-1/location-in-a-grid,https://www.qcaa.qld.edu.au/downloads/aciqv9/mathematics/curriculum/ac9_maths_yr1_as_cd_alignment.pdf,owner_requested_import
AC9M1SP02,Directions and Location,test,T06,A toy faces the bottom of the page. It turns around to face the opposite way. Which way does it now face?,"{""A"": ""Top"", ""B"": ""Left side"", ""C"": ""Right side""}",A,The opposite of facing down is facing up.,mcq,follow a half turn,apply,,null,https://au.ixl.com/maths/year-1/location-in-a-grid,https://www.qcaa.qld.edu.au/downloads/aciqv9/mathematics/curriculum/ac9_maths_yr1_as_cd_alignment.pdf,owner_requested_import
AC9M1SP02,Directions and Location,test,T07,"Each row is listed from left to right. Each move goes to the next square. Up, down, left and right mean directions on the page.
Top row: Home, Wall.
Bottom row: Path, Shop.
Start at Home. The wall square is blocked. Which route reaches the shop?","{""A"": ""Down, then left"", ""B"": ""Down, then right"", ""C"": ""Right, then down""}",B,The lower path reaches the shop without using the wall square.,mcq,route around an obstacle,reason,,"{""type"": ""grid"", ""rows"": [[""Home"", ""Wall""], [""Path"", ""Shop""]], ""caption"": ""Directions follow the page. Each move goes one square.""}",https://au.ixl.com/maths/year-1/location-in-a-grid,https://www.qcaa.qld.edu.au/downloads/aciqv9/mathematics/curriculum/ac9_maths_yr1_as_cd_alignment.pdf,owner_requested_import
AC9M1SP02,Directions and Location,test,T08,A cup and a plate are apart on a table. Give one direction to put a spoon between them.,{},Place the spoon between the cup and the plate.,Between identifies the space separating the cup and plate.,short_answer,give a placement instruction,create,Accept a clear instruction placing the spoon in the gap between the two objects.,null,https://au.ixl.com/maths/year-1/location-in-a-grid,https://www.qcaa.qld.edu.au/downloads/aciqv9/mathematics/curriculum/ac9_maths_yr1_as_cd_alignment.pdf,owner_requested_import
AC9M1SP02,Directions and Location,test,T09,"Each row is listed from left to right. Each move goes to the next square. Up, down, left and right mean directions on the page.
Top row: Star, Moon.
Bottom row: Sun, Cloud.
Start at the sun. Move right, then up, then left. Where do you finish?","{""A"": ""Moon"", ""B"": ""Sun"", ""C"": ""Star""}",C,"The route visits cloud, moon and then star.",mcq,follow a three-step route,apply,,"{""type"": ""grid"", ""rows"": [[""Star"", ""Moon""], [""Sun"", ""Cloud""]], ""caption"": ""Directions follow the page. Each move goes one square.""}",https://au.ixl.com/maths/year-1/location-in-a-grid,https://www.qcaa.qld.edu.au/downloads/aciqv9/mathematics/curriculum/ac9_maths_yr1_as_cd_alignment.pdf,owner_requested_import
AC9M1SP02,Directions and Location,test,T10,"Each row is listed from left to right. Each move goes to the next square. Up, down, left and right mean directions on the page.
Top row: A, B, C.
Bottom row: D, E, F.
To travel from D to C, a child writes ""up, right"". Which move is still needed?","{""A"": ""Right"", ""B"": ""Down"", ""C"": ""Left""}",A,Up and right reach B. One more right move reaches C.,mcq,repair an incomplete route,reason,,"{""type"": ""grid"", ""rows"": [[""A"", ""B"", ""C""], [""D"", ""E"", ""F""]], ""caption"": ""Directions follow the page. Each move goes one square.""}",https://au.ixl.com/maths/year-1/location-in-a-grid,https://www.qcaa.qld.edu.au/downloads/aciqv9/mathematics/curriculum/ac9_maths_yr1_as_cd_alignment.pdf,owner_requested_import
AC9M1SP02,Directions and Location,test,T11,A toy car faces the top of the page. It turns left and then moves forward. Which way does it move on the page?,"{""A"": ""Left"", ""B"": ""Right"", ""C"": ""Down""}",A,"After turning left from facing up, the car faces and moves toward the left side.",mcq,combine turning and movement,apply,,null,https://au.ixl.com/maths/year-1/location-in-a-grid,https://www.qcaa.qld.edu.au/downloads/aciqv9/mathematics/curriculum/ac9_maths_yr1_as_cd_alignment.pdf,owner_requested_import
AC9M1SP02,Directions and Location,test,T12,"Each row is listed from left to right. Each move goes to the next square. Up, down, left and right mean directions on the page.
Top row: Park, Cafe.
Bottom row: Shop, Home.
A counter goes from the park to Home by moving right, then down. Give directions to follow the same path back.",{},"Move up, then left.","Undo the last move first: up to the cafe, then left to the park.",short_answer,reverse a route,reason,Require up then left to retrace the same path. Left then up reaches the park by a different path.,"{""type"": ""grid"", ""rows"": [[""Park"", ""Cafe""], [""Shop"", ""Home""]], ""caption"": ""Directions follow the page. Each move goes one square.""}",https://au.ixl.com/maths/year-1/location-in-a-grid,https://www.qcaa.qld.edu.au/downloads/aciqv9/mathematics/curriculum/ac9_maths_yr1_as_cd_alignment.pdf,owner_requested_import
AC9M1SP02,Directions and Location,test,T13,"Each row is listed from left to right. Each move goes to the next square. Up, down, left and right mean directions on the page.
Top row: Kite, Drum.
Bottom row: Ball, Book.
Start at the book. Move __, then up to reach the kite. Which word is missing?","{""A"": ""Down"", ""B"": ""Left"", ""C"": ""Right""}",B,"Left reaches the ball, then up reaches the kite.",mcq,complete a route,apply,,"{""type"": ""grid"", ""rows"": [[""Kite"", ""Drum""], [""Ball"", ""Book""]], ""caption"": ""Directions follow the page. Each move goes one square.""}",https://au.ixl.com/maths/year-1/location-in-a-grid,https://www.qcaa.qld.edu.au/downloads/aciqv9/mathematics/curriculum/ac9_maths_yr1_as_cd_alignment.pdf,owner_requested_import
AC9M1SP02,Directions and Location,test,T14,"Each row is listed from left to right. Each move goes to the next square. Up, down, left and right mean directions on the page.
Top row: Start, A.
Bottom row: B, End.
One route is right then down. Another is down then right. Starting at Start, which statement is true?","{""A"": ""Neither reaches End"", ""B"": ""Only the first reaches End"", ""C"": ""Both finish at End""}",C,Each route moves one square right and one square down.,mcq,compare route endpoints,reason,,"{""type"": ""grid"", ""rows"": [[""Start"", ""A""], [""B"", ""End""]], ""caption"": ""Directions follow the page. Each move goes one square.""}",https://au.ixl.com/maths/year-1/location-in-a-grid,https://www.qcaa.qld.edu.au/downloads/aciqv9/mathematics/curriculum/ac9_maths_yr1_as_cd_alignment.pdf,owner_requested_import
AC9M1SP02,Directions and Location,test,T15,"Three places lie along one straight path: gate, bench, tree. The bench is between the other two. Walking from the gate to the tree, which place do you pass?","{""A"": ""Gate again"", ""B"": ""Neither place"", ""C"": ""Bench""}",C,The bench lies on the path between the gate and the tree.,mcq,use a between clue,apply,,null,https://au.ixl.com/maths/year-1/location-in-a-grid,https://www.qcaa.qld.edu.au/downloads/aciqv9/mathematics/curriculum/ac9_maths_yr1_as_cd_alignment.pdf,owner_requested_import
AC9M1SP02,Directions and Location,test,T16,"Each row is listed from left to right. Each move goes to the next square. Up, down, left and right mean directions on the page.
Top row: Home, Blocked, Pond.
Bottom row: Path, Path, Path.
Start at Home. Write four moves that reach the pond without entering the blocked square.",{},"Down, right, right, up.",The lower row gives a route around the blocked square.,short_answer,create an obstacle-avoiding route,create,"Accept the four moves down, right, right, up.","{""type"": ""grid"", ""rows"": [[""Home"", ""Blocked"", ""Pond""], [""Path"", ""Path"", ""Path""]], ""caption"": ""Directions follow the page. Each move goes one square.""}",https://au.ixl.com/maths/year-1/location-in-a-grid,https://www.qcaa.qld.edu.au/downloads/aciqv9/mathematics/curriculum/ac9_maths_yr1_as_cd_alignment.pdf,owner_requested_import
AC9M1ST01,Collecting Categorical Data,practice,P01,"These toys are in a tray: car, ball, car, doll, car. Record the number of cars.
Toy | Number
Car | __","{""A"": ""2"", ""B"": ""3"", ""C"": ""5""}",B,Record only the cars in the car row. There are three cars.,mcq,record a category from a collection,apply,,"{""type"": ""pattern"", ""rows"": [[""car"", ""ball"", ""car"", ""doll"", ""car""]], ""labels"": [""Toy tray""]}",https://au.ixl.com/maths/year-1/record-data-in-tables,https://www.qcaa.qld.edu.au/downloads/aciqv9/mathematics/curriculum/ac9_maths_yr1_as_cd_alignment.pdf,owner_requested_import
AC9M1ST01,Collecting Categorical Data,practice,P02,You want to find which playground game each child likes best. How should you collect the answers?,"{""A"": ""Look at the weather"", ""B"": ""Count the chairs"", ""C"": ""Ask each child""}",C,"A preference belongs to the child, so you need to ask them.",mcq,choose a collection method,reason,,null,https://au.ixl.com/maths/year-1/record-data-in-tables,https://www.qcaa.qld.edu.au/downloads/aciqv9/mathematics/curriculum/ac9_maths_yr1_as_cd_alignment.pdf,owner_requested_import
AC9M1ST01,Collecting Categorical Data,practice,P03,"You will sort answers into ""apple"", ""banana"" and ""pear"". Which question fits?","{""A"": ""Which of these fruits do you like best?"", ""B"": ""How many pencils do you have?"", ""C"": ""What day is it?""}",A,The fruit question gives answers that fit the three fruit categories.,mcq,match a question to categories,apply,,null,https://au.ixl.com/maths/year-1/record-data-in-tables,https://www.qcaa.qld.edu.au/downloads/aciqv9/mathematics/curriculum/ac9_maths_yr1_as_cd_alignment.pdf,owner_requested_import
AC9M1ST01,Collecting Categorical Data,practice,P04,"Four children choose a sticker: star, moon, star, star. Use one tally mark | for each child. Record tallies for star and moon.",{},Star: |||; Moon: |.,Each answer is recorded once in the matching category.,short_answer,record raw answers with tallies,apply,"Accept three tallies for star and one for moon, including clearly separated equivalent marks.",null,https://au.ixl.com/maths/year-1/record-data-in-tables,https://www.qcaa.qld.edu.au/downloads/aciqv9/mathematics/curriculum/ac9_maths_yr1_as_cd_alignment.pdf,owner_requested_import
AC9M1ST01,Collecting Categorical Data,practice,P05,Each child puts one counter beside a favourite animal. Jo chooses dog. What should Jo do?,"{""A"": ""Put one counter beside dog"", ""B"": ""Put three counters beside dog"", ""C"": ""Put one counter beside every animal""}",A,One counter records one child's choice.,mcq,record one response once,apply,,null,https://au.ixl.com/maths/year-1/record-data-in-tables,https://www.qcaa.qld.edu.au/downloads/aciqv9/mathematics/curriculum/ac9_maths_yr1_as_cd_alignment.pdf,owner_requested_import
AC9M1ST01,Collecting Categorical Data,practice,P06,You want to record whether the playground is wet or dry after lunch. What should you do?,"{""A"": ""Ask which game children prefer"", ""B"": ""Look at the playground after lunch"", ""C"": ""Count the windows""}",B,Looking at the playground lets you observe whether it is wet or dry.,mcq,collect by observation,apply,,null,https://au.ixl.com/maths/year-1/record-data-in-tables,https://www.qcaa.qld.edu.au/downloads/aciqv9/mathematics/curriculum/ac9_maths_yr1_as_cd_alignment.pdf,owner_requested_import
AC9M1ST01,Collecting Categorical Data,practice,P07,Buttons are sorted by shape into two groups: round buttons and square buttons. Which labels should go on the recording sheet?,"{""A"": ""Morning and afternoon"", ""B"": ""Big and small"", ""C"": ""Round and square""}",C,The labels must name the feature being recorded: button shape.,mcq,choose recording labels,apply,,null,https://au.ixl.com/maths/year-1/record-data-in-tables,https://www.qcaa.qld.edu.au/downloads/aciqv9/mathematics/curriculum/ac9_maths_yr1_as_cd_alignment.pdf,owner_requested_import
AC9M1ST01,Collecting Categorical Data,practice,P08,You want to find how classmates travel to school. Write one question you could ask each child.,{},How did you travel to school today?,A clear question helps collect answers about the same topic from each child.,short_answer,create a survey question,create,Accept a simple question about each child's way of travelling to school; today or usual travel are both acceptable if clear.,null,https://au.ixl.com/maths/year-1/record-data-in-tables,https://www.qcaa.qld.edu.au/downloads/aciqv9/mathematics/curriculum/ac9_maths_yr1_as_cd_alignment.pdf,owner_requested_import
AC9M1ST01,Collecting Categorical Data,practice,P09,"Each mark records one choice. The answers are: cat, dog, dog, cat, dog. Which tally record is correct?","{""A"": ""Cat: ||; Dog: |||"", ""B"": ""Cat: |||; Dog: ||"", ""C"": ""Cat: |; Dog: ||||""}",A,There are two cat answers and three dog answers.,mcq,match raw data to a tally record,apply,,null,https://au.ixl.com/maths/year-1/record-data-in-tables,https://www.qcaa.qld.edu.au/downloads/aciqv9/mathematics/curriculum/ac9_maths_yr1_as_cd_alignment.pdf,owner_requested_import
AC9M1ST01,Collecting Categorical Data,practice,P10,"Three answers are already recorded: bus, walk, walk. The next child says ""bus"". What should you add to the record?","{""A"": ""One walk answer"", ""B"": ""Two bus answers"", ""C"": ""One bus answer""}",C,"Add the new answer once, in the bus category.",mcq,update a collection record,apply,,null,https://au.ixl.com/maths/year-1/record-data-in-tables,https://www.qcaa.qld.edu.au/downloads/aciqv9/mathematics/curriculum/ac9_maths_yr1_as_cd_alignment.pdf,owner_requested_import
AC9M1ST01,Collecting Categorical Data,practice,P11,"You are recording objects by material. A metal spoon is placed in the ""wood"" group. What should you do?","{""A"": ""Record it in both groups"", ""B"": ""Move it to the metal group"", ""C"": ""Keep it in the wood group""}",B,The spoon should be recorded in the group matching its material.,mcq,repair a categorisation,reason,,null,https://au.ixl.com/maths/year-1/record-data-in-tables,https://www.qcaa.qld.edu.au/downloads/aciqv9/mathematics/curriculum/ac9_maths_yr1_as_cd_alignment.pdf,owner_requested_import
AC9M1ST01,Collecting Categorical Data,practice,P12,"You see these pets in pictures: fish, dog, fish, cat. Record the pets by drawing one simple picture for each pet.",{},"Two fish drawings, one dog drawing and one cat drawing.","Drawings can record what you observed, with one drawing for each pet.",short_answer,record observations with drawings,create,"Accept recognisable labelled drawings or symbols that clearly record two fish, one dog and one cat, without adding pets.",null,https://au.ixl.com/maths/year-1/record-data-in-tables,https://www.qcaa.qld.edu.au/downloads/aciqv9/mathematics/curriculum/ac9_maths_yr1_as_cd_alignment.pdf,owner_requested_import
AC9M1ST01,Collecting Categorical Data,practice,P13,One child is asked a favourite-colour question twice and both answers are counted. What should you do?,"{""A"": ""Keep just one answer from that child"", ""B"": ""Count both answers"", ""C"": ""Remove every child's answer""}",A,"When each child should answer once, a repeated answer must not be counted again.",mcq,detect duplicate collection,reason,,null,https://au.ixl.com/maths/year-1/record-data-in-tables,https://www.qcaa.qld.edu.au/downloads/aciqv9/mathematics/curriculum/ac9_maths_yr1_as_cd_alignment.pdf,owner_requested_import
AC9M1ST01,Collecting Categorical Data,practice,P14,You want to know which book each child would choose to read. Which method gives that information?,"{""A"": ""Count the children's shoes"", ""B"": ""Count all the books on the shelf"", ""C"": ""Let each child choose a book""}",C,Children's choices tell you their preferences. Counting the available books does not.,mcq,distinguish choices from availability,reason,,null,https://au.ixl.com/maths/year-1/record-data-in-tables,https://www.qcaa.qld.edu.au/downloads/aciqv9/mathematics/curriculum/ac9_maths_yr1_as_cd_alignment.pdf,owner_requested_import
AC9M1ST01,Collecting Categorical Data,practice,P15,"A class records snack choices by writing ""apple"" or ""cracker"" beside each child's name. What recording method are they using?","{""A"": ""A clock"", ""B"": ""A list of words"", ""C"": ""A length measurement""}",B,A word list can record each child's snack choice.,mcq,recognise a recording method,recognise,,null,https://au.ixl.com/maths/year-1/record-data-in-tables,https://www.qcaa.qld.edu.au/downloads/aciqv9/mathematics/curriculum/ac9_maths_yr1_as_cd_alignment.pdf,owner_requested_import
AC9M1ST01,Collecting Categorical Data,practice,P16,"You are sorting classroom items into books, balls and blocks. Write the three category labels for your recording sheet.",{},Books; balls; blocks.,The recording labels should match the three kinds of items being sorted.,short_answer,set up a category record,create,"Accept the three named categories, in any order, including singular forms.",null,https://au.ixl.com/maths/year-1/record-data-in-tables,https://www.qcaa.qld.edu.au/downloads/aciqv9/mathematics/curriculum/ac9_maths_yr1_as_cd_alignment.pdf,owner_requested_import
AC9M1ST01,Collecting Categorical Data,practice,P17,"A survey asks, ""Which do you choose: drawing or singing? Choose one."" What is a suitable answer?","{""A"": ""Drawing"", ""B"": ""Drawing and singing"", ""C"": ""Three""}",A,"The answer should be one of the offered categories, with one choice per child.",mcq,follow a data-collection rule,apply,,null,https://au.ixl.com/maths/year-1/record-data-in-tables,https://www.qcaa.qld.edu.au/downloads/aciqv9/mathematics/curriculum/ac9_maths_yr1_as_cd_alignment.pdf,owner_requested_import
AC9M1ST01,Collecting Categorical Data,practice,P18,"The tray has circle, triangle, circle, square, triangle, circle cards. Which number belongs in the ""triangle"" row of the record?","{""A"": ""6"", ""B"": ""3"", ""C"": ""2""}",C,Two cards are triangles. Record those two in the triangle row.,mcq,record a category from a collection,apply,,"{""type"": ""shapes"", ""items"": [{""label"": ""1"", ""shape"": ""circle""}, {""label"": ""2"", ""shape"": ""triangle""}, {""label"": ""3"", ""shape"": ""circle""}, {""label"": ""4"", ""shape"": ""square""}, {""label"": ""5"", ""shape"": ""triangle""}, {""label"": ""6"", ""shape"": ""circle""}]}",https://au.ixl.com/maths/year-1/record-data-in-tables,https://www.qcaa.qld.edu.au/downloads/aciqv9/mathematics/curriculum/ac9_maths_yr1_as_cd_alignment.pdf,owner_requested_import
AC9M1ST01,Collecting Categorical Data,practice,P19,A recorder makes one tally each time a child chooses painting. The record is ||||. How many painting choices were collected?,"{""A"": ""3"", ""B"": ""5"", ""C"": ""4""}",C,Four tally marks record four painting choices.,mcq,interpret collection marks,recognise,,null,https://au.ixl.com/maths/year-1/record-data-in-tables,https://www.qcaa.qld.edu.au/downloads/aciqv9/mathematics/curriculum/ac9_maths_yr1_as_cd_alignment.pdf,owner_requested_import
AC9M1ST01,Collecting Categorical Data,practice,P20,"A recording sheet has headings ""walk"", ""car"", ""bus"" and ""other"". Write a question that would collect answers for this sheet.",{},How did you travel to school today?,"Travel answers can be recorded under the matching method, with other for a different method.",short_answer,match a survey to a record,create,Accept any clear travel-method question appropriate to all four categories.,null,https://au.ixl.com/maths/year-1/record-data-in-tables,https://www.qcaa.qld.edu.au/downloads/aciqv9/mathematics/curriculum/ac9_maths_yr1_as_cd_alignment.pdf,owner_requested_import
AC9M1ST01,Collecting Categorical Data,practice,P21,"A tablet form has three buttons: story, song and drawing. Each child chooses one activity. Pat chooses song. What should Pat tap?","{""A"": ""Every button once"", ""B"": ""Song once"", ""C"": ""Song three times""}",B,One tap on the chosen category records one answer.,mcq,record using a digital form,apply,,null,https://au.ixl.com/maths/year-1/record-data-in-tables,https://www.qcaa.qld.edu.au/downloads/aciqv9/mathematics/curriculum/ac9_maths_yr1_as_cd_alignment.pdf,owner_requested_import
AC9M1ST01,Collecting Categorical Data,practice,P22,You want one answer from every child in your group. What helps you check that nobody is missed?,"{""A"": ""Tick each name after asking"", ""B"": ""Ask the same child again and again"", ""C"": ""Stop after the first answer""}",A,A tick beside each name helps track who has already answered.,mcq,check collection completeness,reason,,null,https://au.ixl.com/maths/year-1/record-data-in-tables,https://www.qcaa.qld.edu.au/downloads/aciqv9/mathematics/curriculum/ac9_maths_yr1_as_cd_alignment.pdf,owner_requested_import
AC9M1ST01,Collecting Categorical Data,practice,P23,A list records how children came to school today. Can this list tell you their favourite sport?,"{""A"": ""Yes, every list tells you that"", ""B"": ""No, sport choices were not collected"", ""C"": ""Yes, bus means football""}",B,A record only tells you about the information that was collected.,mcq,identify limits of collected data,reason,,null,https://au.ixl.com/maths/year-1/record-data-in-tables,https://www.qcaa.qld.edu.au/downloads/aciqv9/mathematics/curriculum/ac9_maths_yr1_as_cd_alignment.pdf,owner_requested_import
AC9M1ST01,Collecting Categorical Data,practice,P24,Each lunch bag has either a zip or a clip. You want to record which kind each bag has. Tell how you will collect and record the information.,{},Look at each bag once. Put a mark in the zip or clip category for that bag.,"Observe the feature, then record each bag once in its matching category.",short_answer,plan observation and recording,create,"Accept a sensible observation method plus a record using objects, drawings, words, tallies or a digital form. Assume each bag has one of the two fasteners.",null,https://au.ixl.com/maths/year-1/record-data-in-tables,https://www.qcaa.qld.edu.au/downloads/aciqv9/mathematics/curriculum/ac9_maths_yr1_as_cd_alignment.pdf,owner_requested_import
AC9M1ST01,Collecting Categorical Data,test,T01,"A basket holds: sock, mitten, sock, hat, mitten, sock. Record the number of mittens.","{""A"": ""2"", ""B"": ""3"", ""C"": ""6""}",A,"There are two mittens, so the mitten record should be 2.",mcq,record a category from a collection,apply,,"{""type"": ""pattern"", ""rows"": [[""sock"", ""mitten"", ""sock"", ""hat"", ""mitten"", ""sock""]], ""labels"": [""Basket contents""]}",https://au.ixl.com/maths/year-1/record-data-in-tables,https://www.qcaa.qld.edu.au/downloads/aciqv9/mathematics/curriculum/ac9_maths_yr1_as_cd_alignment.pdf,owner_requested_import
AC9M1ST01,Collecting Categorical Data,test,T02,You want to find which of two stories children would like to hear. What should you collect?,"{""A"": ""The colour of the door"", ""B"": ""The number of desks"", ""C"": ""Each child's story choice""}",C,The children's choices answer the question about which story they prefer.,mcq,choose relevant data,reason,,null,https://au.ixl.com/maths/year-1/record-data-in-tables,https://www.qcaa.qld.edu.au/downloads/aciqv9/mathematics/curriculum/ac9_maths_yr1_as_cd_alignment.pdf,owner_requested_import
AC9M1ST01,Collecting Categorical Data,test,T03,"The answers are: train, bus, train, train. Which record matches?","{""A"": ""Train: |||; Bus: |"", ""B"": ""Train: ||; Bus: ||"", ""C"": ""Train: |; Bus: |||""}",A,Three answers are train and one is bus.,mcq,match raw data to a tally record,apply,,null,https://au.ixl.com/maths/year-1/record-data-in-tables,https://www.qcaa.qld.edu.au/downloads/aciqv9/mathematics/curriculum/ac9_maths_yr1_as_cd_alignment.pdf,owner_requested_import
AC9M1ST01,Collecting Categorical Data,test,T04,"Five picture cards show: bird, fish, bird, fish, bird. Record the number of birds and the number of fish.",{},Bird: 3; fish: 2.,Record each card once under its pictured animal.,short_answer,make a category count record,apply,"Accept bird 3 and fish 2, in any clear format.",null,https://au.ixl.com/maths/year-1/record-data-in-tables,https://www.qcaa.qld.edu.au/downloads/aciqv9/mathematics/curriculum/ac9_maths_yr1_as_cd_alignment.pdf,owner_requested_import
AC9M1ST01,Collecting Categorical Data,test,T05,"You sort leaves into ""smooth edge"" and ""jagged edge"" groups. Which labels should your recording table use?","{""A"": ""Wet and dry"", ""B"": ""Long and short"", ""C"": ""Smooth edge and jagged edge""}",C,The recording table should use the same categories as the sorting.,mcq,choose recording labels,apply,,null,https://au.ixl.com/maths/year-1/record-data-in-tables,https://www.qcaa.qld.edu.au/downloads/aciqv9/mathematics/curriculum/ac9_maths_yr1_as_cd_alignment.pdf,owner_requested_import
AC9M1ST01,Collecting Categorical Data,test,T06,A class asks each child to choose one of three games. Lee puts one counter beside each game. What change follows the rule?,"{""A"": ""Lee should leave one counter beside just one chosen game"", ""B"": ""Lee should choose for another child"", ""C"": ""Lee should add more counters""}",A,The collection rule is one game choice and one counter per child.,mcq,repair a collection rule violation,reason,,null,https://au.ixl.com/maths/year-1/record-data-in-tables,https://www.qcaa.qld.edu.au/downloads/aciqv9/mathematics/curriculum/ac9_maths_yr1_as_cd_alignment.pdf,owner_requested_import
AC9M1ST01,Collecting Categorical Data,test,T07,You want to record which children are wearing hats now. Which method works?,"{""A"": ""Ask which hat colour they like"", ""B"": ""Count hats in a shop"", ""C"": ""Look at each child and record hat or no hat""}",C,Looking at each child gives information about the hat they are wearing now.,mcq,collect by observation,apply,,null,https://au.ixl.com/maths/year-1/record-data-in-tables,https://www.qcaa.qld.edu.au/downloads/aciqv9/mathematics/curriculum/ac9_maths_yr1_as_cd_alignment.pdf,owner_requested_import
AC9M1ST01,Collecting Categorical Data,test,T08,"Write a question for a survey with the choices ""puzzles"", ""blocks"" and ""drawing"". Tell children to choose one.",{},"Which activity would you like: puzzles, blocks or drawing? Choose one.",Naming the choices and asking for one answer makes the recording clear.,short_answer,create a survey question,create,Accept a clear preference or choice question using the three activities and a one-choice instruction.,null,https://au.ixl.com/maths/year-1/record-data-in-tables,https://www.qcaa.qld.edu.au/downloads/aciqv9/mathematics/curriculum/ac9_maths_yr1_as_cd_alignment.pdf,owner_requested_import
AC9M1ST01,Collecting Categorical Data,test,T09,"A record has three walking answers and one car answer. Another child says ""car"". What should the recorder do?","{""A"": ""Erase all the walking marks"", ""B"": ""Add one mark to car"", ""C"": ""Add one mark to walk""}",B,Add the new car answer once to the car category.,mcq,update a collection record,apply,,null,https://au.ixl.com/maths/year-1/record-data-in-tables,https://www.qcaa.qld.edu.au/downloads/aciqv9/mathematics/curriculum/ac9_maths_yr1_as_cd_alignment.pdf,owner_requested_import
AC9M1ST01,Collecting Categorical Data,test,T10,A survey is meant to include all six children at a table. Only five names have a tick showing an answer was recorded. What should happen next?,"{""A"": ""Ask the child without a tick"", ""B"": ""Copy one child's answer"", ""C"": ""Stop collecting""}",A,The unticked name shows whose answer is still missing.,mcq,check collection completeness,reason,,null,https://au.ixl.com/maths/year-1/record-data-in-tables,https://www.qcaa.qld.edu.au/downloads/aciqv9/mathematics/curriculum/ac9_maths_yr1_as_cd_alignment.pdf,owner_requested_import
AC9M1ST01,Collecting Categorical Data,test,T11,A tablet asks each child to tap one favourite playground place. Which action keeps the record correct?,"{""A"": ""Each child taps ten times"", ""B"": ""Each child taps one choice once"", ""C"": ""One child chooses for everybody""}",B,Each child's own choice should be recorded once.,mcq,record using a digital form,apply,,null,https://au.ixl.com/maths/year-1/record-data-in-tables,https://www.qcaa.qld.edu.au/downloads/aciqv9/mathematics/curriculum/ac9_maths_yr1_as_cd_alignment.pdf,owner_requested_import
AC9M1ST01,Collecting Categorical Data,test,T12,"A recorder uses C for both ""cat"" and ""car"". Suggest two different symbols or short labels so the answers can be told apart.",{},Use CAT for cat and CAR for car.,Different labels make it clear which category each answer belongs to.,short_answer,design unambiguous recording symbols,create,"Accept any two distinct, clearly mapped labels, symbols or drawings.",null,https://au.ixl.com/maths/year-1/record-data-in-tables,https://www.qcaa.qld.edu.au/downloads/aciqv9/mathematics/curriculum/ac9_maths_yr1_as_cd_alignment.pdf,owner_requested_import
AC9M1ST01,Collecting Categorical Data,test,T13,A tally record shows four blocks choices as |||. What change is needed?,"{""A"": ""Remove one tally"", ""B"": ""Add one tally"", ""C"": ""Leave it as it is""}",B,Four answers need four tally marks. The current record has only three.,mcq,repair a recording error,reason,,null,https://au.ixl.com/maths/year-1/record-data-in-tables,https://www.qcaa.qld.edu.au/downloads/aciqv9/mathematics/curriculum/ac9_maths_yr1_as_cd_alignment.pdf,owner_requested_import
AC9M1ST01,Collecting Categorical Data,test,T14,A teacher writes each child's chosen sticker as a word in a list. Why is it helpful to record the answers as they are given?,"{""A"": ""So only the last answer is kept"", ""B"": ""So the teacher can change the choices"", ""C"": ""So answers are less likely to be forgotten""}",C,Recording each answer straight away helps keep a complete record.,mcq,explain a recording method,reason,,null,https://au.ixl.com/maths/year-1/record-data-in-tables,https://www.qcaa.qld.edu.au/downloads/aciqv9/mathematics/curriculum/ac9_maths_yr1_as_cd_alignment.pdf,owner_requested_import
AC9M1ST01,Collecting Categorical Data,test,T15,You counted the types of shoes children wore today. Which question can your record help answer?,"{""A"": ""How many pets do they have?"", ""B"": ""How many wore sandals?"", ""C"": ""Which song is their favourite?""}",B,"Sandals are a shoe category, so the shoe record can answer that question.",mcq,connect data to an answerable question,reason,,null,https://au.ixl.com/maths/year-1/record-data-in-tables,https://www.qcaa.qld.edu.au/downloads/aciqv9/mathematics/curriculum/ac9_maths_yr1_as_cd_alignment.pdf,owner_requested_import
AC9M1ST01,Collecting Categorical Data,test,T16,Plan a class survey about choosing a story or a song. Say what you will ask and how you will record each answer.,{},"Ask each child, ""Would you choose a story or a song?"" Put one tally under the chosen activity.",Use the same question for each child and record each answer once.,short_answer,plan a survey and recording,create,"Accept a clear one-choice story/song question and a suitable recording method using words, objects, drawings, tallies or a digital form.",null,https://au.ixl.com/maths/year-1/record-data-in-tables,https://www.qcaa.qld.edu.au/downloads/aciqv9/mathematics/curriculum/ac9_maths_yr1_as_cd_alignment.pdf,owner_requested_import
AC9M1ST02,Representing and Comparing Data,practice,P01,"Each dot stands for one answer.
Cat: ● ● ● ●
Dog: ● ●
Which animal has more votes?","{""A"": ""They have the same number"", ""B"": ""Dog"", ""C"": ""Cat""}",C,Cat has four votes and dog has two. Four is more than two.,mcq,compare two category frequencies,apply,,"{""type"": ""table"", ""headers"": [""Choice"", ""One dot per answer""], ""rows"": [[""Cat"", ""● ● ● ●""], [""Dog"", ""● ●""]]}",https://au.ixl.com/maths/year-1/interpret-picture-graphs,https://www.qcaa.qld.edu.au/downloads/aciqv9/mathematics/curriculum/ac9_maths_yr1_as_cd_alignment.pdf,owner_requested_import
AC9M1ST02,Representing and Comparing Data,practice,P02,"Each dot stands for one answer.
Apple: ● ● ●
Pear: ● ● ● ● ●
How many children chose pear?","{""A"": ""3"", ""B"": ""5"", ""C"": ""8""}",B,"The pear row has five dots, so it represents five children.",mcq,read a one-to-one frequency,recognise,,"{""type"": ""table"", ""headers"": [""Choice"", ""One dot per answer""], ""rows"": [[""Apple"", ""● ● ●""], [""Pear"", ""● ● ● ● ●""]]}",https://au.ixl.com/maths/year-1/interpret-picture-graphs,https://www.qcaa.qld.edu.au/downloads/aciqv9/mathematics/curriculum/ac9_maths_yr1_as_cd_alignment.pdf,owner_requested_import
AC9M1ST02,Representing and Comparing Data,practice,P03,"Each dot stands for one answer.
Blocks: ● ● ●
Puzzles: ● ● ●
What do the rows tell you?","{""A"": ""Blocks has more choices"", ""B"": ""Puzzles has more choices"", ""C"": ""Both activities have the same number of choices""}",C,"Each row has three dots, so the numbers are equal.",mcq,recognise equal frequencies,reason,,"{""type"": ""table"", ""headers"": [""Choice"", ""One dot per answer""], ""rows"": [[""Blocks"", ""● ● ●""], [""Puzzles"", ""● ● ●""]]}",https://au.ixl.com/maths/year-1/interpret-picture-graphs,https://www.qcaa.qld.edu.au/downloads/aciqv9/mathematics/curriculum/ac9_maths_yr1_as_cd_alignment.pdf,owner_requested_import
AC9M1ST02,Representing and Comparing Data,practice,P04,Four children choose a star sticker and two choose a heart sticker. Make two labelled rows of dots. Use one dot for each child.,{},Star: ● ● ● ●; Heart: ● ●.,Four dots represent the four star choices; two dots represent the two heart choices.,short_answer,create a one-to-one display,create,Accept two correctly labelled rows with exactly four and two marks. Any consistent one-to-one symbol is acceptable.,null,https://au.ixl.com/maths/year-1/interpret-picture-graphs,https://www.qcaa.qld.edu.au/downloads/aciqv9/mathematics/curriculum/ac9_maths_yr1_as_cd_alignment.pdf,owner_requested_import
AC9M1ST02,Representing and Comparing Data,practice,P05,A picture graph uses one leaf picture for each collected leaf. What does a row of three leaf pictures show?,"{""A"": ""3 leaves"", ""B"": ""6 leaves"", ""C"": ""1 leaf""}",A,"Each picture represents one leaf, so three pictures represent three leaves.",mcq,interpret a one-to-one key,recognise,,null,https://au.ixl.com/maths/year-1/interpret-picture-graphs,https://www.qcaa.qld.edu.au/downloads/aciqv9/mathematics/curriculum/ac9_maths_yr1_as_cd_alignment.pdf,owner_requested_import
AC9M1ST02,Representing and Comparing Data,practice,P06,"Each dot represents one vote.
Song: ●●●
Story: ●   ●   ●
The story dots are spread out. Which choice has more votes?","{""A"": ""Story"", ""B"": ""Neither; both have 3"", ""C"": ""Song""}",B,Count the dots. Spacing them farther apart does not add votes.,mcq,compare counts despite spacing,reason,,null,https://au.ixl.com/maths/year-1/interpret-picture-graphs,https://www.qcaa.qld.edu.au/downloads/aciqv9/mathematics/curriculum/ac9_maths_yr1_as_cd_alignment.pdf,owner_requested_import
AC9M1ST02,Representing and Comparing Data,practice,P07,Five children chose painting. The painting row shows only four dots. Each dot should stand for one child. What change makes the row correct?,"{""A"": ""Add one dot"", ""B"": ""Add five more dots"", ""C"": ""Remove one dot""}",A,Five children need five dots. One more dot completes the row.,mcq,complete a one-to-one display,reason,,null,https://au.ixl.com/maths/year-1/interpret-picture-graphs,https://www.qcaa.qld.edu.au/downloads/aciqv9/mathematics/curriculum/ac9_maths_yr1_as_cd_alignment.pdf,owner_requested_import
AC9M1ST02,Representing and Comparing Data,practice,P08,"Each dot stands for one answer.
Bus: ● ●
Walk: ● ● ● ●
Write one sentence comparing the number of bus and walk answers.",{},More children walked than came by bus.,The walk row has four answers and the bus row has two.,short_answer,describe a comparison,reason,"Accept walk has more, bus has fewer, or exactly two more walk than bus.","{""type"": ""table"", ""headers"": [""Choice"", ""One dot per answer""], ""rows"": [[""Bus"", ""● ●""], [""Walk"", ""● ● ● ●""]]}",https://au.ixl.com/maths/year-1/interpret-picture-graphs,https://www.qcaa.qld.edu.au/downloads/aciqv9/mathematics/curriculum/ac9_maths_yr1_as_cd_alignment.pdf,owner_requested_import
AC9M1ST02,Representing and Comparing Data,practice,P09,"Each dot stands for one answer.
Red: ● ● ●
Blue: (no dots)
Yellow: ● ●
Which colour received no votes?","{""A"": ""Blue"", ""B"": ""Red"", ""C"": ""Yellow""}",A,"The blue row has no dots, so it represents zero votes.",mcq,interpret a zero category,recognise,,"{""type"": ""table"", ""headers"": [""Choice"", ""One dot per answer""], ""rows"": [[""Red"", ""● ● ●""], [""Blue"", ""No dots""], [""Yellow"", ""● ●""]]}",https://au.ixl.com/maths/year-1/interpret-picture-graphs,https://www.qcaa.qld.edu.au/downloads/aciqv9/mathematics/curriculum/ac9_maths_yr1_as_cd_alignment.pdf,owner_requested_import
AC9M1ST02,Representing and Comparing Data,practice,P10,"Each dot stands for one answer.
Slide: ● ● ● ● ●
Swings: ● ●
Sandpit: ● ● ● ●
Which place has the fewest choices?","{""A"": ""Slide"", ""B"": ""Swings"", ""C"": ""Sandpit""}",B,"Two is fewer than four and five, so swings has the fewest choices.",mcq,find the least frequent category,apply,,"{""type"": ""table"", ""headers"": [""Choice"", ""One dot per answer""], ""rows"": [[""Slide"", ""● ● ● ● ●""], [""Swings"", ""● ●""], [""Sandpit"", ""● ● ● ●""]]}",https://au.ixl.com/maths/year-1/interpret-picture-graphs,https://www.qcaa.qld.edu.au/downloads/aciqv9/mathematics/curriculum/ac9_maths_yr1_as_cd_alignment.pdf,owner_requested_import
AC9M1ST02,Representing and Comparing Data,practice,P11,"Each dot stands for one answer.
Car: ● ● ● ● ●
Bus: ● ● ●
How many more car answers are there than bus answers?","{""A"": ""8"", ""B"": ""2"", ""C"": ""3""}",B,Match three car dots with three bus dots. Two car dots are left over.,mcq,compare by matching and difference,reason,,"{""type"": ""table"", ""headers"": [""Choice"", ""One dot per answer""], ""rows"": [[""Car"", ""● ● ● ● ●""], [""Bus"", ""● ● ●""]]}",https://au.ixl.com/maths/year-1/interpret-picture-graphs,https://www.qcaa.qld.edu.au/downloads/aciqv9/mathematics/curriculum/ac9_maths_yr1_as_cd_alignment.pdf,owner_requested_import
AC9M1ST02,Representing and Comparing Data,practice,P12,"The class votes for a pet picture. The results are: rabbit 2, fish 4, bird 1. Make a labelled picture or dot display using one mark per vote.",{},Rabbit: ● ●; Fish: ● ● ● ●; Bird: ●.,Each row needs the same number of marks as the recorded votes.,short_answer,represent a frequency record,create,"Accept labelled rows with exactly 2, 4 and 1 marks, using a consistent one-to-one unit.","{""type"": ""table"", ""headers"": [""Choice"", ""Votes""], ""rows"": [[""Rabbit"", ""2""], [""Fish"", ""4""], [""Bird"", ""1""]]}",https://au.ixl.com/maths/year-1/interpret-picture-graphs,https://www.qcaa.qld.edu.au/downloads/aciqv9/mathematics/curriculum/ac9_maths_yr1_as_cd_alignment.pdf,owner_requested_import
AC9M1ST02,Representing and Comparing Data,practice,P13,Three children choose dancing. Each dot represents one child. Which row correctly shows their choices?,"{""A"": ""Dancing: ●"", ""B"": ""Dancing: ● ● ● ●"", ""C"": ""Dancing: ● ● ●""}",C,Three children need three dots in a one-to-one display.,mcq,choose a matching representation,apply,,null,https://au.ixl.com/maths/year-1/interpret-picture-graphs,https://www.qcaa.qld.edu.au/downloads/aciqv9/mathematics/curriculum/ac9_maths_yr1_as_cd_alignment.pdf,owner_requested_import
AC9M1ST02,Representing and Comparing Data,practice,P14,"Each dot stands for one answer.
Drawing: ● ● ● ●
Reading: ● ●
A child says, ""Everyone chose drawing."" Is the child right?","{""A"": ""Yes; drawing has four votes"", ""B"": ""Yes; drawing has more"", ""C"": ""No; two children chose reading""}",C,"Drawing has more votes, but the reading row shows that not everyone chose drawing.",mcq,check a claim against the display,reason,,"{""type"": ""table"", ""headers"": [""Choice"", ""One dot per answer""], ""rows"": [[""Drawing"", ""● ● ● ●""], [""Reading"", ""● ●""]]}",https://au.ixl.com/maths/year-1/interpret-picture-graphs,https://www.qcaa.qld.edu.au/downloads/aciqv9/mathematics/curriculum/ac9_maths_yr1_as_cd_alignment.pdf,owner_requested_import
AC9M1ST02,Representing and Comparing Data,practice,P15,"A display has two rows of dots, but no category names. Why should labels be added?","{""A"": ""To show what each row is about"", ""B"": ""To turn one dot into two votes"", ""C"": ""To make every row have the same count""}",A,Labels connect each count to the category it represents.,mcq,identify a needed display feature,reason,,null,https://au.ixl.com/maths/year-1/interpret-picture-graphs,https://www.qcaa.qld.edu.au/downloads/aciqv9/mathematics/curriculum/ac9_maths_yr1_as_cd_alignment.pdf,owner_requested_import
AC9M1ST02,Representing and Comparing Data,practice,P16,"Each dot stands for one answer.
Apple: ● ● ● ●
Banana: ●
Make another display of these votes using squares instead of dots. Label both rows.",{},Apple: ■ ■ ■ ■; Banana: ■.,Changing the symbol does not change the votes when each new symbol still represents one vote.,short_answer,translate a one-to-one representation,create,"Accept correctly labelled rows of four and one squares, retaining one square per vote.","{""type"": ""table"", ""headers"": [""Choice"", ""One dot per answer""], ""rows"": [[""Apple"", ""● ● ● ●""], [""Banana"", ""●""]]}",https://au.ixl.com/maths/year-1/interpret-picture-graphs,https://www.qcaa.qld.edu.au/downloads/aciqv9/mathematics/curriculum/ac9_maths_yr1_as_cd_alignment.pdf,owner_requested_import
AC9M1ST02,Representing and Comparing Data,practice,P17,"Each dot stands for one answer.
Kite: ● ●
Ball: ● ● ● ●
Teddy: ● ●
Which two toys have equal numbers of votes?","{""A"": ""Ball and teddy"", ""B"": ""Kite and ball"", ""C"": ""Kite and teddy""}",C,Kite and teddy each have two dots.,mcq,find equal categories in a display,reason,,"{""type"": ""table"", ""headers"": [""Choice"", ""One dot per answer""], ""rows"": [[""Kite"", ""● ●""], [""Ball"", ""● ● ● ●""], [""Teddy"", ""● ●""]]}",https://au.ixl.com/maths/year-1/interpret-picture-graphs,https://www.qcaa.qld.edu.au/downloads/aciqv9/mathematics/curriculum/ac9_maths_yr1_as_cd_alignment.pdf,owner_requested_import
AC9M1ST02,Representing and Comparing Data,practice,P18,"Each dot stands for one answer.
Story: ● ● ● ● ●
Song: ● ● ●
Which statement matches the votes?","{""A"": ""More children chose story than song"", ""B"": ""Story and song have equal votes"", ""C"": ""Every child chose song""}",A,"Five children chose story and three chose song, so story has more.",mcq,select an evidence-based statement,reason,,"{""type"": ""table"", ""headers"": [""Choice"", ""One dot per answer""], ""rows"": [[""Story"", ""● ● ● ● ●""], [""Song"", ""● ● ●""]]}",https://au.ixl.com/maths/year-1/interpret-picture-graphs,https://www.qcaa.qld.edu.au/downloads/aciqv9/mathematics/curriculum/ac9_maths_yr1_as_cd_alignment.pdf,owner_requested_import
AC9M1ST02,Representing and Comparing Data,practice,P19,"Each dot stands for one answer.
Plain: (no dots)
Striped: ● ● ● ●
What does the plain row tell you?","{""A"": ""Plain has more votes"", ""B"": ""Nobody chose plain"", ""C"": ""The plain choices were four""}",B,"With one dot per answer, an empty row shows zero answers.",mcq,explain an empty category,reason,,"{""type"": ""table"", ""headers"": [""Choice"", ""One dot per answer""], ""rows"": [[""Plain"", ""No dots""], [""Striped"", ""● ● ● ●""]]}",https://au.ixl.com/maths/year-1/interpret-picture-graphs,https://www.qcaa.qld.edu.au/downloads/aciqv9/mathematics/curriculum/ac9_maths_yr1_as_cd_alignment.pdf,owner_requested_import
AC9M1ST02,Representing and Comparing Data,practice,P20,The teddy row has three dots. The ball row must show the same number of votes. Use one dot per vote. Write the ball row.,{},Ball: ● ● ●.,The ball row needs three dots to show the same number as the teddy row.,short_answer,construct an equal-frequency row,create,Accept a labelled ball row containing exactly three one-to-one marks.,null,https://au.ixl.com/maths/year-1/interpret-picture-graphs,https://www.qcaa.qld.edu.au/downloads/aciqv9/mathematics/curriculum/ac9_maths_yr1_as_cd_alignment.pdf,owner_requested_import
AC9M1ST02,Representing and Comparing Data,practice,P21,"The data says: train 4, bike 2. A graph shows Train: ● ● and Bike: ● ● ● ●. What is wrong?","{""A"": ""Both rows have too many dots"", ""B"": ""The graph matches the data"", ""C"": ""The category labels are on the wrong rows""}",C,"The four-dot row should be train, and the two-dot row should be bike.",mcq,repair mismatched display labels,reason,,null,https://au.ixl.com/maths/year-1/interpret-picture-graphs,https://www.qcaa.qld.edu.au/downloads/aciqv9/mathematics/curriculum/ac9_maths_yr1_as_cd_alignment.pdf,owner_requested_import
AC9M1ST02,Representing and Comparing Data,practice,P22,A display shows Dog: ● ● ● and Cat: ● ●. You put the cat row first and the dog row second. Each dot still represents one vote. What changes?,"{""A"": ""Only the row order"", ""B"": ""The number of dog votes"", ""C"": ""The number of cat votes""}",A,Moving whole labelled rows does not change their counts.,mcq,reason about display rearrangement,reason,,null,https://au.ixl.com/maths/year-1/interpret-picture-graphs,https://www.qcaa.qld.edu.au/downloads/aciqv9/mathematics/curriculum/ac9_maths_yr1_as_cd_alignment.pdf,owner_requested_import
AC9M1ST02,Representing and Comparing Data,practice,P23,"Each block represents one vote.
Drawing: ■ ■ ■ ■
Music: ■ ■
Which has fewer votes?","{""A"": ""They are equal"", ""B"": ""Music"", ""C"": ""Drawing""}",B,"Music has two blocks and drawing has four, so music has fewer votes.",mcq,read a one-to-one block display,apply,,"{""type"": ""bars"", ""bars"": [{""label"": ""Drawing"", ""units"": 4}, {""label"": ""Music"", ""units"": 2}], ""caption"": ""Each block represents one vote.""}",https://au.ixl.com/maths/year-1/interpret-picture-graphs,https://www.qcaa.qld.edu.au/downloads/aciqv9/mathematics/curriculum/ac9_maths_yr1_as_cd_alignment.pdf,owner_requested_import
AC9M1ST02,Representing and Comparing Data,practice,P24,"Each dot stands for one answer.
Jigsaw: ● ● ●
Memory game: ● ● ● ● ●
Dominoes: ● ●
The class will play the game with the most votes. Which game should they choose? Explain using the display.",{},"Memory game, because it has 5 votes, more than either other game.","The memory game row is the largest, with five votes.",short_answer,use data to answer a decision question,reason,Accept memory game with an explanation that it has the most votes; an exact count is optional.,"{""type"": ""table"", ""headers"": [""Choice"", ""One dot per answer""], ""rows"": [[""Jigsaw"", ""● ● ●""], [""Memory game"", ""● ● ● ● ●""], [""Dominoes"", ""● ●""]]}",https://au.ixl.com/maths/year-1/interpret-picture-graphs,https://www.qcaa.qld.edu.au/downloads/aciqv9/mathematics/curriculum/ac9_maths_yr1_as_cd_alignment.pdf,owner_requested_import
AC9M1ST02,Representing and Comparing Data,test,T01,"Each dot stands for one answer.
Bird: ● ●
Fish: ● ● ● ● ●
Which animal has more votes?","{""A"": ""Bird"", ""B"": ""Fish"", ""C"": ""They are equal""}",B,"Fish has five votes and bird has two, so fish has more.",mcq,compare two category frequencies,apply,,"{""type"": ""table"", ""headers"": [""Choice"", ""One dot per answer""], ""rows"": [[""Bird"", ""● ●""], [""Fish"", ""● ● ● ● ●""]]}",https://au.ixl.com/maths/year-1/interpret-picture-graphs,https://www.qcaa.qld.edu.au/downloads/aciqv9/mathematics/curriculum/ac9_maths_yr1_as_cd_alignment.pdf,owner_requested_import
AC9M1ST02,Representing and Comparing Data,test,T02,"The record says: hat 2, cap 3. Each dot represents one choice. Which display matches?","{""A"": ""Hat: ●; Cap: ● ●"", ""B"": ""Hat: ● ● ●; Cap: ● ●"", ""C"": ""Hat: ● ●; Cap: ● ● ●""}",C,The hat row needs two dots and the cap row needs three.,mcq,choose a matching representation,apply,,null,https://au.ixl.com/maths/year-1/interpret-picture-graphs,https://www.qcaa.qld.edu.au/downloads/aciqv9/mathematics/curriculum/ac9_maths_yr1_as_cd_alignment.pdf,owner_requested_import
AC9M1ST02,Representing and Comparing Data,test,T03,"Each dot stands for one answer.
Blue: ● ● ● ●
Green: ● ●
Purple: ● ● ● ●
Which two colours have equal votes?","{""A"": ""Blue and green"", ""B"": ""Green and purple"", ""C"": ""Blue and purple""}",C,Blue and purple each have four votes.,mcq,find equal categories in a display,reason,,"{""type"": ""table"", ""headers"": [""Choice"", ""One dot per answer""], ""rows"": [[""Blue"", ""● ● ● ●""], [""Green"", ""● ●""], [""Purple"", ""● ● ● ●""]]}",https://au.ixl.com/maths/year-1/interpret-picture-graphs,https://www.qcaa.qld.edu.au/downloads/aciqv9/mathematics/curriculum/ac9_maths_yr1_as_cd_alignment.pdf,owner_requested_import
AC9M1ST02,Representing and Comparing Data,test,T04,"Children choose a book corner activity: reading 3, drawing 2, puzzles 1. Make a labelled display with one symbol per child.",{},Reading: ● ● ●; Drawing: ● ●; Puzzles: ●.,"A one-to-one display uses three, two and one symbols for these categories.",short_answer,represent a frequency record,create,"Accept three labelled rows with counts 3, 2 and 1, using any consistent one-to-one symbol.","{""type"": ""table"", ""headers"": [""Activity"", ""Children""], ""rows"": [[""Reading"", ""3""], [""Drawing"", ""2""], [""Puzzles"", ""1""]]}",https://au.ixl.com/maths/year-1/interpret-picture-graphs,https://www.qcaa.qld.edu.au/downloads/aciqv9/mathematics/curriculum/ac9_maths_yr1_as_cd_alignment.pdf,owner_requested_import
AC9M1ST02,Representing and Comparing Data,test,T05,"Six children choose bubbles. Each picture should represent one child, but the bubbles row has seven pictures. What should change?","{""A"": ""Remove one picture"", ""B"": ""Remove all the pictures"", ""C"": ""Add one picture""}",A,Six children need six pictures. The seventh picture is extra.,mcq,repair an excess symbol,reason,,null,https://au.ixl.com/maths/year-1/interpret-picture-graphs,https://www.qcaa.qld.edu.au/downloads/aciqv9/mathematics/curriculum/ac9_maths_yr1_as_cd_alignment.pdf,owner_requested_import
AC9M1ST02,Representing and Comparing Data,test,T06,"Each dot stands for one answer.
Football: ● ● ● ●
Tag: ● ● ●
Which question can this display answer?","{""A"": ""What did each child eat?"", ""B"": ""Which game got more votes?"", ""C"": ""Why did each child choose a game?""}",B,"The display shows numbers of votes, so it can compare game choices. It does not give reasons.",mcq,identify an answerable data question,reason,,"{""type"": ""table"", ""headers"": [""Choice"", ""One dot per answer""], ""rows"": [[""Football"", ""● ● ● ●""], [""Tag"", ""● ● ●""]]}",https://au.ixl.com/maths/year-1/interpret-picture-graphs,https://www.qcaa.qld.edu.au/downloads/aciqv9/mathematics/curriculum/ac9_maths_yr1_as_cd_alignment.pdf,owner_requested_import
AC9M1ST02,Representing and Comparing Data,test,T07,"Each dot stands for one answer.
Triangle: ● ● ●
Circle: ● ● ● ● ●
Which statement is correct?","{""A"": ""Triangle has two more votes than circle"", ""B"": ""Circle has two more votes than triangle"", ""C"": ""Both shapes have five votes""}",B,Match three votes in each row. Two circle votes remain.,mcq,compare by matching and difference,reason,,"{""type"": ""table"", ""headers"": [""Choice"", ""One dot per answer""], ""rows"": [[""Triangle"", ""● ● ●""], [""Circle"", ""● ● ● ● ●""]]}",https://au.ixl.com/maths/year-1/interpret-picture-graphs,https://www.qcaa.qld.edu.au/downloads/aciqv9/mathematics/curriculum/ac9_maths_yr1_as_cd_alignment.pdf,owner_requested_import
AC9M1ST02,Representing and Comparing Data,test,T08,"Each dot stands for one answer.
Train: ● ● ● ●
Boat: ●
A child says the boat received more votes. Explain why the display does not agree.",{},"Boat has only 1 vote and train has 4, so train has more.",Compare the counts in the labelled rows: four is greater than one.,short_answer,explain why a claim is wrong,reason,"Accept an explanation that train has more or boat has fewer, supported by counting or matching.","{""type"": ""table"", ""headers"": [""Choice"", ""One dot per answer""], ""rows"": [[""Train"", ""● ● ● ●""], [""Boat"", ""●""]]}",https://au.ixl.com/maths/year-1/interpret-picture-graphs,https://www.qcaa.qld.edu.au/downloads/aciqv9/mathematics/curriculum/ac9_maths_yr1_as_cd_alignment.pdf,owner_requested_import
AC9M1ST02,Representing and Comparing Data,test,T09,The record says three children chose the park and two chose the pool. The display is Park: ● ● ●; Pool: ●. Each dot is one child. What is missing?,"{""A"": ""One pool dot"", ""B"": ""Three park dots"", ""C"": ""One park dot""}",A,The pool row needs two dots and currently has one.,mcq,complete a one-to-one display,reason,,null,https://au.ixl.com/maths/year-1/interpret-picture-graphs,https://www.qcaa.qld.edu.au/downloads/aciqv9/mathematics/curriculum/ac9_maths_yr1_as_cd_alignment.pdf,owner_requested_import
AC9M1ST02,Representing and Comparing Data,test,T10,"Each dot stands for one answer.
Red ribbon: (no dots)
Striped ribbon: ● ● ●
Dotted ribbon: ● ●
Which ribbon was not chosen?","{""A"": ""Dotted ribbon"", ""B"": ""Striped ribbon"", ""C"": ""Red ribbon""}",C,"The red ribbon row has no dots, so it received no votes.",mcq,interpret a zero category,recognise,,"{""type"": ""table"", ""headers"": [""Choice"", ""One dot per answer""], ""rows"": [[""Red ribbon"", ""No dots""], [""Striped ribbon"", ""● ● ●""], [""Dotted ribbon"", ""● ●""]]}",https://au.ixl.com/maths/year-1/interpret-picture-graphs,https://www.qcaa.qld.edu.au/downloads/aciqv9/mathematics/curriculum/ac9_maths_yr1_as_cd_alignment.pdf,owner_requested_import
AC9M1ST02,Representing and Comparing Data,test,T11,"A graph has four star pictures in one row. Its rule is ""one star picture for each child"". How many children does the row show?","{""A"": ""4"", ""B"": ""1"", ""C"": ""8""}",A,Count one child for each picture. Four pictures show four children.,mcq,interpret a one-to-one key,recognise,,null,https://au.ixl.com/maths/year-1/interpret-picture-graphs,https://www.qcaa.qld.edu.au/downloads/aciqv9/mathematics/curriculum/ac9_maths_yr1_as_cd_alignment.pdf,owner_requested_import
AC9M1ST02,Representing and Comparing Data,test,T12,A display shows Apple: ● ● and Pear: ● ● ● ●. Rewrite it with pear first and apple second. Keep one dot per vote.,{},Pear: ● ● ● ●; Apple: ● ●.,Changing row order should preserve both labels and their counts.,short_answer,rearrange a display without changing data,create,Accept pear first with four marks and apple second with two marks.,null,https://au.ixl.com/maths/year-1/interpret-picture-graphs,https://www.qcaa.qld.edu.au/downloads/aciqv9/mathematics/curriculum/ac9_maths_yr1_as_cd_alignment.pdf,owner_requested_import
AC9M1ST02,Representing and Comparing Data,test,T13,"Each dot represents one vote.
Blocks: ● ● ● ●
Sand: ●    ●    ●    ●
Which conclusion is correct?","{""A"": ""The choices have equal votes"", ""B"": ""Blocks has more because its dots are closer"", ""C"": ""Sand has more because its row is wider""}",A,Each row has four dots. The space between dots does not change the count.,mcq,compare counts despite spacing,reason,,null,https://au.ixl.com/maths/year-1/interpret-picture-graphs,https://www.qcaa.qld.edu.au/downloads/aciqv9/mathematics/curriculum/ac9_maths_yr1_as_cd_alignment.pdf,owner_requested_import
AC9M1ST02,Representing and Comparing Data,test,T14,"Each dot stands for one answer.
Swimming: ● ●
Running: ● ● ● ● ●
Cycling: ● ● ●
Which activity has the fewest votes?","{""A"": ""Cycling"", ""B"": ""Swimming"", ""C"": ""Running""}",B,Two swimming votes are fewer than three cycling votes and five running votes.,mcq,find the least frequent category,apply,,"{""type"": ""table"", ""headers"": [""Choice"", ""One dot per answer""], ""rows"": [[""Swimming"", ""● ●""], [""Running"", ""● ● ● ● ●""], [""Cycling"", ""● ● ●""]]}",https://au.ixl.com/maths/year-1/interpret-picture-graphs,https://www.qcaa.qld.edu.au/downloads/aciqv9/mathematics/curriculum/ac9_maths_yr1_as_cd_alignment.pdf,owner_requested_import
AC9M1ST02,Representing and Comparing Data,test,T15,"Each dot stands for one answer.
Apple juice: ● ● ● ●
Water: ● ● ●
Does this show that every child chose apple juice?","{""A"": ""Yes; apple juice has more votes"", ""B"": ""Yes; four is the biggest count"", ""C"": ""No; three chose water""}",C,A larger number of votes does not mean that every child made that choice.,mcq,check a claim against the display,reason,,"{""type"": ""table"", ""headers"": [""Choice"", ""One dot per answer""], ""rows"": [[""Apple juice"", ""● ● ● ●""], [""Water"", ""● ● ●""]]}",https://au.ixl.com/maths/year-1/interpret-picture-graphs,https://www.qcaa.qld.edu.au/downloads/aciqv9/mathematics/curriculum/ac9_maths_yr1_as_cd_alignment.pdf,owner_requested_import
AC9M1ST02,Representing and Comparing Data,test,T16,"Votes for a class pet picture are: rabbit 2, turtle 4. Make a one-to-one dot display. Then name the picture with more votes.",{},Rabbit: ● ●; Turtle: ● ● ● ●. Turtle has more votes.,"The turtle row has four votes, which is more than the two rabbit votes.",short_answer,create and interpret a display,create,"Require correctly labelled counts of two and four, plus turtle as the more frequent choice.",null,https://au.ixl.com/maths/year-1/interpret-picture-graphs,https://www.qcaa.qld.edu.au/downloads/aciqv9/mathematics/curriculum/ac9_maths_yr1_as_cd_alignment.pdf,owner_requested_import
