codes,video_url,title,creator,min_year,max_year,focus,watch_prompt,after_watching,source_url,review_note
AC9MFN01,https://www.youtube.com/watch?v=Aq4UAss33qA,Count & Move,Super Simple Songs,0,0,Saying the number sequence from 1 to 20 while moving. Use the topic lesson for zero and ordering numerals.,Which number comes just after 19?,Put number cards 1 to 20 in order. Add a zero card before 1.,https://supersimple.com/song/count-and-move/,Official creator page and its YouTube iframe ID checked. Counting to 20 is explicit. Playback needs final review.
AC9MFN01,https://www.youtube.com/watch?v=OinudV2LWlo,Count to 10,Khan Academy Kids,0,0,Counting a small collection carefully before extending to 20.,How can you count each toy just once?,Count ten blocks. Move them into another arrangement and check that there are still ten.,https://blog.khanacademy.org/khan-kids-learn-to-count-with-khan-academy-kids/,Official Khan Kids article and iframe ID verified by root. Supports counting to ten only; the first video extends the sequence to twenty.
AC9MFN02,https://www.youtube.com/watch?v=PSlA-u_ABmU,Subitize Up To 5 (soo-bi-tize) | Math Song for Kids | Jack Hartmann,Jack Hartmann Kids Music Channel,0,0,Recognising small groups up to five without counting one by one.,Can you say how many dots you see before they disappear?,Ask an adult to show a card with one to five dots briefly. Say the number and describe what you noticed.,https://www.youtube.com/watch?v=PSlA-u_ABmU,Original YouTube title and creator confirmed by public oEmbed. Australian term is subitising. No full audiovisual playback claim.
AC9MFN03,https://www.youtube.com/watch?v=mKSNQuQrsm0,Counting | Mini Math Movies,Scratch Garden,0,0,Counting objects and noticing that rearranging them does not change how many there are. The examples start within ten.,Does moving the objects change how many there are?,Make a group of six blocks and a group of eight. Count or match them to explain which has more.,https://scratchgarden.com/videos/counting/,"Official creator page, embedded YouTube ID and description checked; lyrics checked when supplied. Full audiovisual playback needs final review."
AC9MFN04,https://www.youtube.com/watch?v=A-ykhY_IoaU,Making 5 | Early Math,Khan Academy,0,0,Finding different pairs of parts that make a whole of five.,What can you put with three to make five?,Use five counters. Split them into two parts in three different ways and explain each whole.,https://www.khanacademy.org/math/cc-kindergarten-math/cc-kindergarten-add-subtract/kindergarten-make-10/v/making-5,"Official Kindergarten lesson title, 4:06 duration and original YouTube result checked. Supports five before the lesson extends to ten. Playback needs final review."
AC9MFN05,https://www.youtube.com/watch?v=pZw9veQ76fo,Five Little Ducks,Super Simple Songs,0,0,Using a familiar story to notice one less and count what remains.,How many little ducks remain when one does not come back?,"Use five toy ducks or counters. Move one away, count those left, and tell your own take-away story.",https://supersimple.com/song/five-little-ducks/,"Official creator page, lyrics and original YouTube result checked. Story context supports concrete subtraction; it does not cover every addition strategy."
AC9MFN06,https://www.youtube.com/watch?v=DgeZnmEpX40,Grouping and Sharing | Numbers | Y1 Maths | FuseSchool Kids,FuseSchool Kids,0,0,Making equal groups by sharing objects.,How can you check that each group has the same number?,"Share six counters between two toy animals, one counter at a time. Count each group to check it is fair.",https://www.youtube.com/watch?v=DgeZnmEpX40,"Original creator result labels UK Year 1 and kindergarten, consistent with Foundation ages five to six. Description covers grouping and sharing. Playback and exact example range need final review."
AC9MFA01,https://www.youtube.com/watch?v=MBjjxSx45-Q,Patterns Practice,Scratch Garden,0,0,"Spotting and continuing a repeating pattern in colours, shapes and sounds.",Which part keeps repeating?,"Make a clap-tap-clap-tap pattern, then invent a repeating pattern with two kinds of objects.",https://scratchgarden.com/videos/patterns-practice/,"Official creator page, embedded YouTube ID and description checked; lyrics checked when supplied. Full audiovisual playback needs final review."
AC9MFM01,https://www.youtube.com/watch?v=o-D-8B_5ibU,Comparing lengths | Early Math,Khan Academy,0,0,"Comparing which object is longer or shorter. This video supports length; the lesson also explores mass, capacity and duration.",Why should the objects start at the same place when you compare them?,Put two pencils side by side with their ends lined up. Explain which is longer.,https://www.khanacademy.org/math/early-math/cc-early-math-measure-data-topic/cc-early-math-compare-estimate-length/v/comparing-lengths,Official Early Math lesson and matching YouTube result checked; official duration 3:07. Direct length comparison fits Foundation; no formal units are required in the follow-up.
AC9MFM02,https://www.youtube.com/watch?v=3XzNRBRNU7E,Days of the Week,Scratch Garden,0,0,Remembering the sequence of the seven days. Use the lesson to connect days and times to your own routines.,Which day comes after Tuesday?,Put the seven days in order and draw one familiar activity beside a day.,https://scratchgarden.com/videos/days-of-the-week/,"Official creator page, embedded YouTube ID and description checked; lyrics checked when supplied. Full audiovisual playback needs final review."
AC9MFSP01,https://www.youtube.com/watch?v=coZfbTIzS5I,Simple Shapes,Scratch Garden,0,0,Recognising familiar flat shapes and looking for them in objects.,What do you notice about a triangle?,"Find a circle, rectangle and triangle around you. Explain how you recognised each one.",https://scratchgarden.com/videos/simple-shapes/,Official creator page and iframe ID checked. It uses diamond as an everyday shape name; this is not a separate formal shape classification. Playback needs final review.
AC9MFSP02,https://www.youtube.com/watch?v=HnlJzWhsNnw,Location & Directions,Scratch Garden,0,0,Using position words to describe where something is and how it moves.,Which word tells you where the object is?,"Put a toy under, beside and behind a box. Give a partner one instruction using a position word.",https://scratchgarden.com/videos/location-directions/,"Official creator page, embedded YouTube ID and description checked; lyrics checked when supplied. Full audiovisual playback needs final review."
AC9MFST01,https://www.youtube.com/watch?v=Zg5AAxgf9qg,Sort the Same Group Two Different Ways | Preschool and Kindergarten | Kids Academy,Kids Academy,0,0,"Sorting a collection by a visible feature, ready to count and compare the groups.",Which visible feature could help you sort the objects?,"Ask which colour appears most in six coloured blocks. Sort the blocks into rows, count each row and answer the question.",https://www.youtube.com/watch?v=Zg5AAxgf9qg,Root verified original Kids Academy identity and embeddable player with YouTube oEmbed. Public description supports sorting visible features. No leaf-specific scene is claimed; full playback is pending.
AC9SFU01,https://www.youtube.com/watch?v=Zg5AAxgf9qg,Sort the Same Group Two Different Ways | Preschool and Kindergarten | Kids Academy,Kids Academy,0,0,Grouping things by a visible feature. Apply this idea to plant and animal features in the topic lesson.,Which visible feature could help you sort the objects?,Look at photographs of four leaves. Sort them by shape or colour and explain your rule.,https://www.youtube.com/watch?v=Zg5AAxgf9qg,Root verified original Kids Academy identity and embeddable player with YouTube oEmbed. Public description supports sorting visible features. No leaf-specific scene is claimed; full playback is pending.
AC9SFU02,https://www.youtube.com/watch?v=JvSClZ3vHOI,"Swings, Slides, and Science | Physics for Kids",SciShow Kids,0,0,Noticing different movements in a familiar playground.,How is moving on a swing different from moving down a slide?,"Describe a toy rolling and a block sliding. With an adult, compare the same toy moving on a smooth surface and a towel.",https://www.youtube.com/watch?v=JvSClZ3vHOI,"Original SciShow Kids result describes swings and slides as everyday science. Used for movement observations, not formal force laws. Full playback and explanation depth need final review."
AC9SFU03,https://www.youtube.com/watch?v=tDVS9XSqt90,Texture,Scratch Garden,0,0,Describing how the surface of a material feels. Use the lesson to identify what objects are made from.,Which words describe a surface you might touch?,"With an adult, compare safe pieces of cloth, paper and wood. Name each material and describe its surface.",https://scratchgarden.com/videos/texture/,"Official creator page, iframe and lyrics checked. Supports observable texture, one part of the materials outcome. The follow-up avoids tasting or touching unsafe objects."
AC9SFH01,https://www.youtube.com/watch?v=uGCexyr4IYw,Let's Be Scientists!,Planet Nutshell,0,0,Using a question and an observation to learn about something.,What could you look at carefully to help answer a question?,Choose a familiar toy and ask one question about how it moves. Tell an adult what you could observe.,https://planetnutshell.com/portfolio/lets-be-scientists/,Official creator description confirms an early-childhood KET video about testing predictions and drawing conclusions. Root confirmed the original Planet Nutshell YouTube upload. Playback is not fully reviewed.
AC9SFI01,https://www.youtube.com/watch?v=uGCexyr4IYw,Let's Be Scientists!,Planet Nutshell,0,0,Making a prediction before checking what happens.,"What do you think will happen, and why?","Before rolling a toy car gently, predict where it will stop. Tell an adult what experience helped you predict.",https://planetnutshell.com/portfolio/lets-be-scientists/,Official creator description confirms an early-childhood KET video about testing predictions and drawing conclusions. Root confirmed the original Planet Nutshell YouTube upload. Playback is not fully reviewed.
AC9SFI02,https://www.youtube.com/watch?v=zfnwd1wr-K4,Using Our Senses to Explore the Beach! | SciShow Kids,SciShow Kids,0,0,Using your senses to notice things about a place.,What can you learn by looking and listening?,"With an adult, observe a safe outdoor spot. Draw something you see and describe something you hear; leave unknown objects alone.",https://www.youtube.com/watch?v=zfnwd1wr-K4,Original SciShow Kids title and public description checked. Senses and observation fit Foundation. Follow-up is adult-supported and does not ask children to taste unknown materials. Full playback needs review.
AC9SFI03,https://www.youtube.com/watch?v=Zg5AAxgf9qg,Sort the Same Group Two Different Ways | Preschool and Kindergarten | Kids Academy,Kids Academy,0,0,Looking for shared features and sorting observations into groups. The follow-up records your own observations with pictures.,Which visible feature could help you sort the objects?,"Draw two labelled boxes with an adult. Draw or place leaf pictures in the boxes using one feature, then describe what you notice.",https://www.youtube.com/watch?v=Zg5AAxgf9qg,Root verified original Kids Academy identity and embeddable player with YouTube oEmbed. Public description supports sorting visible features. No leaf-specific scene is claimed; full playback is pending.
AC9SFI04,https://www.youtube.com/watch?v=uGCexyr4IYw,Let's Be Scientists!,Planet Nutshell,0,0,Comparing what you expected with what you observed.,Did the result match the prediction?,"After a simple toy-car test, finish these spoken ideas with an adult: I thought... I saw... They were the same or different because...",https://planetnutshell.com/portfolio/lets-be-scientists/,Official creator description confirms an early-childhood KET video about testing predictions and drawing conclusions. Root confirmed the original Planet Nutshell YouTube upload. Playback is not fully reviewed.
AC9SFI05,https://www.youtube.com/watch?v=uGCexyr4IYw,Let's Be Scientists!,Planet Nutshell,0,0,Using a prediction and observation to explain a result.,What would you tell a friend about what happened?,"Show an adult a drawing of a simple observation. Say your question, what you expected and what you noticed.",https://planetnutshell.com/portfolio/lets-be-scientists/,Official creator description confirms an early-childhood KET video about testing predictions and drawing conclusions. Root confirmed the original Planet Nutshell YouTube upload. Playback is not fully reviewed.
AC9EFLA01,https://www.youtube.com/watch?v=YVahJKMk2VY,Courtesy,Scratch Garden,0,0,Choosing courteous words for requests and replies.,Which words help someone ask politely?,Role-play asking a friend and then a teacher for a pencil. Discuss what words you used and why.,https://scratchgarden.com/videos/courtesy/,"Official creator page, iframe and lyrics checked. Examples support exploring language choices; no claim that every family or culture uses identical manners."
AC9EFLA02,https://www.youtube.com/watch?v=frN3nvhIHUk,Do You Like Broccoli Ice Cream?,Super Simple Songs,0,0,Asking about likes and dislikes and answering for yourself.,Can two people like different foods?,Tell a partner one food you like and one you do not like. Ask about their choices and listen to the answer.,https://supersimple.com/song/do-you-like-broccoli-ice-cream/,"Official creator page, iframe and lyrics checked. Creator explicitly presents this as a likes-and-dislikes song. Personal preferences may differ; no food judgement is required."
AC9EFLA03,https://www.youtube.com/watch?v=gigk0nc4UaU,Parts of a Book | Print Awareness,Khan Academy Kids,0,0,Exploring a book as one kind of text. The lesson also introduces signs and digital texts.,How can you tell that this is a book?,"Find a book, a sign and a digital message with an adult. Explain one thing each helps a reader do.",https://blog.khanacademy.org/khan-kids-the-science-of-reading-in-a-nutshell/,"Official Khan Kids article embeds this exact ID and recommends it for pre-literacy. This is the book example, not complete coverage of text forms."
AC9EFLA04,https://www.youtube.com/watch?v=gigk0nc4UaU,Parts of a Book | Print Awareness,Khan Academy Kids,0,0,"Finding the cover, title and other familiar parts of a book.",Where would you look for the title?,"Pick up a book. Show its front cover and title, then demonstrate how you turn its pages.",https://blog.khanacademy.org/khan-kids-the-science-of-reading-in-a-nutshell/,Official Khan Kids article embeds this exact ID for pre-literacy print awareness. Digital navigation conventions remain in the topic lesson.
AC9EFLA05,https://www.youtube.com/watch?v=BXau_VgbbZI,Parts of a Sentence | Pre-K and Kindergarten Version,Jack Hartmann Kids Music Channel,0,0,Recognising a sentence as words that tell a complete idea.,Does a sentence help you tell a whole idea?,Say one complete idea about a pet or toy. Ask an adult to write it and read it back to you.,https://www.youtube.com/watch?v=BXau_VgbbZI,Original creator result describes the Pre-K/Kindergarten sentence song; its current search title also says Parts of Speech Song for Kids. It uses period; explain that Australians usually say full stop. Playback needs review.
AC9EFLA06,https://www.youtube.com/watch?v=BXau_VgbbZI,Parts of a Sentence | Pre-K and Kindergarten Version,Jack Hartmann Kids Music Channel,0,0,Noticing that words work together to make a sentence with meaning.,What helps the words make sense together?,"Ask an adult to write The cat sits. on three word cards. Put them in order, read the sentence and say what it means.",https://www.youtube.com/watch?v=BXau_VgbbZI,Original creator description identifies complete ideas and sentence words/spaces. Foundation task stays with meaningful word order; no formal subject-predicate terminology is required. Video uses period for full stop.
AC9EFLA07,https://www.youtube.com/watch?v=24bGmyLH3Qw,How Illustrations Show Mood | Reading Comprehension,Khan Academy Kids,0,0,Noticing how a picture helps us understand feelings in a story.,What detail in the picture gives you a clue about a feeling?,Draw a character feeling excited. Tell a partner which detail in your picture shows the feeling.,https://www.youtube.com/watch?v=24bGmyLH3Qw,Official Khan Academy Kids result and specific illustration/mood title checked. Supports reading picture clues in stories; informative-text images remain in the lesson. Playback needs review.
AC9EFLA08,https://www.youtube.com/watch?v=uos7eDRUokE,Feelings,Scratch Garden,0,0,Learning words that help you describe familiar feelings.,Which feeling word is new to you?,Choose two feeling words and describe a familiar time you might feel each one. You may invent a pretend example.,https://scratchgarden.com/videos/feelings/,"Official creator page, embedded YouTube ID and description checked; lyrics checked when supplied. Full audiovisual playback needs final review."
AC9EFLA09,https://www.youtube.com/watch?v=gghvLTSS-eQ,The Sentence Song — capital letters and full stops,Scratch Garden,0,0,Noticing capital letters at sentence beginnings and punctuation at the end.,Which mark ends a statement and which mark ends a question?,Ask an adult to write your name and one sentence. Find the capital letters and circle the end mark.,https://scratchgarden.com/videos/sentences/,Official creator page explicitly offers this capital-letter/full-stop variant. Lyrics and actual iframe ID checked. Names are practised in the follow-up; video primarily teaches sentence boundaries.
AC9EFLE01,https://www.youtube.com/watch?v=IKjN1y30btI,Abuela Chela Quits | Story Time with Khan Academy Kids,Khan Academy Kids,0,0,Listening to a family story and connecting an event with your own experience.,What feels familiar or different about this family story?,Tell an adult about a time people helped with a shared job. Compare it with one event in the story.,https://blog.khanacademy.org/khan-kids-free-books-for-kids/,Official Khan Kids publisher article directly links this English read-aloud. Shared listening with an adult fits Foundation; independent reading is not expected. This world-literature example does not replace First Nations Australian and Australian texts.
AC9EFLE02,https://www.youtube.com/watch?v=2iXpmnaT4HY,How to Learn about Characters | Reading Comprehension,Khan Academy Kids,0,0,Using a character clue to talk about feelings and actions.,What does the character do that helps you understand them?,Choose a character from a story you know. Tell an adult how you feel about one thing the character did.,https://blog.khanacademy.org/khan-kids-the-science-of-reading-in-a-nutshell/,Official Khan Kids article embeds this character-comprehension lesson. Keep discussion concrete and adult-supported; avoid formal inference terminology. Playback needs review.
AC9EFLE03,https://www.youtube.com/watch?v=pZw9veQ76fo,Five Little Ducks,Super Simple Songs,0,0,Noticing the characters and the beginning and ending of a familiar rhyme.,"Who is in the rhyme, and what changes by the end?",Draw the beginning and ending in two boxes. Explain why this is a rhyme or song rather than an information book.,https://supersimple.com/song/five-little-ducks/,"Official creator page and lyrics checked; original upload is pZw9veQ76fo. Used as a literary example, not a claim to cover every literary type."
AC9EFLE04,https://www.youtube.com/watch?v=pZw9veQ76fo,Five Little Ducks,Super Simple Songs,0,0,Joining in a repeated rhythm and listening for rhyming sounds.,Which words sound alike at the ends of lines?,Tap a gentle beat while joining in one familiar part. Try the rhythm with your own made-up animal sounds.,https://supersimple.com/song/five-little-ducks/,Official creator song and lyrics checked. Prompts are original; no lyrics are copied into SkillrHub.
AC9EFLE05,https://www.youtube.com/watch?v=fqeMhwiL6Go,Let's Tell a Story,Planet Nutshell,0,0,Using imagination to tell and change a story.,What could you change to make the story your own?,Use toys to retell a familiar story. Change one character or place and explain your new version.,https://planetnutshell.com/portfolio/lets-tell-a-story/,Creator confirms a KET early-childhood video about storytelling and creativity; original YouTube result matches. Full playback needs review.
AC9EFLY01,https://www.youtube.com/watch?v=SV5qoOWONm8,Fiction v. Nonfiction | Reading Comprehension,Khan Academy Kids,0,0,Noticing that some books tell imagined stories while others give information.,Is this book helping us imagine a story or learn information?,Choose a storybook and an information book with an adult. Say what each is for.,https://www.youtube.com/watch?v=SV5qoOWONm8,Official Khan Academy Kids title and original result checked. Explain fiction and nonfiction in everyday words and avoid assuming every picture book is fiction. Playback needs review.
AC9EFLY02,https://www.youtube.com/watch?v=Z155TgEs8yA,Listening and Following Directions | It's Easy With Twinkl,Twinkl Teaching Resources - United States,0,0,Listening carefully and following a spoken instruction.,What do you need to hear before you start the action?,Take turns giving a partner one simple instruction. Listen until they finish and use a voice they can hear comfortably.,https://www.youtube.com/watch?v=Z155TgEs8yA,Official Twinkl USA channel lists the original lesson. Public description includes whole-body listening; the Skillr task allows comfortable posture and does not require eye contact or sitting still. Playback needs review.
AC9EFLY03,https://www.youtube.com/watch?v=SV5qoOWONm8,Fiction v. Nonfiction | Reading Comprehension,Khan Academy Kids,0,0,Comparing an imagined story with a text that gives information.,What clue helps you decide whether the text is imaginative or informative?,"With an adult, compare two books about the same animal: one story and one information book. Explain one difference.",https://www.youtube.com/watch?v=SV5qoOWONm8,Official creator result checked. Use everyday imaginative/informative language; pictures can appear in both kinds of text. Playback needs review.
AC9EFLY04,https://www.youtube.com/watch?v=oDVAhDyHZaA,CVC Words | Letter a | Phonics Song,Jack Hartmann Kids Music Channel,0,0,Blending sounds in simple short-a words before reading them in a sentence.,Can you blend the three sounds into one word?,"Read an adult-written sentence such as The cat sat. Blend any unfamiliar CVC word, then explain what the sentence means.",https://www.youtube.com/watch?v=oDVAhDyHZaA,Original creator title and description confirm short-a CVC practice for emerging readers. Follow-up adds meaning checking; this video is not a complete reading programme. Playback needs review.
AC9EFLY05,https://www.youtube.com/watch?v=mT9mYdCjP48,"What, Why, How | Reading Comprehension",Khan Academy Kids,0,0,Asking questions to understand details in a text.,What question helps you understand what happened?,"After hearing a short story, ask an adult one what, why or how question. Discuss a clue that helps answer it.",https://www.youtube.com/watch?v=mT9mYdCjP48,"Official Khan Academy Kids result describes key-detail comprehension. Questioning supplement; visualising, connecting and summarising remain in the topic lesson. Playback needs review."
AC9EFLY06,https://www.youtube.com/watch?v=gghvLTSS-eQ,The Sentence Song — capital letters and full stops,Scratch Garden,0,0,Checking the beginning and end of a short written sentence.,What should you check at the start and end of a sentence?,"Write or dictate one sentence about today. With an adult, check its capital letter, spaces and end mark. Sound out any CVC words.",https://scratchgarden.com/videos/sentences/,Official creator full-stop variant and lyrics checked. This supplements sentence-boundary editing; vocabulary and spelling teaching remain in the lesson.
AC9EFLY07,https://www.youtube.com/watch?v=vXWK1-L41f0,The Five W's Song,Scratch Garden,0,0,"Thinking about who, what, where and when before telling someone about an event.",Which question helps you say where something happened?,"Tell a partner about one familiar event using who, what and where. Speak at a comfortable volume and ask whether they could hear.",https://scratchgarden.com/videos/five-ws/,"Official original YouTube result identifies five question words; creator page is in its sitemap. Supports planning spoken content, while the follow-up practises voice and delivery. Playback needs review."
AC9EFLY08,https://www.youtube.com/watch?v=Yj1TwQywaIE,I'm so Excited to Read and Write | A - Z | Letter Formation,Jack Hartmann Kids Music Channel,0,0,"Watching how letters are formed, then practising a few carefully.",Where does the letter you are practising begin?,"Choose one letter with an adult. Trace it in the air, then write its upper-case and lower-case forms using your school model.",https://www.youtube.com/watch?v=Yj1TwQywaIE,Original title and Jack Hartmann creator confirmed by public oEmbed. Letter formation can differ between Australian school handwriting styles; use the local class model for final practice. No full playback claim.
AC9EFLY09,https://www.youtube.com/watch?v=4PW3_LErVZk,Rhyming Words,Scratch Garden,0,0,Hearing words that have the same ending sound.,Can you hear two words that rhyme?,"Say cat, then invent or find two words with the same ending sound. Explain whether dog belongs in that group.",https://scratchgarden.com/videos/rhyming-words/,"Official creator page, embedded YouTube ID and description checked; lyrics checked when supplied. Full audiovisual playback needs final review."
AC9EFLY09,https://www.youtube.com/watch?v=9S7DY2lgJlU,Syllables,Scratch Garden,0,0,Hearing and clapping the beats in spoken words.,How many beats can you hear in your name?,Clap the syllables in three familiar names. Sort them by the number of beats you hear.,https://scratchgarden.com/videos/syllables/,"Official creator page, embedded YouTube ID and description checked; lyrics checked when supplied. Full audiovisual playback needs final review."
AC9EFLY10,https://www.youtube.com/watch?v=4bm0v0LBOzQ,Phonemes | Beginning Sounds and Phonics,Khan Academy Kids,0,0,Listening for the first sound in a spoken word.,What sound can you hear at the beginning?,"Say sun, sock and leaf. Group the words that begin with the same sound, then choose your own example.",https://blog.khanacademy.org/khan-kids-the-science-of-reading-in-a-nutshell/,Official Khan Kids article embeds this exact beginning-phoneme lesson. Supports sound isolation; blending and segmenting receive a separate CVC example.
AC9EFLY10,https://www.youtube.com/watch?v=oDVAhDyHZaA,CVC Words | Letter a | Phonics Song,Jack Hartmann Kids Music Channel,0,0,Hearing separate sounds and blending them into a short word.,What happens when you say the three sounds smoothly together?,"An adult says the separate sounds in map. Blend the word, then say its sounds one at a time.",https://www.youtube.com/watch?v=oDVAhDyHZaA,Original creator description confirms CVC blending for emerging readers. Supports spoken blending and segmenting; the lesson separately teaches word boundaries in sentences.
AC9EFLY11,https://www.youtube.com/watch?v=2wXG9_IVr5s,Learning the Alphabet,Jack Hartmann Kids Music Channel,0,0,Connecting letter names with common beginning sounds.,Which letter matches the sound at the start of your name?,Choose three letters. Match each upper-case and lower-case pair and say a word beginning with its common sound.,https://www.youtube.com/watch?v=2wXG9_IVr5s,"Original creator result explicitly covers alphabet recognition, letter sounds and beginning-letter examples. Explain the Australian letter name zed if the video says zee. Playback needs review."
AC9EFLY12,https://www.youtube.com/watch?v=oDVAhDyHZaA,CVC Words | Letter a | Phonics Song,Jack Hartmann Kids Music Channel,0,0,Blending and writing simple words with short a.,Which vowel sound can you hear in the middle?,"Blend cat aloud. Say its sounds, write the matching letters and read the word back.",https://www.youtube.com/watch?v=oDVAhDyHZaA,Original Jack Hartmann title and short-vowel CVC description checked. Adult supports accurate short sounds without added uh. Writing task is original; no full audiovisual review claim.
AC9EFLY12,https://www.youtube.com/watch?v=_lM8cVG_xoQ,CVC Words | Letter e | Phonics Song,Jack Hartmann Kids Music Channel,0,0,Blending and writing simple words with short e.,Which vowel sound can you hear in the middle?,"Blend pet aloud. Say its sounds, write the matching letters and read the word back.",https://www.youtube.com/watch?v=_lM8cVG_xoQ,Original Jack Hartmann title and short-vowel CVC description checked. Adult supports accurate short sounds without added uh. Writing task is original; no full audiovisual review claim.
AC9EFLY12,https://www.youtube.com/watch?v=13clYehVJHo,CVC Words | Letter i | Phonics Song,Jack Hartmann Kids Music Channel,0,0,Blending and writing simple words with short i.,Which vowel sound can you hear in the middle?,"Blend sit aloud. Say its sounds, write the matching letters and read the word back.",https://www.youtube.com/watch?v=13clYehVJHo,Original Jack Hartmann title and short-vowel CVC description checked. Adult supports accurate short sounds without added uh. Writing task is original; no full audiovisual review claim.
AC9EFLY12,https://www.youtube.com/watch?v=FLfl_uY83Os,CVC Words | Letter u | Phonics Song,Jack Hartmann Kids Music Channel,0,0,Blending and writing simple words with short u.,Which vowel sound can you hear in the middle?,"Blend sun aloud. Say its sounds, write the matching letters and read the word back.",https://www.youtube.com/watch?v=FLfl_uY83Os,Original Jack Hartmann title and short-vowel CVC description checked. Adult supports accurate short sounds without added uh. Writing task is original; no full audiovisual review claim.
AC9EFLY13,https://www.youtube.com/watch?v=oDVAhDyHZaA,CVC Words | Letter a | Phonics Song,Jack Hartmann Kids Music Channel,0,0,Listening to each sound to help spell a short-a word.,Which vowel sound can you hear in the middle?,"Ask an adult to say cat. Say each sound, write its letter and check the whole word together.",https://www.youtube.com/watch?v=oDVAhDyHZaA,Original Jack Hartmann title and short-vowel CVC description checked. Adult supports accurate short sounds without added uh. Writing task is original; no full audiovisual review claim.
AC9EFLY13,https://www.youtube.com/watch?v=_lM8cVG_xoQ,CVC Words | Letter e | Phonics Song,Jack Hartmann Kids Music Channel,0,0,Listening to each sound to help spell a short-e word.,Which vowel sound can you hear in the middle?,"Ask an adult to say pet. Say each sound, write its letter and check the whole word together.",https://www.youtube.com/watch?v=_lM8cVG_xoQ,Original Jack Hartmann title and short-vowel CVC description checked. Adult supports accurate short sounds without added uh. Writing task is original; no full audiovisual review claim.
AC9EFLY13,https://www.youtube.com/watch?v=13clYehVJHo,CVC Words | Letter i | Phonics Song,Jack Hartmann Kids Music Channel,0,0,Listening to each sound to help spell a short-i word.,Which vowel sound can you hear in the middle?,"Ask an adult to say sit. Say each sound, write its letter and check the whole word together.",https://www.youtube.com/watch?v=13clYehVJHo,Original Jack Hartmann title and short-vowel CVC description checked. Adult supports accurate short sounds without added uh. Writing task is original; no full audiovisual review claim.
AC9EFLY13,https://www.youtube.com/watch?v=FLfl_uY83Os,CVC Words | Letter u | Phonics Song,Jack Hartmann Kids Music Channel,0,0,Listening to each sound to help spell a short-u word.,Which vowel sound can you hear in the middle?,"Ask an adult to say sun. Say each sound, write its letter and check the whole word together.",https://www.youtube.com/watch?v=FLfl_uY83Os,Original Jack Hartmann title and short-vowel CVC description checked. Adult supports accurate short sounds without added uh. Writing task is original; no full audiovisual review claim.
AC9EFLY14,https://www.youtube.com/watch?v=3r4MyipWcUE,The Word Come | Sight Words,Khan Academy Kids,0,0,Recognising a common word and using it in a meaningful sentence.,What does the word come ask someone to do?,"Find come in an adult-written sentence. Write it, read it and use it in your own spoken sentence.",https://blog.khanacademy.org/khan-kids-the-science-of-reading-in-a-nutshell/,"Official Khan Kids article directly links this sight-word come video. A single-word supplement, not whole-list memorisation or a replacement for phonics. Playback needs review."
AC9EFLY15,https://www.youtube.com/watch?v=a6Fyu2w2Pi8,It's fun to make 2 words 1 | Version 1 | Compound Words,Jack Hartmann Kids Music Channel,0,0,Hearing how two meaningful words can join to make one new word.,What two smaller words can you hear inside the new word?,"Say rain and bow, then rainbow. Draw what each smaller word means and what the joined word means.",https://www.youtube.com/watch?v=a6Fyu2w2Pi8,Original creator result identifies Jack Hartmann compound-word version 1. Concrete compound words support meaningful parts; no formal prefix/suffix teaching is introduced. Playback needs review.
AC9M1N01,https://www.youtube.com/watch?v=Ots_roOw4Pg,Counting by Ones,Scratch Garden,1,1,"Practise counting in ones to 100, then continue to 120 in the topic lesson.",Listen to what changes after each number ending in nine.,Start at 96. Say and write the numbers through 120. Use a number chart to check.,https://scratchgarden.com/videos/counting-by-ones/,"Official creator lesson page and embedded YouTube ID checked; description and available lyrics reviewed. Not a complete audiovisual or playback review. The song ends at 100; it does not by itself cover the required 120 or ordering representations. Public YouTube oEmbed returned the expected official creator, title and embed HTML on 2026-09-07; this confirms metadata/embedding response, not playback or future availability."
AC9M1N02,https://www.youtube.com/watch?v=G05AgnEGmgw,Composing and Decomposing Numbers,Scratch Garden,1,1,"See how a number can be split into parts, including a group of ten and some ones.",Find two different ways to make the same total. Does the total change?,"Make 16 counters into ten and six. Rearrange them into eight and eight, then explain why both show 16.",https://scratchgarden.com/videos/composing-decomposing/,"Official creator lesson page and embedded YouTube ID checked; description and available lyrics reviewed. Not a complete audiovisual or playback review. Creator specifies number bonds and five/ten frames to 20; larger two-digit partitioning remains in the topic lesson. Public YouTube oEmbed returned the expected official creator, title and embed HTML on 2026-09-07; this confirms metadata/embedding response, not playback or future availability."
AC9M1N03,https://www.youtube.com/watch?v=GvTcpfSnOMQ,Counting by Twos,Scratch Garden,1,1,Use equal groups of two to practise counting a collection.,Point to the next pair of objects each time you hear another number.,"Arrange 20 counters in pairs. Count by twos, then count singly to check the total.",https://scratchgarden.com/videos/counting-by-twos/,"Official creator lesson page and embedded YouTube ID checked; description and available lyrics reviewed. Not a complete audiovisual or playback review. Song goes to 30. It supports the grouping strategy, not the full collection-size expectation to 120. Public YouTube oEmbed returned the expected official creator, title and embed HTML on 2026-09-07; this confirms metadata/embedding response, not playback or future availability."
AC9M1N04,https://www.youtube.com/watch?v=G05AgnEGmgw,Composing and Decomposing Numbers,Scratch Garden,1,1,Use parts and a whole to support addition and subtraction within 20.,Notice how the parts fit together to make the whole.,Show 10 as 6 and 4. Say one addition fact and one subtraction fact that match your counters.,https://scratchgarden.com/videos/composing-decomposing/,"Official creator lesson page and embedded YouTube ID checked; description and available lyrics reviewed. Not a complete audiovisual or playback review. Chosen for number bonds to 20 rather than an unrestricted two-digit arithmetic video. Public YouTube oEmbed returned the expected official creator, title and embed HTML on 2026-09-07; this confirms metadata/embedding response, not playback or future availability."
AC9M1N05,https://www.youtube.com/watch?v=-3DFzxbP9Fk,Addition word problems within 10,Khan Academy,1,1,Use a picture and addition to solve a small real-world joining problem.,"Which two groups are being joined, and what does the total count?",Draw 4 apples and then 3 more. Write a matching addition sentence and explain the answer in words.,https://www.khanacademy.org/math/cc-kindergarten-math/cc-kindergarten-add-subtract/kindergarten-add-sub-word-problem-within-10/v/addition-word-problems-within-10,"Official Khan Academy kindergarten/early-maths lesson page and original @khanacademy upload identify a 1:41 addition word-problem lesson within 10. Supports concrete additive modelling, not Australian money transactions. No complete audiovisual/playback review. Public YouTube oEmbed returned the expected Khan Academy title, author and embed HTML on 2026-09-07; this does not prove playback or future availability."
AC9M1N06,https://www.youtube.com/watch?v=KTFJ9gjfAXg,Sharing Cookies,Sesame Workshop,1,1,"See equal sharing in a small, familiar situation.",Do both friends finish with the same number? How can you tell?,"Use 8 counters as pretend biscuits. Share them between two toys, one at a time, and explain how you know the shares are equal.",https://www.youtube.com/watch?v=KTFJ9gjfAXg,"Original YouTube upload title, creator and indexed description checked. Not a complete audiovisual or playback review. Official @SesameWorkshop upload; early childhood sharing model. Follow-up extends the very small example with concrete counters; not a complete grouping lesson. Public YouTube oEmbed returned the expected official creator, title and embed HTML on 2026-09-07; this confirms metadata/embedding response, not playback or future availability."
AC9M1A01,https://www.youtube.com/watch?v=GvTcpfSnOMQ,Counting by Twos,Scratch Garden,1,1,Practise a number sequence that increases by 2 each time.,What stays the same about the jump from one number to the next?,Draw five equal groups of 2 counters. Write the counting sequence underneath and add one more group.,https://scratchgarden.com/videos/counting-by-twos/,"Official creator lesson page and embedded YouTube ID checked; description and available lyrics reviewed. Not a complete audiovisual or playback review. Counting sequences only; use the topic lesson to connect numbers with objects and symbols. For tens, teach ten more rather than treating ""add a zero"" as a general arithmetic rule. Public YouTube oEmbed returned the expected official creator, title and embed HTML on 2026-09-07; this confirms metadata/embedding response, not playback or future availability."
AC9M1A01,https://www.youtube.com/watch?v=EemjeA2Djjw,Counting by Fives,Scratch Garden,1,1,Practise a number sequence that increases by 5 each time.,What stays the same about the jump from one number to the next?,Draw five equal groups of 5 counters. Write the counting sequence underneath and add one more group.,https://scratchgarden.com/videos/counting-by-fives/,"Official creator lesson page and embedded YouTube ID checked; description and available lyrics reviewed. Not a complete audiovisual or playback review. Counting sequences only; use the topic lesson to connect numbers with objects and symbols. For tens, teach ten more rather than treating ""add a zero"" as a general arithmetic rule. Public YouTube oEmbed returned the expected official creator, title and embed HTML on 2026-09-07; this confirms metadata/embedding response, not playback or future availability."
AC9M1A01,https://www.youtube.com/watch?v=Ftati8iGQcs,Counting by Tens,Scratch Garden,1,1,Practise a number sequence that increases by 10 each time.,What stays the same about the jump from one number to the next?,Draw five equal groups of 10 counters. Write the counting sequence underneath and add one more group.,https://scratchgarden.com/videos/counting-by-tens/,"Official creator lesson page and embedded YouTube ID checked; description and available lyrics reviewed. Not a complete audiovisual or playback review. Counting sequences only; use the topic lesson to connect numbers with objects and symbols. For tens, teach ten more rather than treating ""add a zero"" as a general arithmetic rule. Public YouTube oEmbed returned the expected official creator, title and embed HTML on 2026-09-07; this confirms metadata/embedding response, not playback or future availability."
AC9M1A02,https://www.youtube.com/watch?v=Js45cR_7wFE,Patterns,Scratch Garden,1,1,Identify the small unit that repeats in an AB or ABC pattern.,Find the shortest part that repeats. Can you predict the next two items?,Make a clap-tap-tap pattern. Circle one complete repeating unit and teach the pattern to someone.,https://scratchgarden.com/videos/patterns/,"Official creator lesson page and embedded YouTube ID checked; description and available lyrics reviewed. Not a complete audiovisual or playback review. Official description explicitly includes the pattern core and AB/ABC patterns. Public YouTube oEmbed returned the expected official creator, title and embed HTML on 2026-09-07; this confirms metadata/embedding response, not playback or future availability."
AC9M1M01,https://www.youtube.com/watch?v=2wUsdsae0ro,Measuring,Scratch Garden,1,1,Compare lengths and heights as one part of comparing measurable attributes.,How can you make a comparison fair when the objects start in different places?,Line up three pencils at one end. Order them from shortest to longest and explain your choice.,https://scratchgarden.com/videos/measuring/,"Official creator lesson page and embedded YouTube ID checked; description and available lyrics reviewed. Not a complete audiovisual or playback review. Length component only; mass, capacity and duration remain in the written topic. Formal units shown are supplementary, not the Year 1 task. Public YouTube oEmbed returned the expected official creator, title and embed HTML on 2026-09-07; this confirms metadata/embedding response, not playback or future availability."
AC9M1M02,https://www.youtube.com/watch?v=2wUsdsae0ro,Measuring,Scratch Garden,1,1,Explore measuring with repeated informal units.,Look for units that are the same size. Are they touching end to end?,Measure a book using equal-sized blocks placed end to end. Count the blocks and check for gaps or overlaps.,https://scratchgarden.com/videos/measuring/,"Official creator lesson page and embedded YouTube ID checked; description and available lyrics reviewed. Not a complete audiovisual or playback review. Creator describes standard and non-standard measurement; the Year 1 activity deliberately stays with informal units. Public YouTube oEmbed returned the expected official creator, title and embed HTML on 2026-09-07; this confirms metadata/embedding response, not playback or future availability."
AC9M1M03,https://www.youtube.com/watch?v=VwvFE0OEMtI,Months of the Year,Scratch Garden,1,1,Learn the sequence of the twelve months in a year.,Which month comes before and after your birthday month?,Put three familiar events in calendar order. Name the month for each.,https://scratchgarden.com/videos/months-of-the-year/,"Official creator lesson page and embedded YouTube ID checked; description and available lyrics reviewed. Not a complete audiovisual or playback review. Months and their yearly sequence only; the topic lesson covers the other duration units. Public YouTube oEmbed returned the expected official creator, title and embed HTML on 2026-09-07; this confirms metadata/embedding response, not playback or future availability."
AC9M1M03,https://www.youtube.com/watch?v=3XzNRBRNU7E,Days of the Week,Scratch Garden,1,1,Practise the seven-day sequence and talk about weekly events.,"When the list reaches Saturday, which day follows?","Describe one event today, one tomorrow and one later this week using day names.",https://scratchgarden.com/videos/days-of-the-week/,"Official creator lesson page and embedded YouTube ID checked; description and available lyrics reviewed. Not a complete audiovisual or playback review. The song begins with Sunday; a week is a cycle and Australian school calendars often display Monday first. Public YouTube oEmbed returned the expected official creator, title and embed HTML on 2026-09-07; this confirms metadata/embedding response, not playback or future availability."
AC9M1SP01,https://www.youtube.com/watch?v=Ux_kLd7qAcY,Shapes,Scratch Garden,1,1,Sort familiar two-dimensional shapes by their properties.,Try sorting by shape instead of colour. Which features help you decide?,Draw a triangle in two different sizes and directions. Explain why both are triangles.,https://scratchgarden.com/videos/shapes/,"Official creator lesson page and embedded YouTube ID checked; description and available lyrics reviewed. Not a complete audiovisual or playback review. Official source describes attributes and geometrical reasoning. Avoid using colour as the definition of a geometric shape. Public YouTube oEmbed returned the expected official creator, title and embed HTML on 2026-09-07; this confirms metadata/embedding response, not playback or future availability."
AC9M1SP02,https://www.youtube.com/watch?v=HnlJzWhsNnw,Location and Directions,Scratch Garden,1,1,Practise words that describe position and movement.,Follow the direction words. Where does the object finish?,Give a partner three directions to move a toy around a table. Swap roles and check the final position.,https://scratchgarden.com/videos/location-directions/,"Official creator lesson page and embedded YouTube ID checked; description and available lyrics reviewed. Not a complete audiovisual or playback review. Direct match to location and movement; no map-coordinate formalism is required. Public YouTube oEmbed returned the expected official creator, title and embed HTML on 2026-09-07; this confirms metadata/embedding response, not playback or future availability."
AC9M1ST01,https://www.youtube.com/watch?v=zF_dBk8EPDk,Data,Scratch Garden,1,1,Collect categories and record each answer using tally marks or pictures.,How does the record keep track of every answer without losing one?,Ask five people which of two fruits they prefer. Record one tally for each answer.,https://scratchgarden.com/videos/data/,"Official creator lesson page and embedded YouTube ID checked; description and available lyrics reviewed. Not a complete audiovisual or playback review. Supports collecting categorical data; the follow-up uses a small one-response-per-person survey. Public YouTube oEmbed returned the expected official creator, title and embed HTML on 2026-09-07; this confirms metadata/embedding response, not playback or future availability."
AC9M1ST02,https://www.youtube.com/watch?v=zF_dBk8EPDk,Data,Scratch Garden,1,1,Read a picture display and compare how many are in each category.,Check what one picture stands for before comparing the rows.,"Draw one fruit picture for each answer in your survey. Which category has more, and by how many?",https://scratchgarden.com/videos/data/,"Official creator lesson page and embedded YouTube ID checked; description and available lyrics reviewed. Not a complete audiovisual or playback review. Use only one-picture-per-response displays for the Year 1 follow-up; no scaled pictograph is required. Public YouTube oEmbed returned the expected official creator, title and embed HTML on 2026-09-07; this confirms metadata/embedding response, not playback or future availability."
AC9S1U01,https://www.youtube.com/watch?v=-rJdVQNy6TY,Watch a Seed Sprout! | Squeaks Grows a Garden!,SciShow Kids,1,1,Observe seeds starting to grow and consider the conditions provided for them.,"What is given to the seeds, and what changes as they begin to grow?","With a grown-up, draw a seed before and after sprouting. Name what helped it grow and ask what a growing plant will need next.",https://www.youtube.com/watch?v=-rJdVQNy6TY,"Original YouTube upload title, creator and indexed description checked. Not a complete audiovisual or playback review. Official SciShow Kids early-elementary episode and description checked. Supports plant needs and growth observations; animal food/shelter needs and air remain in the topic lesson. Do not generalise that every plant requires soil. Public YouTube oEmbed returned the expected official creator, title and embed HTML on 2026-09-07; this confirms metadata/embedding response, not playback or future availability."
AC9S1U02,https://www.youtube.com/watch?v=Uo8lbeVVb4M,Be a Weather Watcher,SciShow Kids,1,1,Observe daily weather and notice patterns over longer periods.,How does the journal help Jessi compare different days?,Draw the weather at the same time on three days. Tell someone how it affected your clothes or outdoor plans.,https://www.youtube.com/watch?v=Uo8lbeVVb4M,"Original YouTube upload title, creator and indexed description checked. Not a complete audiovisual or playback review. Official upload and description checked; transcript additionally read at Nerdfighteria. Northern-hemisphere snow examples are examples only: discuss the actual seasons and weather where the learner lives. Public YouTube oEmbed returned the expected official creator, title and embed HTML on 2026-09-07; this confirms metadata/embedding response, not playback or future availability."
AC9S1U03,https://www.youtube.com/watch?v=JvSClZ3vHOI,"Swings, Slides, and Science",SciShow Kids,1,1,Spot pushes and pulls in familiar playground movement.,Find a push. How does it change the movement of the object?,"Gently push a toy car, then try a stronger push in the same clear space. Predict and compare how far it travels.",https://www.youtube.com/watch?v=JvSClZ3vHOI,"Original YouTube upload title, creator and indexed description checked. Not a complete audiovisual or playback review. Official SciShow Kids upload identified. Playground forces supplement the strength/direction lesson; keep follow-up on toys, not pushing other children. Public YouTube oEmbed returned the expected official creator, title and embed HTML on 2026-09-07; this confirms metadata/embedding response, not playback or future availability."
AC9S1H01,https://www.youtube.com/watch?v=dLQ0lHpyZd8,How Do We Know When It Will Rain?,SciShow Kids,1,1,Discover how weather observations help people make predictions for everyday plans.,What do the weather scientists look at before making a forecast?,Explain how a rain forecast might change a picnic plan. Say why a forecast is a prediction rather than a promise.,https://www.youtube.com/watch?v=dLQ0lHpyZd8,"Original YouTube upload title, creator and indexed description checked. Not a complete audiovisual or playback review. Official description identifies meteorologists and equipment; Museum of Science partner resource also confirms the episode. Do not require the technical equipment names for Year 1. Public YouTube oEmbed returned the expected official creator, title and embed HTML on 2026-09-07; this confirms metadata/embedding response, not playback or future availability."
AC9S1I01,https://www.youtube.com/watch?v=E6iB5B3Lz9I,Be a Field Scientist!,SciShow Kids,1,1,Use careful observations to ask questions about plants and animals nearby.,Listen for questions Jessi asks before drawing or writing.,Look at a plant with a grown-up. Ask one question about it and predict one change you might see tomorrow.,https://www.youtube.com/watch?v=E6iB5B3Lz9I,"Original YouTube upload title, creator and indexed description checked. Not a complete audiovisual or playback review. Official upload title/creator checked; supporting transcript read at Nerdfighteria. Concrete journal inquiry; predictions are practised in the original follow-up rather than claimed as a full video lesson. Public YouTube oEmbed returned the expected official creator, title and embed HTML on 2026-09-07; this confirms metadata/embedding response, not playback or future availability."
AC9S1I02,https://www.youtube.com/watch?v=E6iB5B3Lz9I,Be a Field Scientist!,SciShow Kids,1,1,Prepare a simple observation activity with a grown-up and appropriate materials.,"What does Jessi take outside, and who comes along?","With a grown-up, plan where to look, what to record and how to stay safe. Observe a plant without tasting or picking it.",https://www.youtube.com/watch?v=E6iB5B3Lz9I,"Original YouTube upload title, creator and indexed description checked. Not a complete audiovisual or playback review. Transcript confirms adult accompaniment and journal preparation. Supports safe observation procedures, not a complete experimental-testing sequence. Public YouTube oEmbed returned the expected official creator, title and embed HTML on 2026-09-07; this confirms metadata/embedding response, not playback or future availability."
AC9S1I03,https://www.youtube.com/watch?v=E6iB5B3Lz9I,Be a Field Scientist!,SciShow Kids,1,1,Record details accurately in a field journal using drawings and words.,How is a scientific drawing different from an invented picture?,Draw one plant carefully and label two things you can actually see. Add the date and one observation.,https://www.youtube.com/watch?v=E6iB5B3Lz9I,"Original YouTube upload title, creator and indexed description checked. Not a complete audiovisual or playback review. Transcript explicitly covers careful drawings, size, date, weather and returning to observations; not a digital-tool demonstration. Public YouTube oEmbed returned the expected official creator, title and embed HTML on 2026-09-07; this confirms metadata/embedding response, not playback or future availability."
AC9S1I04,https://www.youtube.com/watch?v=zF_dBk8EPDk,Data,Scratch Garden,1,1,Organise recorded observations into categories and a simple display.,How does sorting the information make a pattern easier to see?,"Sort six leaf drawings by a feature you can see, such as smooth or jagged edges. Show the groups in a two-column picture table.",https://scratchgarden.com/videos/data/,"Official creator lesson page and embedded YouTube ID checked; description and available lyrics reviewed. Not a complete audiovisual or playback review. Maths process video deliberately transferred to scientific observations; supports classification and provided visual tables, with an original science follow-up. Public YouTube oEmbed returned the expected official creator, title and embed HTML on 2026-09-07; this confirms metadata/embedding response, not playback or future availability."
AC9S1I05,https://www.youtube.com/watch?v=Uo8lbeVVb4M,Be a Weather Watcher,SciShow Kids,1,1,"Use a weather record to make a prediction, then compare it with a new observation.","After several days of observations, what could Jessi predict? Why might the next day still be different?",Use your recent weather drawings to predict tomorrow. Observe again tomorrow and explain whether the result matched your prediction.,https://www.youtube.com/watch?v=Uo8lbeVVb4M,"Official upload, creator and description checked; supporting Nerdfighteria transcript reviewed. Transcript explicitly suggests predicting the sixth day from five daily observations. Supports prediction/observation comparison; fair-test discussion and comparing classmates observations remain in the topic guide. Full video is suitable as a process example; no time-limited playback required. Northern snow examples are local examples, not claims about all Australian weather. No complete audiovisual/playback review. Public YouTube oEmbed returned the expected official creator, title and embed HTML on 2026-09-07; this confirms metadata/embedding response, not playback or future availability."
AC9S1I06,https://www.youtube.com/watch?v=E6iB5B3Lz9I,Be a Field Scientist!,SciShow Kids,1,1,Communicate observations with labelled drawings and precise everyday words.,Which details would help another person recognise the plant Jessi studies?,Show your labelled drawing to someone who did not see the plant. Explain two observations and invite a question.,https://www.youtube.com/watch?v=E6iB5B3Lz9I,"Original YouTube upload title, creator and indexed description checked. Not a complete audiovisual or playback review. Official upload checked and supporting journal transcript read. Sharing observations with family is the task; do not ask children to email journals to creators. Public YouTube oEmbed returned the expected official creator, title and embed HTML on 2026-09-07; this confirms metadata/embedding response, not playback or future availability."
AC9E1LA01,https://www.youtube.com/watch?v=YVahJKMk2VY,Courtesy,Scratch Garden,1,1,Use polite words when making requests and responding to another person.,Which words help someone ask for something or thank another person?,"Role-play borrowing a pencil. Practise the request, the reply and a thank-you with a partner.",https://scratchgarden.com/videos/courtesy/,"Official creator lesson page and embedded YouTube ID checked; description and available lyrics reviewed. Not a complete audiovisual or playback review. Polite requests and replies only; facial expression, gesture, offers and commands remain in the topic guide. Public YouTube oEmbed returned the expected official creator, title and embed HTML on 2026-09-07; this confirms metadata/embedding response, not playback or future availability."
AC9E1LA03,https://www.youtube.com/watch?v=SV5qoOWONm8,Fiction v. Nonfiction,Khan Academy Kids,1,1,Compare a story made to imagine with a text made to give information.,How does Reya decide whether a book is fiction or nonfiction?,Find a storybook and an information book. Explain what each helps the reader do.,https://www.youtube.com/watch?v=SV5qoOWONm8,"Original YouTube upload title, creator and indexed description checked. Not a complete audiovisual or playback review. Official upload and creator playlist confirm the lesson. Covers one text-purpose comparison, not recounts, persuasion or every listed organisation type. Public YouTube oEmbed returned the expected official creator, title and embed HTML on 2026-09-07; this confirms metadata/embedding response, not playback or future availability."
AC9E1LA04,https://www.youtube.com/watch?v=4PW3_LErVZk,Rhyming Words,Scratch Garden,1,1,Listen for matching word endings and repeated sounds.,Which words sound the same at the end even when they begin differently?,Make a two-line rhyme using cat and hat. Repeat one phrase and clap a steady beat as you say it.,https://scratchgarden.com/videos/rhyming-words/,"Official creator lesson page and embedded YouTube ID checked; description and available lyrics reviewed. Not a complete audiovisual or playback review. Supports rhyme; cohesion through repetition and rhythm is explored in the follow-up and topic guide. Public YouTube oEmbed returned the expected official creator, title and embed HTML on 2026-09-07; this confirms metadata/embedding response, not playback or future availability."
AC9E1LA05,https://www.youtube.com/watch?v=7dhW9I2xbFg,Parts of a Book,Scratch Garden,1,1,"Use a title, contents page and page numbers to find information in a print book.",Which feature helps you find a particular part without reading every page?,"Open an information book. Find its title and one page number, then use the contents page if it has one.",https://scratchgarden.com/videos/parts-of-a-book/,"Official creator lesson page and embedded YouTube ID checked; description and available lyrics reviewed. Not a complete audiovisual or playback review. Print navigation component only; screen buttons, links and voice navigation remain in the topic guide. Public YouTube oEmbed returned the expected official creator, title and embed HTML on 2026-09-07; this confirms metadata/embedding response, not playback or future availability."
AC9E1LA06,https://www.youtube.com/watch?v=gghvLTSS-eQ,The Sentence Song — capital letters and full stops,Scratch Garden,1,1,Notice the boundaries of a simple sentence expressing one idea.,Choose one example. What is the one idea it tells you?,"Say one thing a pet does. Write it as one sentence, then check the capital letter and ending mark.",https://scratchgarden.com/videos/sentences/,"Official creator lesson page and embedded YouTube ID checked; description and available lyrics reviewed. Not a complete audiovisual or playback review. Sentence-boundary support, not a full independent-clause explanation. Australian full-stop version deliberately selected. Public YouTube oEmbed returned the expected official creator, title and embed HTML on 2026-09-07; this confirms metadata/embedding response, not playback or future availability."
AC9E1LA07,https://www.youtube.com/watch?v=9cu7C07pNbA,What is a Noun?,Jack Hartmann Kids Music Channel,1,1,"Recognise nouns that name people, places and things.","Say one noun from each group: person, place and thing.","Write: The dog runs. Point to the naming word and the action word, then describe the dog with one extra word.",https://www.youtube.com/watch?v=9cu7C07pNbA,"Original YouTube upload title, creator and indexed description checked. Not a complete audiovisual or playback review. Official Jack Hartmann upload and description checked. Noun component only; the topic guide teaches pronouns, verbs, adjectives and adverbs. Public YouTube oEmbed returned the expected official creator, title and embed HTML on 2026-09-07; this confirms metadata/embedding response, not playback or future availability."
AC9E1LA08,https://www.youtube.com/watch?v=2iXpmnaT4HY,How to Learn about Characters,Khan Academy Kids,1,1,"Use clues in a story to understand a character, then compare how different images help a reader.",Which clue helps you work out something about the character?,Compare a character illustration with an animal photograph in an information book. Tell someone what each image helps you understand.,https://blog.khanacademy.org/khan-kids-the-science-of-reading-in-a-nutshell/,"Official Khan Academy article identifies and embeds/links this lesson; description reviewed. Not a complete audiovisual or playback review. The official article explicitly recommends the clip for character clues/inference. The comparison between image types is the follow-up; the video is not claimed to teach every image-text relationship. Public YouTube oEmbed returned the expected official creator, title and embed HTML on 2026-09-07; this confirms metadata/embedding response, not playback or future availability."
AC9E1LA09,https://www.youtube.com/watch?v=Uo8lbeVVb4M,Be a Weather Watcher,SciShow Kids,1,1,Learn and use vocabulary for a science topic: observing the weather.,Listen for words that tell you what the weather is like.,Draw two kinds of weather. Label them with the right words and use one in a sentence.,https://www.youtube.com/watch?v=Uo8lbeVVb4M,"Original YouTube upload title, creator and indexed description checked. Not a complete audiovisual or playback review. Deliberate cross-subject vocabulary example. Written English lesson retains the broader learning-area vocabulary requirement. Public YouTube oEmbed returned the expected official creator, title and embed HTML on 2026-09-07; this confirms metadata/embedding response, not playback or future availability."
AC9E1LA10,https://www.youtube.com/watch?v=gghvLTSS-eQ,The Sentence Song — capital letters and full stops,Scratch Garden,1,1,"Choose a full stop, question mark or exclamation mark to finish a sentence.",How does the ending mark match what the sentence is doing?,Write a statement and a question about an animal. Read them aloud and check the ending marks.,https://scratchgarden.com/videos/sentences/,"Official creator lesson page and embedded YouTube ID checked; description and available lyrics reviewed. Not a complete audiovisual or playback review. Australian full-stop version selected. Familiar proper-noun capitals still need the written topic lesson. Public YouTube oEmbed returned the expected official creator, title and embed HTML on 2026-09-07; this confirms metadata/embedding response, not playback or future availability."
AC9E1LE01,https://www.youtube.com/watch?v=2iXpmnaT4HY,How to Learn about Characters,Khan Academy Kids,1,1,Look for clues that help an author or illustrator show a character.,What does the character say or do that helps you understand them?,Use a story by an Australian or First Nations Australian author from your class. Find one word or picture clue about its character.,https://blog.khanacademy.org/khan-kids-the-science-of-reading-in-a-nutshell/,"Official Khan Academy article identifies and embeds/links this lesson; description reviewed. Not a complete audiovisual or playback review. General story-analysis technique only. It is not a First Nations text and does not replace the required diverse literary works. Public YouTube oEmbed returned the expected official creator, title and embed HTML on 2026-09-07; this confirms metadata/embedding response, not playback or future availability."
AC9E1LE02,https://www.youtube.com/watch?v=2iXpmnaT4HY,How to Learn about Characters,Khan Academy Kids,1,1,Understand a character before connecting their experience with your own.,Has the character felt or done something familiar to you?,Talk about a story you know. Explain one way a character experience is like or unlike your own.,https://blog.khanacademy.org/khan-kids-the-science-of-reading-in-a-nutshell/,"Official Khan Academy article identifies and embeds/links this lesson; description reviewed. Not a complete audiovisual or playback review. Character-clue technique supports the response task; personal connections are the original follow-up, not a claimed complete video lesson. Public YouTube oEmbed returned the expected official creator, title and embed HTML on 2026-09-07; this confirms metadata/embedding response, not playback or future availability."
AC9E1LE03,https://www.youtube.com/watch?v=2iXpmnaT4HY,How to Learn about Characters,Khan Academy Kids,1,1,Identify story characters and use evidence to describe them.,"Who is the story about, and what clue tells you what they are like?","Name a character in your book, say where the story happens and retell one important event.",https://blog.khanacademy.org/khan-kids-the-science-of-reading-in-a-nutshell/,"Official Khan Academy article identifies and embeds/links this lesson; description reviewed. Not a complete audiovisual or playback review. Character component of plot/character/setting; the topic guide retains the other components. Public YouTube oEmbed returned the expected official creator, title and embed HTML on 2026-09-07; this confirms metadata/embedding response, not playback or future availability."
AC9E1LE04,https://www.youtube.com/watch?v=4PW3_LErVZk,Rhyming Words,Scratch Garden,1,1,Hear and invent rhyming words in a playful spoken pattern.,Join in when you hear a word that rhymes. What ending sound matches?,"Invent two rhyming lines about a toy. Say them aloud, keeping a steady beat.",https://scratchgarden.com/videos/rhyming-words/,"Official creator lesson page and embedded YouTube ID checked; description and available lyrics reviewed. Not a complete audiovisual or playback review. Rhyme component only; use the topic guide for alliteration, poems and chants. Public YouTube oEmbed returned the expected official creator, title and embed HTML on 2026-09-07; this confirms metadata/embedding response, not playback or future availability."
AC9E1LE05,https://www.youtube.com/watch?v=xcizQGHb1DI,Retelling a Story,Khan Academy Kids,1,1,Retell the important events in the order they happen.,"How do first, next and last help the listener follow the story?","Draw three pictures from a familiar story. Use them to retell it, then change one event and tell your new version.",https://www.youtube.com/watch?v=xcizQGHb1DI,"Original YouTube upload title, creator and indexed description checked. Not a complete audiovisual or playback review. Official Khan Kids upload and creator reading-comprehension playlist checked; official K–2 comprehension article describes this same retelling skill. Public YouTube oEmbed returned the expected official creator, title and embed HTML on 2026-09-07; this confirms metadata/embedding response, not playback or future availability."
AC9E1LY01,https://www.youtube.com/watch?v=SV5qoOWONm8,Fiction v. Nonfiction,Khan Academy Kids,1,1,Identify clues to whether a book tells an imagined story or gives information.,What clue tells you what the book is trying to do?,Choose two books with different purposes. Point to a feature that helps you identify each purpose.,https://www.youtube.com/watch?v=SV5qoOWONm8,"Original YouTube upload title, creator and indexed description checked. Not a complete audiovisual or playback review. Limited to fiction/information comparison, not all possible text purposes. Public YouTube oEmbed returned the expected official creator, title and embed HTML on 2026-09-07; this confirms metadata/embedding response, not playback or future availability."
AC9E1LY02,https://www.youtube.com/watch?v=YVahJKMk2VY,Courtesy,Scratch Garden,1,1,Practise polite language for joining a conversation and responding to someone.,What can you say when you need a turn to speak?,"Ask a partner about a favourite game. Listen to the answer, wait for your turn and ask one related question.",https://scratchgarden.com/videos/courtesy/,"Official creator lesson page and embedded YouTube ID checked; description and available lyrics reviewed. Not a complete audiovisual or playback review. Courtesy supports interaction practice; avoid suggesting that manners alone equal active listening. Public YouTube oEmbed returned the expected official creator, title and embed HTML on 2026-09-07; this confirms metadata/embedding response, not playback or future availability."
AC9E1LY03,https://www.youtube.com/watch?v=SV5qoOWONm8,Fiction v. Nonfiction,Khan Academy Kids,1,1,Compare imaginative stories with informative books.,Can both books have pictures? What is different about their purpose?,Give one similarity and one difference between a storybook and an information book. Then find a text that tries to persuade you.,https://www.youtube.com/watch?v=SV5qoOWONm8,"Original YouTube upload title, creator and indexed description checked. Not a complete audiovisual or playback review. Persuasive texts remain in the topic lesson; the video covers the first comparison only. Public YouTube oEmbed returned the expected official creator, title and embed HTML on 2026-09-07; this confirms metadata/embedding response, not playback or future availability."
AC9E1LY04,https://www.youtube.com/watch?v=eqigJZm5aa4,The SH Sound,Scratch Garden,1,1,Practise reading a common two-letter spelling that represents one sound.,"Listen to sh as one sound, then blend it with the other sounds in a word.",Read shop and fish by blending their sounds. Put one into a short sentence and read the sentence smoothly.,https://scratchgarden.com/videos/the-sh-sound/,"Official creator lesson page and embedded YouTube ID checked; description and available lyrics reviewed. Not a complete audiovisual or playback review. Phonic word-reading support only; this does not replace connected decodable text or fluency practice. Public YouTube oEmbed returned the expected official creator, title and embed HTML on 2026-09-07; this confirms metadata/embedding response, not playback or future availability."
AC9E1LY05,https://www.youtube.com/watch?v=2iXpmnaT4HY,How to Learn about Characters,Khan Academy Kids,1,1,Use clues and what you already know to infer something about a character.,"What is shown directly, and what do you work out from the clues?","Read a short story with someone. Describe a character and give one word, action or picture as evidence.",https://blog.khanacademy.org/khan-kids-the-science-of-reading-in-a-nutshell/,"Official Khan Academy article identifies and embeds/links this lesson; description reviewed. Not a complete audiovisual or playback review. Official article explicitly identifies inference from character clues. Other comprehension strategies remain in the topic lesson. Public YouTube oEmbed returned the expected official creator, title and embed HTML on 2026-09-07; this confirms metadata/embedding response, not playback or future availability."
AC9E1LY06,https://www.youtube.com/watch?v=gghvLTSS-eQ,The Sentence Song — capital letters and full stops,Scratch Garden,1,1,Reread a short sentence and check its boundary punctuation.,What clues tell you that a written sentence begins and ends?,Write two sentences about something you did. Reread them aloud and check each beginning and ending.,https://scratchgarden.com/videos/sentences/,"Official creator lesson page and embedded YouTube ID checked; description and available lyrics reviewed. Not a complete audiovisual or playback review. Editing sentence boundaries only; content planning, spelling and all text purposes remain in the topic guide. Public YouTube oEmbed returned the expected official creator, title and embed HTML on 2026-09-07; this confirms metadata/embedding response, not playback or future availability."
AC9E1LY07,https://www.youtube.com/watch?v=xcizQGHb1DI,Retelling a Story,Khan Academy Kids,1,1,"Organise a short oral retelling so a listener can follow the beginning, middle and end.",Which words keep the events in a clear order?,"Show three story drawings. Introduce the story, tell the events clearly, and finish with its ending. Ask a listener whether your pace was easy to follow.",https://www.youtube.com/watch?v=xcizQGHb1DI,"Original YouTube upload title, creator and indexed description checked. Not a complete audiovisual or playback review. Supports oral narrative organisation; volume, gesture and presentations on learnt topics are still taught in the written lesson. Public YouTube oEmbed returned the expected official creator, title and embed HTML on 2026-09-07; this confirms metadata/embedding response, not playback or future availability."
AC9E1LY09,https://www.youtube.com/watch?v=4bm0v0LBOzQ,Phonemes: Beginning Sounds and Phonics,Khan Academy Kids,1,1,Listen carefully to isolate the first sound of a spoken word.,"Say the sound you hear first, rather than the name of its letter.","Say sun slowly and move one counter for each sound. Try stop, keeping both beginning sounds separate.",https://blog.khanacademy.org/khan-kids-the-science-of-reading-in-a-nutshell/,"Official Khan Academy article identifies and embeds/links this lesson; description reviewed. Not a complete audiovisual or playback review. Beginning-sound preparation only; the original follow-up extends to segmenting while the topic guide covers final sounds and consonant clusters. Public YouTube oEmbed returned the expected official creator, title and embed HTML on 2026-09-07; this confirms metadata/embedding response, not playback or future availability."
AC9E1LY10,https://www.youtube.com/watch?v=ZodSmpI1xNk,Let's Make a Change (Pre-K): Phoneme Substitution,Move to Learn (MovetoLearnMS),1,1,Change a sound in a spoken word and listen to the new word.,"Which sound changes, and which sounds stay the same?",Say cat. Change the first sound to /m/ and say the new word. Try changing the last sound in cat to /p/.,https://www.youtube.com/watch?v=ZodSmpI1xNk,"Original YouTube upload title, creator and indexed description checked. Not a complete audiovisual or playback review. Original @MovetoLearnMS upload and Pre-K phoneme-substitution description checked. Movement is optional; addition and deletion remain in the topic lesson. Public YouTube oEmbed returned the expected official creator, title and embed HTML on 2026-09-07; this confirms metadata/embedding response, not playback or future availability."
AC9E1LY11,https://www.youtube.com/watch?v=eqigJZm5aa4,The SH Sound,Scratch Garden,1,1,Recognise sh as a digraph and use it to read and spell words.,"When s and h work together here, how many sounds do they make?","Say fish slowly, then write it. Check that its final sound is written with two letters.",https://scratchgarden.com/videos/the-sh-sound/,"Official creator lesson page and embedded YouTube ID checked; description and available lyrics reviewed. Not a complete audiovisual or playback review. One common consonant digraph only. Short/long vowels, blends and two-syllable reading remain in the written topic. Public YouTube oEmbed returned the expected official creator, title and embed HTML on 2026-09-07; this confirms metadata/embedding response, not playback or future availability."
AC9E1LY12,https://www.youtube.com/watch?v=9S7DY2lgJlU,Syllables,Scratch Garden,1,1,Hear and count the spoken beats in words.,Clap once for each beat in a word. Is that the same as counting letters?,Clap the beats in rabbit and tiger. Say each slowly and listen for the vowel sound in each beat.,https://scratchgarden.com/videos/syllables/,"Official creator lesson page and embedded YouTube ID checked; description and available lyrics reviewed. Not a complete audiovisual or playback review. Supports syllable awareness only; the written topic explicitly teaches vowel sounds and letters representing more than one sound. Public YouTube oEmbed returned the expected official creator, title and embed HTML on 2026-09-07; this confirms metadata/embedding response, not playback or future availability."
AC9E1LY13,https://www.youtube.com/watch?v=eqigJZm5aa4,The SH Sound,Scratch Garden,1,1,Use the common sh letter pattern when spelling words.,Where can you hear sh in the example words: at the start or at the end?,Write shop and wish from their sounds. Underline the letters that work together for sh.,https://scratchgarden.com/videos/the-sh-sound/,"Official creator lesson page and embedded YouTube ID checked; description and available lyrics reviewed. Not a complete audiovisual or playback review. One frequent spelling pattern as a focused supplement, not all one- and two-syllable spelling patterns. Public YouTube oEmbed returned the expected official creator, title and embed HTML on 2026-09-07; this confirms metadata/embedding response, not playback or future availability."
AC9E1LY14,https://www.youtube.com/watch?v=3r4MyipWcUE,The Word Come,Khan Academy Kids,1,1,"Read, spell and use the high-frequency word come in context.",How is come used in a sentence?,Write come. Use it in a short invitation and read the invitation aloud.,https://blog.khanacademy.org/khan-kids-the-science-of-reading-in-a-nutshell/,"Official Khan Academy article identifies and embeds/links this lesson; description reviewed. Not a complete audiovisual or playback review. The official Science of Reading article directly links this exact video as its come example. One focused word, not a claim to cover all high-frequency words. Public YouTube oEmbed returned the expected official creator, title and embed HTML on 2026-09-07; this confirms metadata/embedding response, not playback or future availability."
AC9E1LY15,https://www.youtube.com/watch?v=lD1OaD4FBqM,Nessy Spelling Strategy: Plurals -s and -es,Nessy,1,1,See how an ending changes a word from one thing to more than one.,"What is added to the base word, and how does its meaning change?",Write cat/cats and box/boxes. Underline the base word and circle the ending that means more than one.,https://www.youtube.com/watch?v=lD1OaD4FBqM,"Original YouTube upload title, creator and indexed description checked. Not a complete audiovisual or playback review. Original @nessy upload checked. Grammatical plural morphemes are the focus; avoid confusing these with rhyme-based word families. Other grammatical endings stay in the topic guide. Public YouTube oEmbed returned the expected official creator, title and embed HTML on 2026-09-07; this confirms metadata/embedding response, not playback or future availability."
AC9E1LA02,https://www.youtube.com/watch?v=KEK2oGBSsHk,Opinion Writing for Kids: What Is It?,Teaching Without Frills,1,1,Recognise words that express a preference and practise giving a simple reason.,Which words tell you how the speaker feels? Listen for a reason for an opinion.,Choose a favourite game. Tell someone: I like ___ because ___. Ask for their opinion and listen to their reason.,https://www.youtube.com/watch?v=KEK2oGBSsHk,"Official creator upload and description checked; root public oEmbed confirms @TeachingWithoutFrills and embed HTML. Supplementary transcript at ClassX reviewed: simple food/pet preferences, opinion sentence starters and one because example. These introductory ideas fit a supported Year 1 discussion; no essay plan or later series episode is assigned. The third-party Grades 3–6 catalogue label was not treated as a mandatory minimum after examining this individual episode. No full audiovisual/playback review. Metadata check 2026-09-08."
AC9E1LY08,https://www.youtube.com/watch?v=7Hsy9hwpiAw,Handwriting Lesson: Letter Size and Placement,Learning Without Tears,1,1,"Notice how tall, small and descending letters fit on writing lines.","Which letters are tall? Which stay small, and which have a part below the line?","Write cat and dog using separate letters and your usual classroom letter shapes. Check the tall letters, small letters and the part of g that goes below the line.",https://www.lwtears.com/resources/Handwriting-Without-Tears-Video-Lessons,"Official Learning Without Tears lesson page directly embeds this exact video and describes a child activity for tall, small and descending-letter size/placement. Public YouTube oEmbed confirms title, @LWTears and returned embed HTML on 2026-09-08. This supports the size/placement component of unjoined handwriting; it does not replace local Australian formation models or require the commercial workbook or materials. Source page reviewed without submitting its form. No complete audiovisual/playback or font-by-font review; coordinated root visual check still applies."
AC9M2N01,https://www.youtube.com/watch?v=a4FXl4zb3E4,"Place Value Song: Ones, Tens and Hundreds",Numberock,2,2,"Represent numbers using ones, tens and hundreds, with ten hundreds making one thousand.",How many tens are needed to make one hundred?,"Draw 246 with hundreds, tens and ones. Write two numbers between 240 and 250 and put them in order.",https://numberock.com/lessons/place-value/,Official source description and YouTube metadata checked; full audiovisual playback not reviewed. Creator labels this video Grades 1–3. Number lines remain in the written lesson.
AC9M2N02,https://www.youtube.com/watch?v=a4FXl4zb3E4,"Place Value Song: Ones, Tens and Hundreds",Numberock,2,2,See why ten ones can be regrouped as one ten and ten tens as one hundred.,What changes when ten tens are collected together?,"Build 302 with blocks or a drawing. Explain the zero, then show the same number as 30 tens and 2 ones.",https://numberock.com/lessons/place-value/,Official source description and YouTube metadata checked; full audiovisual playback not reviewed. Creator labels Grades 1–3. Supplement for regrouping; non-standard partitions and zero need the topic examples.
AC9M2N03,https://www.youtube.com/watch?v=362JVVvgYPE,"Fractions: Equal Parts, Halves and Quarters",Scratch Garden,2,2,Explore equal shares and connect halves with quarters. Use the lesson to continue halving into eighths.,Would two unequal pieces both be halves? Explain.,"Fold a paper rectangle into two, then four, then eight equal parts. Label one half, one quarter and one eighth.",https://scratchgarden.com/videos/fractions/,"Official source description and YouTube metadata checked; full audiovisual playback not reviewed. Original embed ID extracted from creator page; creator permits embedding in sharing policy. Creator describes a primary lesson about equal shares, halves and quarters; eighths are a follow-up."
AC9M2N04,https://www.youtube.com/watch?v=7J1OkxuyLD0,Adding and Subtracting,Scratch Garden,2,2,Connect joining and taking away with addition and subtraction number sentences.,How can a subtraction undo an addition?,Use counters to show 14 + 5 = 19. Find a related subtraction and explain how you know.,https://scratchgarden.com/videos/adding-subtracting/,Official source description and YouTube metadata checked; full audiovisual playback not reviewed. Original embed ID extracted from creator page; creator permits embedding in sharing policy.
AC9M2N05,https://www.youtube.com/watch?v=gzFbUZ8VjEg,Equal Groups Multiplication: Repeated Addition Using Arrays,Numberock,2,2,"Connect repeated addition, equal groups and rectangular arrays.",Why must the groups have the same number in this multiplication model?,Arrange 12 counters in 3 equal groups. Write a repeated-addition sentence and explain how sharing the counters reverses the grouping.,https://numberock.com/lessons/repeated-addition-multiplication/,Official source description and YouTube metadata checked; full audiovisual playback not reviewed. Creator recommends its repeated-addition video for Grade 2; division remains in the lesson.
AC9M2N06,https://www.youtube.com/watch?v=7J1OkxuyLD0,Adding and Subtracting,Scratch Garden,2,2,Use joining and taking-away situations to decide which number sentence represents a practical problem.,Which words and pictures help you decide whether to add or subtract?,"A class has 12 pencils and receives 7 more. Model the situation, solve it and explain what your answer means.",https://scratchgarden.com/videos/adding-subtracting/,Official source description and YouTube metadata checked; full audiovisual playback not reviewed. Original embed ID extracted from creator page; creator permits embedding in sharing policy. Supports additive modelling. Money transactions and multiplicative situations remain in the written lesson; no foreign coin examples are required.
AC9M2A01,https://www.youtube.com/watch?v=GvTcpfSnOMQ,Counting by Twos,Scratch Garden,2,2,Hear and see a number pattern that increases by two each time.,What changes each time the next number is spoken?,"Write 6, 8, __, 12, __. Fill the gaps and then make a pattern that decreases by two.",https://scratchgarden.com/videos/counting-by-twos/,Official source description and YouTube metadata checked; full audiovisual playback not reviewed. Original embed ID extracted from creator page; creator permits embedding in sharing policy. Creator lyrics checked. Supports constant increases; decreasing and other increments are follow-up work.
AC9M2A02,https://www.youtube.com/watch?v=G05AgnEGmgw,Composing and Decomposing Numbers,Scratch Garden,2,2,Use parts and a whole to explore number facts up to 20.,How can one whole number be made from different pairs of parts?,Show 8 + 7 = 15 using counters. Write both related subtraction facts and explain one.,https://scratchgarden.com/videos/composing-decomposing/,Official source description and YouTube metadata checked; full audiovisual playback not reviewed. Original embed ID extracted from creator page; creator permits embedding in sharing policy. Creator describes number bonds and composing numbers to 20.
AC9M2A03,https://www.youtube.com/watch?v=GvTcpfSnOMQ,Counting by Twos,Scratch Garden,2,2,Build the two-times pattern by counting equal pairs.,How many pairs have been counted when the total reaches ten?,Draw six pairs of dots. Use your drawing to explain 6 × 2 = 12 and 12 ÷ 2 = 6.,https://scratchgarden.com/videos/counting-by-twos/,Official source description and YouTube metadata checked; full audiovisual playback not reviewed. Original embed ID extracted from creator page; creator permits embedding in sharing policy. Creator lyrics checked. Supports pairs and the two-times sequence; doubling and halving are taught in the lesson.
AC9M2M01,https://www.youtube.com/watch?v=2wUsdsae0ro,Measuring: Length and Distance,Scratch Garden,2,2,Compare lengths and notice why a measuring unit must stay the same size.,Why would measuring with different-sized units make a comparison difficult?,Measure the same book with equal paper strips and then smaller equal blocks. Compare the counts.,https://scratchgarden.com/videos/measuring/,"Official source description and YouTube metadata checked; full audiovisual playback not reviewed. Original embed ID extracted from creator page; creator permits embedding in sharing policy. Creator describes length, height, width and informal/standard units. Capacity and mass remain in the written lesson."
AC9M2M02,https://www.youtube.com/watch?v=362JVVvgYPE,"Fractions: Equal Parts, Halves and Quarters",Scratch Garden,2,2,Recognise halves and quarters in familiar objects and equal-sharing situations.,Where do you notice a half or a quarter in an everyday example?,"Draw a sandwich cut into four equal pieces. Show one quarter and one half, then split each quarter to make eighths.",https://scratchgarden.com/videos/fractions/,Official source description and YouTube metadata checked; full audiovisual playback not reviewed. Original embed ID extracted from creator page; creator permits embedding in sharing policy. Supports halves and quarters; eighths are developed in the follow-up and written lesson.
AC9M2M03,https://www.youtube.com/watch?v=D8ZQTsbJ55w,Calendars for Kids: Months and Days,Learn Bright,2,2,"Use a calendar to connect dates, days of the week and months.",How do the rows and columns help you find a date?,Choose two dates in the same month that are one week apart. Count the days from the first date to the second.,https://www.youtube.com/watch?v=D8ZQTsbJ55w,Official source description and YouTube metadata checked; full audiovisual playback not reviewed. Official title/description and author confirmed. Dates and month/day ordering in examples may be American; use a local calendar.
AC9M2M04,https://www.youtube.com/watch?v=Xwazo-_ePoA,Hip-Hop Around the Clock: Quarter Hours,Jack Hartmann Kids Music Channel,2,2,"Practise reading quarter past, half past and quarter to on a clock.",Where is the minute hand at each quarter-hour position?,Draw 2:15 and 2:45. Explain where the hour hand belongs in each drawing.,https://www.youtube.com/watch?v=Xwazo-_ePoA,"Official description specifies quarter after, half past and quarter till; title, author and embed returned by YouTube oEmbed. Full audiovisual playback not reviewed. Use Australian quarter past and quarter to wording. Replaces a rejected clock video whose published lyrics misstate the digital minute range."
AC9M2SP01,https://www.youtube.com/watch?v=Ux_kLd7qAcY,Shapes: Sorting by Attributes,Scratch Garden,2,2,Compare and sort two-dimensional shapes using their features.,Which features can help you sort shapes in more than one way?,"Draw a triangle, rectangle and circle. Sort them by straight or curved boundaries and explain your groups.",https://scratchgarden.com/videos/shapes/,Official source description and YouTube metadata checked; full audiovisual playback not reviewed. Original embed ID extracted from creator page; creator permits embedding in sharing policy. Specific parallel and opposite-side language remains in the topic lesson.
AC9M2SP02,https://www.youtube.com/watch?v=HnlJzWhsNnw,Location and Directions,Scratch Garden,2,2,Use position and movement words to describe where something is and how to reach it.,Which direction words help someone follow a route?,Sketch a simple map of a room. Describe a path from the door to a chair and ask someone to trace it.,https://scratchgarden.com/videos/location-directions/,Official source description and YouTube metadata checked; full audiovisual playback not reviewed. Original embed ID extracted from creator page; creator permits embedding in sharing policy.
AC9M2ST01,https://www.youtube.com/watch?v=zF_dBk8EPDk,"Data: Collecting, Organising and Displaying",Scratch Garden,2,2,Collect category data and organise it with tally marks or a table.,How do tally marks help keep track of the answers?,Ask five people to choose one of three favourite fruits. Record each answer once in a tally table.,https://scratchgarden.com/videos/data/,"Official source description and YouTube metadata checked; full audiovisual playback not reviewed. Original embed ID extracted from creator page; creator permits embedding in sharing policy. Creator describes collection, organisation, tally marks, pictographs and analysis."
AC9M2ST02,https://www.youtube.com/watch?v=zF_dBk8EPDk,"Data: Collecting, Organising and Displaying",Scratch Garden,2,2,"Compare ways to show the same category counts, including tally charts and picture graphs.",What stays the same when the same results are shown in a different display?,"Represent red 4, blue 2 and green 3 as both a table and a picture graph, with one symbol per vote. Explain which is easier to compare.",https://scratchgarden.com/videos/data/,Official source description and YouTube metadata checked; full audiovisual playback not reviewed. Original embed ID extracted from creator page; creator permits embedding in sharing policy.
AC9S2U01,https://www.youtube.com/watch?v=joq-IUFNkrw,Explore the Solar System: The Rocky Planets,SciShow Kids,2,2,Locate Earth among the rocky planets that travel around the Sun.,"Which planet is our home, and what does it travel around?",Draw the Sun and label Earth as a planet. Record one question about how the Moon or stars seem to change position.,https://www.youtube.com/watch?v=joq-IUFNkrw,Official source description and YouTube metadata checked; full audiovisual playback not reviewed. Official author confirmed. Supports Earth in the solar system; sky-position patterns remain in the written lesson.
AC9S2U02,https://www.youtube.com/watch?v=3-xKZKxXuu0,What Is Sound?,SciShow Kids,2,2,Connect sounds with objects vibrating back and forth.,What happens to the sound when a vibrating object stops moving?,"Hum softly with your fingertips gently on your throat, then stop. Describe what changed.",https://www.youtube.com/watch?v=3-xKZKxXuu0,Official source description and YouTube metadata checked; full audiovisual playback not reviewed. Official metadata plus community transcript reviewed. Focus on observable vibrations; air-particle detail is supplementary. Do not copy the can/rubber-band activity without adult checks.
AC9S2H01,https://www.youtube.com/watch?v=dLQ0lHpyZd8,How Do We Know When It Will Rain?,SciShow Kids,2,2,Explore how weather observations help people make predictions used in daily life.,How might a weather prediction help someone plan their day?,"Name one choice a farmer, sports coach or family might make using a weather forecast.",https://www.youtube.com/watch?v=dLQ0lHpyZd8,"Official source description and YouTube metadata checked; full audiovisual playback not reviewed. Official title, creator and description checked. This is an example of using science; a forecast is not a certainty."
AC9S2I01,https://www.youtube.com/watch?v=uGCexyr4IYw,Let’s Be Scientists!,Planet Nutshell,2,2,Connect questions and predictions with observations from an investigation.,What could you observe to check whether a prediction matches what happens?,Choose a question about familiar objects. Say what you predict and what observation could help you check it.,https://planetnutshell.com/portfolio/lets-be-scientists/,Official source description and YouTube metadata checked; full audiovisual playback not reviewed. Creator identifies this as an early-childhood video made for Kentucky Educational Television. Primary source and official author checked.
AC9S2I02,https://www.youtube.com/watch?v=uGCexyr4IYw,Let’s Be Scientists!,Planet Nutshell,2,2,"See why predictions are checked with an investigation, then plan safe steps with an adult.","Before trying an investigation, what materials and safety steps would you need to check?","With an adult, plan how to test which of two paper shapes slides farther down a low cardboard ramp. Clear the area and agree on the steps first.",https://planetnutshell.com/portfolio/lets-be-scientists/,Official source description and YouTube metadata checked; full audiovisual playback not reviewed. Supports testing predictions; the video is not a safety lesson. Adult-led safety planning and procedures remain in the topic lesson.
AC9S2I03,https://www.youtube.com/watch?v=Uo8lbeVVb4M,Be a Weather Watcher,SciShow Kids,2,2,"Record repeated weather observations with words, pictures and simple measurements.",Why does Jessi record the weather at the same time each day?,"From a safe place, record the weather at the same time for three days. Use labelled drawings or words.",https://www.youtube.com/watch?v=Uo8lbeVVb4M,Official source description and YouTube metadata checked; full audiovisual playback not reviewed. Official author and description plus community transcript reviewed. Observe local conditions; examples of snow are not predictions for Australia. Never look directly at the Sun.
AC9S2I04,https://www.youtube.com/watch?v=zF_dBk8EPDk,"Data: Collecting, Organising and Displaying",Scratch Garden,2,2,Organise observations into categories and represent the counts clearly.,How does a table or picture graph make a pattern easier to notice?,Sort five days of weather observations into categories. Show each category count in a simple table.,https://scratchgarden.com/videos/data/,"Official source description and YouTube metadata checked; full audiovisual playback not reviewed. Original embed ID extracted from creator page; creator permits embedding in sharing policy. A primary mathematics demonstration used specifically for the shared skill of organising observational data, not a replacement science lesson."
AC9S2I05,https://www.youtube.com/watch?v=uGCexyr4IYw,Let’s Be Scientists!,Planet Nutshell,2,2,Compare what happened with what you predicted and use the result to ask a new question.,Can an investigation be useful when its result differs from the prediction?,"Use a class investigation: state the prediction, the observation and one question to explore next.",https://planetnutshell.com/portfolio/lets-be-scientists/,Official source description and YouTube metadata checked; full audiovisual playback not reviewed. Primary creator description explicitly concerns drawing conclusions from predictions. Fair comparisons with others remain in the lesson.
AC9S2I06,https://www.youtube.com/watch?v=Uo8lbeVVb4M,Be a Weather Watcher,SciShow Kids,2,2,Use a weather journal as an example of communicating observations through labelled pictures and words.,Which labels or weather words would help someone else understand the journal?,"Create one journal entry with a date, labelled weather picture and a sentence saying what you observed.",https://www.youtube.com/watch?v=Uo8lbeVVb4M,Official source description and YouTube metadata checked; full audiovisual playback not reviewed. Official metadata and community transcript reviewed. Communication activity stays within local weather observations.
AC9E2LA01,https://www.youtube.com/watch?v=YVahJKMk2VY,The Courtesy Song,Scratch Garden,2,2,"Notice polite words used for requests, thanks and interruptions in different situations.",How does the reason for speaking change the words a person chooses?,Act out asking a friend for a pencil and asking a teacher for help. Explain which words you chose.,https://scratchgarden.com/videos/courtesy/,Official source description and YouTube metadata checked; full audiovisual playback not reviewed. Original embed ID extracted from creator page; creator permits embedding in sharing policy. Creator lyrics checked. Politeness conventions vary; discuss the context rather than treating one formula as universal.
AC9E2LA03,https://www.youtube.com/watch?v=SV5qoOWONm8,Fiction and Nonfiction,Khan Academy Kids,2,2,Compare a made-up story with a book that gives factual information.,What clues suggest that a book aims to tell a story or give information?,"Choose a storybook and a factual book about animals. Compare their headings, pictures and kinds of sentences.",https://www.youtube.com/watch?v=SV5qoOWONm8,Official source description and YouTube metadata checked; full audiovisual playback not reviewed. Official description and author checked. Supports two text types; persuasion and curriculum-specific text structures remain in the lesson.
AC9E2LA04,https://www.youtube.com/watch?v=qtkivKA4h9w,Personal Pronouns,Khan Academy,2,2,"Explore words such as I, you, he, she, it, we and they that refer to people or things.",Which pronoun could replace a repeated character name without making the meaning unclear?,Write two sentences about Mia and two about Mia and Sam. Replace a repeated name with a clear personal pronoun.,https://www.khanacademy.org/humanities/grammar/parts-of-speech-the-pronoun/introduction-to-pronouns/v/personal-pronouns-the-parts-of-speech-grammar,Official source description and YouTube metadata checked; full audiovisual playback not reviewed. Watch with adult support for grammar labels. Possessive pronouns and omitted words remain in the Year 2 lesson.
AC9E2LA05,https://www.youtube.com/watch?v=7dhW9I2xbFg,The Parts of a Book Song,Scratch Garden,2,2,"Use chapter titles, page numbers and a table of contents to find information in a book.",How can a table of contents save you from searching every page?,Find a chapter using a table of contents. Explain how you would find a different topic using an index.,https://scratchgarden.com/videos/parts-of-a-book/,Official source description and YouTube metadata checked; full audiovisual playback not reviewed. Original embed ID extracted from creator page; creator permits embedding in sharing policy. Creator lyrics checked. Screen menus and links remain in the written lesson.
AC9E2LA06,https://www.youtube.com/watch?v=imwtcmvk668,Coordinating Conjunctions,Khan Academy,2,2,"Explore how words such as and, but, or and so can connect ideas.",Which joining word would show a contrast between two complete ideas?,Join “It was raining.” and “We played indoors.” with so. Explain why each part could also be a sentence.,https://www.khanacademy.org/humanities/grammar/parts-of-speech-the-preposition-and-the-conjunction/introduction-to-conjunctions/v/coordinating-conjunctions-final,"Official source description and YouTube metadata checked; full audiovisual playback not reviewed. Adult support recommended for grammar labels. Focus on and, but, or and so; keep the lesson’s independent-clause check."
AC9E2LA07,https://www.youtube.com/watch?v=CxrxUyxMnxA,"Adjectives, Nouns and Verbs: Amazing Newts Vibrate",Nessy,2,2,"Notice how nouns name, adjectives describe and verbs tell what happens.",How can an adjective make a noun more precise?,Expand “a bird” into “a small green bird”. Add a verb group to make a complete sentence.,https://www.youtube.com/watch?v=CxrxUyxMnxA,Official source description and YouTube metadata checked; full audiovisual playback not reviewed. Official creator and description checked. Supports word roles; article use and noun/verb groups are developed in the lesson.
AC9E2LA08,https://www.youtube.com/watch?v=24bGmyLH3Qw,How Illustrations Show Mood,Khan Academy Kids,2,2,Notice how illustrations add clues about feelings and atmosphere to a story.,Which picture detail helps you understand the mood?,Draw two pictures for “The child walked into the room”: one cheerful and one uneasy. Explain what the pictures add.,https://www.youtube.com/watch?v=24bGmyLH3Qw,"Official source description and YouTube metadata checked; full audiovisual playback not reviewed. Official title, creator and reading-comprehension purpose checked."
AC9E2LA09,https://www.youtube.com/watch?v=CxrxUyxMnxA,"Adjectives, Nouns and Verbs: Amazing Newts Vibrate",Nessy,2,2,Choose describing words that make an object or action more specific.,What extra information does a describing word give the reader?,Choose three useful words for describing a garden. Use them in a short explanation and say why they fit the topic.,https://www.youtube.com/watch?v=CxrxUyxMnxA,Official source description and YouTube metadata checked; full audiovisual playback not reviewed. Supports deliberate descriptive vocabulary; wider topic-specific vocabulary remains in the lesson.
AC9E2LA10,https://www.youtube.com/watch?v=LdCOswMeXFQ,Punctuation Explained,Scratch Garden,2,2,"Review punctuation, including how commas help readers separate parts of a sentence.",What does a comma help a reader notice?,"Write a list of three foods in a sentence, using commas between items. Give it a title and check the capital letters.",https://scratchgarden.com/videos/punctuation/,Official source description and YouTube metadata checked; full audiovisual playback not reviewed. Original embed ID extracted from creator page; creator permits embedding in sharing policy. Creator page identifies comma teaching. The video also covers other punctuation and calls a full stop a period; title capitals remain in the written lesson.
AC9E2LE01,https://www.youtube.com/watch?v=uVfVPRFhYD4,All About Characters,Khan Academy Kids,2,2,Notice a character’s actions and feelings before discussing how a story’s setting affects that character.,What can a character’s actions help you understand?,"In a class text, name a character and describe how the place or time affects what they do.",https://www.youtube.com/watch?v=uVfVPRFhYD4,Official source description and YouTube metadata checked; full audiovisual playback not reviewed. Supports character discussion only. It is not a First Nations Australian text; use the lesson’s appropriately selected Australian and First Nations literature for required text experiences.
AC9E2LE02,https://www.youtube.com/watch?v=uVfVPRFhYD4,All About Characters,Khan Academy Kids,2,2,Identify features of characters that can help you explain a reading preference.,"Which character detail interests you, and why?",Name a character you prefer in a familiar story. Give one reason linked to what they say or do.,https://www.youtube.com/watch?v=uVfVPRFhYD4,"Official source description and YouTube metadata checked; full audiovisual playback not reviewed. Official description concerns characters thinking, feeling, acting and changing. Setting and preference language remain in the topic discussion."
AC9E2LE03,https://www.youtube.com/watch?v=uVfVPRFhYD4,All About Characters,Khan Academy Kids,2,2,"Use a character’s thoughts, feelings and actions as clues when comparing stories.",Which words or actions reveal how a character is feeling?,"Compare two characters from familiar stories. Point to a word, action or picture that shows a difference.",https://www.youtube.com/watch?v=uVfVPRFhYD4,Official source description and YouTube metadata checked; full audiovisual playback not reviewed. Supports character clues; comparison of setting language remains in the lesson.
AC9E2LE04,https://www.youtube.com/watch?v=4PW3_LErVZk,Rhyming Words,Scratch Garden,2,2,Listen for words with matching ending sounds and try creating your own rhymes.,What part of the rhyming words sounds the same?,Make a two-line rhyme and tap its beat. Swap one rhyming word and read the lines aloud again.,https://scratchgarden.com/videos/rhyming-words/,Official source description and YouTube metadata checked; full audiovisual playback not reviewed. Original embed ID extracted from creator page; creator permits embedding in sharing policy.
AC9E2LE05,https://www.youtube.com/watch?v=r5O3GeVaGHc,"Beginning, Middle and End",Khan Academy Kids,2,2,"Explore how a story introduces characters, presents a problem and brings events to an ending.",What changes between the beginning and the end of the story?,"Retell a familiar tale in three boxes. Change its setting, then edit one event so it fits your new version.",https://www.youtube.com/watch?v=r5O3GeVaGHc,Official source description and YouTube metadata checked; full audiovisual playback not reviewed. Creator description checked; simpler and better bounded for Year 2 than videos teaching subplots and foreshadowing.
AC9E2LY01,https://www.youtube.com/watch?v=SV5qoOWONm8,Fiction and Nonfiction,Khan Academy Kids,2,2,Compare story and factual text when they describe a similar subject.,How might a story about an animal differ from a factual book about that animal?,Choose the same topic in a storybook and an information book. State one similarity and one difference in how the topic is presented.,https://www.youtube.com/watch?v=SV5qoOWONm8,Official source description and YouTube metadata checked; full audiovisual playback not reviewed. Supports comparison across two types; media and additional text types remain in the lesson.
AC9E2LY02,https://www.youtube.com/watch?v=YVahJKMk2VY,The Courtesy Song,Scratch Garden,2,2,"Practise respectful words for asking, responding and entering a conversation.",What could you say when you need to add an idea while someone else is speaking?,"In pairs, explain a favourite game. Take turns, listen and ask one question that builds on your partner’s idea.",https://scratchgarden.com/videos/courtesy/,Official source description and YouTube metadata checked; full audiovisual playback not reviewed. Original embed ID extracted from creator page; creator permits embedding in sharing policy. Creator lyrics checked. Active listening and extending ideas need the paired activity and written lesson.
AC9E2LY03,https://www.youtube.com/watch?v=SV5qoOWONm8,Fiction and Nonfiction,Khan Academy Kids,2,2,Notice a difference between texts that tell imagined stories and texts that share factual information.,Why might a reader choose a storybook or an information book?,Choose a book for someone who wants facts about frogs and a book for someone who wants a frog adventure. Explain each choice.,https://www.youtube.com/watch?v=SV5qoOWONm8,Official source description and YouTube metadata checked; full audiovisual playback not reviewed. Supports imaginative/informative purpose and reader needs. Persuasive texts are still taught in the topic lesson.
AC9E2LY04,https://www.youtube.com/watch?v=xjtPMiumixA,Don’t Read Like a Robot,GoNoodle | Get Moving,2,2,Practise reading aloud with expression so the voice helps communicate meaning.,How does changing the voice make the same words sound different?,"Read two familiar sentences aloud. Reread them with phrasing that suits the meaning, checking any word that did not make sense.",https://www.gonoodle.com/videos/6YloKw/dont-read-like-a-robot,"Official source description and YouTube metadata checked; full audiovisual playback not reviewed. Creator transcript and Grade 2 tag checked; original GoNoodle upload confirmed. Supports expressive fluency, not replacing phonics or self-correction."
AC9E2LY05,https://www.youtube.com/watch?v=-6e2Cf9oLRM,Visualizing While You Read,Khan Academy Kids,2,2,Build a mental picture using details from a text.,Which words help you imagine the scene?,"Listen to a short description, draw what you imagine, and label two details that came from the words.",https://www.youtube.com/watch?v=-6e2Cf9oLRM,Official source description and YouTube metadata checked; full audiovisual playback not reviewed. Official title and creator checked. Visualising is one of the comprehension strategies in this code; the others remain in the written lesson.
AC9E2LY06,https://www.youtube.com/watch?v=r5O3GeVaGHc,"Beginning, Middle and End",Khan Academy Kids,2,2,Plan the basic structure of a short imaginative text for a familiar reader.,"How do the beginning, problem and ending fit together?",Plan and write a short three-part story for a younger child. Reread it to improve a word choice and check punctuation.,https://www.youtube.com/watch?v=r5O3GeVaGHc,"Official source description and YouTube metadata checked; full audiovisual playback not reviewed. Supports imaginative structure. Informative and persuasive writing, editing and multimodal choices remain in the full lesson."
AC9E2LY07,https://www.youtube.com/watch?v=xjtPMiumixA,Don’t Read Like a Robot,GoNoodle | Get Moving,2,2,Practise using expression and an audible voice when sharing prepared words with an audience.,How does a speaker’s voice help listeners understand the feeling of the words?,Rehearse a three-sentence presentation about a familiar topic. Ask a partner whether your voice was clear and suited the message.,https://www.gonoodle.com/videos/6YloKw/dont-read-like-a-robot,"Official source description and YouTube metadata checked; full audiovisual playback not reviewed. Creator transcript includes practising lines for performance. Supports delivery only; purpose, structure and visual choices remain in the lesson."
AC9E2LY10,https://www.youtube.com/watch?v=X0_i32BgBiA,The Vowel Teams Song: The Long A Sound,Scratch Garden,2,2,Explore letter teams that can represent the long a sound.,Which different letter teams can represent the same long a sound?,"Sort rain, play and day by their long a spelling. Add another word to each group and read each group aloud.",https://scratchgarden.com/videos/vowel-teams/,"Official source description and YouTube metadata checked; full audiovisual playback not reviewed. Original embed ID extracted from creator page; creator permits embedding in sharing policy. Specific long-A version confirmed by official YouTube metadata. Other vowel patterns, clusters, silent letters and compounds remain in the lesson."
AC9E2LY11,https://www.youtube.com/watch?v=msJIy_f_Xsw,Learn the Three Sounds of -ed,Nessy,2,2,Notice that the past-tense ending -ed can have different sounds while keeping its spelling.,Why do words with different ending sounds sometimes share the letters ed?,"Read jumped, played and wanted. Group them by the sound of ed and explain what the ending tells you.",https://www.youtube.com/watch?v=msJIy_f_Xsw,Official source description and YouTube metadata checked; full audiovisual playback not reviewed. Official creator and description checked. Supports a spelling-and-morpheme pattern; irregular and high-frequency words remain in the topic lesson.
AC9E2LY12,https://www.youtube.com/watch?v=OAHUenKcNN0,"Head, Body, Tail: Prefixes and Suffixes",Nessy,2,2,Explore how a prefix or suffix joins a base word to build a word family.,"Which part is the base word, and which part was added?","Build play, replay and playful. Underline the base and explain how an added part changes the meaning.",https://www.youtube.com/watch?v=OAHUenKcNN0,"Official source description and YouTube metadata checked; full audiovisual playback not reviewed. Official description and author checked; use the simple word-building examples, with adult support for terminology."
AC9E2LA02,https://www.youtube.com/watch?v=KEK2oGBSsHk,Opinion Writing for Kids: What Is It?,Teaching Without Frills,2,2,Recognise an opinion and connect a preference with a reason.,How can you explain a preference so another person understands it?,Choose a familiar book. Say “I enjoyed … because …” and give a reason linked to its words or pictures.,https://www.youtube.com/watch?v=KEK2oGBSsHk,Official upload title and creator checked with YouTube metadata; introductory opinion/reason scope checked against the description in DCMP’s authorised catalogue. Full audiovisual playback not reviewed. Use the short introduction with adult support; do not require formal essay structure in Year 2.
AC9E2LY08,https://www.youtube.com/watch?v=7Hsy9hwpiAw,Handwriting Lesson: Letter Size and Placement,Learning Without Tears,2,2,"Notice how tall, small and descending letters sit on the line so that handwritten words are easier to read.","Which letters stay small, which reach up, and which have a part below the line?","Write a short sentence containing cat, dog and tall on lined paper. Use your school’s letter shapes, then check the size and placement of each letter.",https://www.lwtears.com/resources/Handwriting-Without-Tears-Video-Lessons,"Original creator page describes tall, small and descending letters and embeds this exact ID; official YouTube title, creator and player HTML checked. Full audiovisual playback not reviewed. Supports legibility through size and placement only; use the school’s Australian unjoined letter shapes and ordinary lined paper, with no workbook purchase required. Grip, upper-case formation and fluent practice remain in the written lesson."
AC9E2LY09,https://www.youtube.com/watch?v=0N_OgjBjKZo,Deleting Sounds: Phonemic Awareness,Naomi O'Brien,2,2,Listen to what remains when one speech sound is removed from a spoken word.,"Which sound was removed, and what word can you hear now?","Say smile, then remove the first /s/ sound. Say plane, then remove the /p/. Use letter tiles to check the new words.",https://www.youtube.com/watch?v=0N_OgjBjKZo,"Official title, creator and description confirmed. Creator’s phonological-awareness site explains removing individual sounds, including from blends. Full audiovisual playback not reviewed. Supports deletion; blending, segmenting and substitution remain in the topic lesson."
AC9M3N01,https://www.youtube.com/watch?v=T5Qf0qSSJFI,Math Antics - Place Value,mathantics,3,3,See how a digit changes value when it moves to a different place.,What does the 4 represent in 14 205 and in 41 205?,"Build a five-digit number, write it in expanded form, then swap two digits and compare the numbers.",https://mathantics.com/lesson/place-value,"Creator lesson page links to this exact YouTube video. Use the place-value model for whole numbers beyond 10 000; video is a supplement, not the full ordering lesson. Metadata/embed checked; no full playback review."
AC9M3N02,https://www.youtube.com/watch?v=I1u3pM9g9o8,What Are Fractions? - Math Antics,mathantics,3,3,Connect equal parts of a whole with the numerator and denominator.,Why must the parts be equal when we call one part a quarter?,"Fold or draw a strip into fifths. Shade one fifth, then add enough fifths to make the whole.",https://mathantics.com/lesson/what-are-fractions,"Updated creator lesson page links to this exact original video. Year 3 focus is equal parts, unit fractions and completing a whole, not later fraction calculations. Metadata/embed checked; no full playback review."
AC9M3N03,https://www.youtube.com/watch?v=jAfJcgPGqgI,Solving 3-digit addition in your head | 2nd grade | Khan Academy,Khan Academy,3,3,Use place value and friendly hundreds to add three-digit numbers mentally.,How can moving part of one number make an addition easier without changing the total?,Find 298 + 135 by making 300 first. Draw or explain where the extra 2 came from.,https://www.khanacademy.org/math/mr-class-3/x9b29f1b440e43eeb%3Aadding-and-subtracting-by-grouping/x9b29f1b440e43eeb%3Aadding-by-carrying-over/v/rethinking-three-digit-addition-for-mental-calculation,Official Khan description identifies making groups of 10 and 100. Covers the addition strategy strand; source-labelled Grade 2 is suitable consolidation for Year 3. Metadata/embed checked; no full playback review.
AC9M3N03,https://www.youtube.com/watch?v=Y6M89-6106I,Math Antics - Multi-Digit Subtraction,mathantics,3,3,Follow regrouping when a subtraction has too few ones or tens.,"When one ten is exchanged for ten ones, why does the number keep the same value?",Show 342 - 158 with a place-value drawing before recording the calculation.,https://mathantics.com/lesson/multi-digit-subtraction,Creator Watch on YouTube link verified. Use two- and three-digit regrouping only; retain the page's other calculation strategies. Metadata/embed checked; no full playback review.
AC9M3N04,https://www.youtube.com/watch?v=QI6x0KNxiCs,The idea of division | Multiplication and division | Arithmetic | Khan Academy,Khan Academy,3,3,Connect division to equal groups and a multiplication array.,How can the same array help you write a multiplication and a division?,Arrange 20 counters in four equal rows. Write the multiplication and both related divisions.,https://www.khanacademy.org/math/in-in-class-3rd-math-cbse/x80b2f4aa70819288%3Adivision/x80b2f4aa70819288%3Aintro-to-division/v/the-idea-of-division,"Official Khan lesson describes division through arrays and multiplication. Focus is equal groups, not a formal long-division procedure. Original channel/embed checked; no full playback review."
AC9M3N05,https://www.youtube.com/watch?v=xnUkIsdvfGY,Estimating! | Mini Math Movies | Scratch Garden,Scratch Garden,3,3,"Estimate a collection, then check how close the estimate was.",What can you use as a small known group before estimating a larger collection?,Estimate a collection of counters without counting every counter. Count in groups to check and explain your estimate.,https://scratchgarden.com/videos/estimating/,"Official creator description covers estimating quantities, checking by counting and number-line estimates. Year 3 task extends the small examples to grouped collections. Original channel/embed checked; no full playback review."
AC9M3N06,https://www.youtube.com/watch?v=aGdO1Y6ciwc,Multiplying by tens word problem | Math | 3rd grade | Khan Academy,Khan Academy,3,3,Turn an equal-groups word problem into multiplication using tens.,How do you decide what each number in the multiplication represents?,"Five classes each need 30 pencils. Draw the groups, write a number sentence and explain the answer in pencils.",https://www.youtube.com/watch?v=aGdO1Y6ciwc,Official Khan Grade 3 description identifies a 90-times-5 word problem. Covers modelling a multiplicative situation; financial and additive modelling stay in the written lesson. Original channel/embed checked; no full playback review.
AC9M3N07,https://www.youtube.com/watch?v=zW3YZdPmCnM,Sequencing | Coding & Computer Science Song,Scratch Garden,3,3,See why the order of instructions matters in an algorithm.,What can go wrong if a step is skipped or moved?,Write instructions to start at 3 and keep adding 4 until the number passes 20. Include the stopping decision and list the numbers.,https://scratchgarden.com/videos/sequencing/,Exact creator source explains ordered instructions. Applied task is an original Year 3 numerical algorithm with a decision; the video does not itself teach the whole number-pattern outcome. Original channel/embed checked; no full playback review.
AC9M3A01,https://www.youtube.com/watch?v=7J1OkxuyLD0,Adding & Subtracting! | Mini Math Movies | Scratch Garden,Scratch Garden,3,3,See addition and subtraction working as opposite operations.,How can subtracting one part help you find the other part of a total?,"Use 17, 8 and 9 to write two additions and two subtractions. Explain how one checks another.",https://scratchgarden.com/videos/adding-subtracting/,"Official creator description explicitly includes opposite operations, equations and two-digit numbers. Exact ID corroborated by Foundation source cache. Original channel/embed checked; no full playback review."
AC9M3A02,https://www.youtube.com/watch?v=jAfJcgPGqgI,Solving 3-digit addition in your head | 2nd grade | Khan Academy,Khan Academy,3,3,Use known number facts to make friendly tens and hundreds.,Which small addition fact helps you bridge to the next hundred?,"Use 8 + 2 = 10 to help solve 98 + 27, then explain how the same idea helps with 198 + 27.",https://www.khanacademy.org/math/mr-class-3/x9b29f1b440e43eeb%3Aadding-and-subtracting-by-grouping/x9b29f1b440e43eeb%3Aadding-by-carrying-over/v/rethinking-three-digit-addition-for-mental-calculation,"Official Khan description covers mental addition using groups of 10 and 100. The prompt targets transfer of basic facts, not memorising a written algorithm. Original channel/embed checked; no full playback review."
AC9M3A03,https://www.youtube.com/watch?v=QI6x0KNxiCs,The idea of division | Multiplication and division | Arithmetic | Khan Academy,Khan Academy,3,3,Use a multiplication fact to work out related division facts.,"If you know 3 times 4 is 12, what two divisions can you explain?",Draw an array for 4 times 5. Say the multiplication fact and both related division facts without recounting.,https://www.khanacademy.org/math/in-in-class-3rd-math-cbse/x80b2f4aa70819288%3Adivision/x80b2f4aa70819288%3Aintro-to-division/v/the-idea-of-division,"Official array/division lesson supports the related-facts strand. It does not replace deliberate practice of all 3, 4, 5 and 10 facts. Original channel/embed checked; no full playback review."
AC9M3M01,https://www.youtube.com/watch?v=7omxmCDpW7U,Measurement Mystery: Crash Course Kids #9.2,Crash Course Kids,3,3,Match metric units with the property being measured.,Why is a centimetre useful for a book's length and a gram useful for its mass?,"Choose sensible units for a pencil's length, a schoolbag's mass and a bottle's capacity. Explain each choice.",https://www.youtube.com/watch?v=7omxmCDpW7U,Original Crash Course Kids video uses metric length and mass; public description and archived transcript reviewed. Concrete measurement content is suitable for Year 3 although the original series also serves Grade 5. Capacity needs the written lesson. Metadata/embed checked; no full playback review.
AC9M3M02,https://www.youtube.com/watch?v=7omxmCDpW7U,Measurement Mystery: Crash Course Kids #9.2,Crash Course Kids,3,3,Watch measuring tools provide numerical clues about an object.,How do the measuring tape and scale answer different questions about the same object?,Measure the length of two books from the zero mark. Record the units and compare the lengths.,https://www.youtube.com/watch?v=7omxmCDpW7U,Original video/archived transcript show labelled metric tape and scale measurements. Supports length and mass; capacity and instrument practice remain in the lesson. Metadata/embed checked; no full playback review.
AC9M3M03,https://www.youtube.com/watch?v=ULR9LWiaKRQ,"Seconds, Minutes and Hours for Kids | Lesson Video",Homeschool Pop,3,3,"Compare seconds, minutes and hours with familiar activities.","What sort of activity is best timed in seconds, and what needs minutes or hours?","Estimate how long it takes to clap five times, eat lunch and travel to school. Choose a suitable unit for each.",https://www.youtube.com/watch?v=ULR9LWiaKRQ,"Original Homeschool Pop channel confirmed by oEmbed; description explains the length and use of seconds, minutes and hours. Selected over formal 3600-second conversions; days still need the written lesson. No full playback review."
AC9M3M04,https://www.youtube.com/watch?v=Ll3QzXftlS0,Telling time to the nearest minute: labeled clock | Math | 3rd grade | Khan Academy,Khan Academy,3,3,Read the hour hand and count individual minute marks.,Why is the hour hand between two numbers for most times?,Draw an analogue clock showing 4:27. Explain the position of both hands.,https://www.youtube.com/watch?v=Ll3QzXftlS0,Official Khan Grade 3 video describes reading labelled analogue clocks to the nearest minute. Original channel/embed checked; no full playback review.
AC9M3M05,https://www.youtube.com/watch?v=DGKwdHMiqCg,Math Antics - Angle Basics,mathantics,3,3,Notice an angle as an opening and compare it with a right angle.,Does making the arms longer change the size of the angle?,Fold a paper corner to make a right-angle tester. Find one smaller and one larger turn around you.,https://mathantics.com/lesson/angle-basics,Creator Watch on YouTube link verified. Restrict the Year 3 task to turns and comparison with a right angle; do not require later formal angle measurement or classification. Metadata/embed checked; no full playback review.
AC9M3M06,https://www.youtube.com/watch?v=pHcJvVB2Ue4,Australian Money for Kids- A Revamped Edition!,Learn and Play Online!,3,3,Recognise Australian coins and compare their values.,Why can a smaller coin be worth more than a larger coin?,Make $1 using two different groups of Australian coins. Record the value of each coin and the total in cents.,https://www.youtube.com/watch?v=pHcJvVB2Ue4,"Original creator is Learn and Play Online!, confirmed by oEmbed, not Twinkl as a related search snippet might suggest. Description specifies Australian coin/note recognition, ordering and counting. Supports money representations; retain explicit 100c=$1 teaching in the lesson. No full playback review."
AC9M3SP01,https://www.youtube.com/watch?v=ZnZYK83utu0,"3D Shapes Song For Kids | Spheres, Cylinders, Pyramids, Cubes, & Cones",Numberock,3,3,Match familiar solid objects with their shapes and features.,Which shapes can roll and which have flat faces that help them stack?,"Compare a ball, a can and a small box. Explain why one is useful for rolling and another for stacking.",https://numberock.com/lessons/3d-shapes/,Original NUMBEROCK channel confirmed. Creator lesson describes real-world 3D shape examples. Supports identifying features and uses; students still make and compare models in the lesson. Metadata/embed checked; no full playback review.
AC9M3SP02,https://www.youtube.com/watch?v=HnlJzWhsNnw,Location & Directions! | Mini Math Movies | Scratch Garden,Scratch Garden,3,3,Use position and direction words to describe where things are.,Why does someone need a clear starting point before following directions?,Draw a simple classroom map. Give a partner directions from the door to two landmarks.,https://scratchgarden.com/videos/location-directions/,Official creator description covers relative locations and directional words. Supports map language; the original task supplies the Year 3 two-dimensional representation practice. Metadata/embed checked; no full playback review.
AC9M3ST01,https://www.youtube.com/watch?v=zF_dBk8EPDk,Data! | Mini Math Movies | Scratch Garden,Scratch Garden,3,3,Collect answers and organise them with tally marks.,How do tally marks help you keep track when several answers are the same?,Ask five people which of three fruits they prefer. Record every answer in a tally and frequency table.,https://scratchgarden.com/videos/data/,"Official creator page explicitly covers collection, organisation, tally marks and graphs. Covers categorical collection; discrete numerical variables and spreadsheets stay in the lesson. Metadata/embed checked; no full playback review."
AC9M3ST02,https://www.youtube.com/watch?v=zF_dBk8EPDk,Data! | Mini Math Movies | Scratch Garden,Scratch Garden,3,3,Read a data display and compare what its categories show.,How does a graph make a comparison easier to see than a list?,Show the same small set of class-preference data as a picture graph and a column graph. Describe one useful comparison.,https://scratchgarden.com/videos/data/,"Creator description names pictographs, tally charts and interpretation. Task uses original data and does not copy video graphics. Metadata/embed checked; no full playback review."
AC9M3ST03,https://www.youtube.com/watch?v=zF_dBk8EPDk,Data! | Mini Math Movies | Scratch Garden,Scratch Garden,3,3,Follow the path from a question to collected data and an answer.,What question could the collected data help answer?,"Choose a class question, collect a small data set, draw a graph and write one conclusion that the data supports.",https://scratchgarden.com/videos/data/,Official source describes the collection-to-analysis process. Supports a guided investigation; use an adult scaffold and a clear question. Metadata/embed checked; no full playback review.
AC9M3P01,https://www.youtube.com/watch?v=7XuNVVlD98g,Probability! | Mini Math Movies | Scratch Garden,Scratch Garden,3,3,"Compare events that are certain, possible or impossible.",How is a possible event different from a certain one?,"Describe one certain, one impossible, one likely and one unlikely event using a bag with four blue counters and one red counter.",https://scratchgarden.com/videos/probability/,Official creator description covers likelihood and certain/possible/impossible scenarios. Prompt extends possible into likely/unlikely without numerical probability. Metadata/embed checked; no full playback review.
AC9M3P02,https://www.youtube.com/watch?v=7XuNVVlD98g,Probability! | Mini Math Movies | Scratch Garden,Scratch Garden,3,3,Identify possible outcomes before trying a chance experiment.,Can a possible outcome fail to happen in a short set of trials?,"Draw from a bag of red and blue counters ten times, replacing the counter each time. Record the colours and compare with a partner's results.",https://scratchgarden.com/videos/probability/,"Video supports possible outcomes; replacement, recording and comparison are an original supervised follow-up rather than claimed video coverage. No numerical probability formulas. Metadata/embed checked; no full playback review."
AC9S3U01,https://www.youtube.com/watch?v=Gy60BqCnTG4,"What Makes Something ""Alive""? | Biology for Kids",SciShow Kids,3,3,Use several characteristics to decide whether something is living.,Why is movement by itself not enough to decide whether something is alive?,"Compare a seed, a toy car and a growing plant. Explain which observations would help you decide whether each is living.",https://www.youtube.com/watch?v=Gy60BqCnTG4,Original SciShow Kids upload and living/non-living description confirmed. Creator identifies its intended audience as Grades 1–3. Life-cycle comparison is a separate strand. Metadata/embed checked; no full playback review.
AC9S3U01,https://www.youtube.com/watch?v=tkFPyue5X3Q,How Does A Seed Become A Plant? | Backyard Science | SciShow Kids,SciShow Kids,3,3,See the early stages as a seed grows into a plant.,What changes can you observe as a seed begins to grow?,"Draw a seed-to-seedling sequence, then compare it with the early stages of an animal life cycle from your lesson.",https://www.youtube.com/watch?v=tkFPyue5X3Q,"Official SciShow Kids description explains germination. Selected as plant-life-cycle support, not complete animal/plant life-cycle coverage. Metadata/embed checked; no full playback review."
AC9S3U02,https://www.youtube.com/watch?v=qJ9fJU1X9mA,Why Different Soils Feel Different,SciShow Kids,3,3,Compare soils by observable features such as texture.,What differences could you notice between two soils before naming them?,"With an adult, observe two clean soil samples using sight and a hand lens. Record texture, colour and any visible pieces; wash your hands afterwards.",https://www.youtube.com/watch?v=qJ9fJU1X9mA,Original SciShow Kids soil-comparison description and channel confirmed. This supports soil properties; avoid tasting samples. Metadata/embed checked; no full playback review.
AC9S3U02,https://www.youtube.com/watch?v=tNs1gqkYerg,Be a Rock Detective!,SciShow Kids,3,3,Use a rock's visible features as clues when comparing samples.,Which clues could help you tell two similar-looking rocks apart?,Draw two rocks and label two observable differences. Explain one use that could depend on a rock's properties.,https://www.youtube.com/watch?v=tNs1gqkYerg,Official SciShow Kids original upload confirmed. Rock observations support this code; the lesson still teaches mineral distinctions and Earth-resource importance. Metadata/embed checked; no full playback review.
AC9S3U03,https://www.youtube.com/watch?v=eLBi0iCP1zg,Where Do Icicles Come From? | Winter Science | SciShow Kids,SciShow Kids,3,3,Follow heat from sunlight as snow warms and melts.,Where does the energy that warms the snow come from?,Draw arrows to show energy moving from warm surroundings to an ice cube. Predict what will happen to the ice.,https://www.youtube.com/watch?v=eLBi0iCP1zg,"Original SciShow Kids video; archived transcript explains sunlight warming snow above freezing and subsequent refreezing. Scope is a visible heat-transfer example, not all heat sources. Metadata/embed checked; no full playback review."
AC9S3U04,https://www.youtube.com/watch?v=eLBi0iCP1zg,Where Do Icicles Come From? | Winter Science | SciShow Kids,SciShow Kids,3,3,See water change between solid ice and liquid water as it warms or cools.,How can an icicle grow even though some nearby snow is melting?,Draw a two-way diagram between ice and liquid water. Label what happens when heat is added and when heat is removed.,https://www.youtube.com/watch?v=eLBi0iCP1zg,Original upload and archived transcript cover melting and freezing in a concrete example. Do not attempt to collect overhead icicles. Metadata/embed checked; no full playback review.
AC9S3H01,https://www.youtube.com/watch?v=7omxmCDpW7U,Measurement Mystery: Crash Course Kids #9.2,Crash Course Kids,3,3,See measured observations used as evidence for an explanation.,Why are several measurements more useful than one first guess?,Choose a familiar object and record three measurable or observable clues. Explain how those clues support your identification.,https://www.youtube.com/watch?v=7omxmCDpW7U,Original episode identifies a mystery object through measured properties; public description and archived transcript reviewed. Focus on data-to-explanation reasoning. Metadata/embed checked; no full playback review.
AC9S3H02,https://www.youtube.com/watch?v=owHF9iLyxic,What's an Engineer? Crash Course Kids #12.1,Crash Course Kids,3,3,Explore how engineers use science to help solve practical problems.,"What need is a design trying to meet, and what science might help?","Name a problem at school, such as keeping a drink cool. Sketch a possible solution and explain the scientific idea it uses.",https://www.youtube.com/watch?v=owHF9iLyxic,Original Crash Course Kids introduction to engineering confirmed through oEmbed and public source listing. Supports uses of scientific ideas; it is not a full account of scientific explanations or all professions. No full playback review.
AC9S3I01,https://www.youtube.com/watch?v=La0m_ocR7cQ,Look Who's Talking: Crash Course Kids #27.2,Crash Course Kids,3,3,Notice a plant pattern and turn it into a question and a prediction.,How could noticing a plant bend towards light lead to a testable question?,Write a question about seedlings and light. Predict what you might observe and explain what led to your prediction.,https://www.youtube.com/watch?v=La0m_ocR7cQ,"Original episode and archived transcript describe observations, questions and a plant investigation. Year 3 focus is asking and predicting, not photosynthesis terminology in the introduction. Metadata/embed checked; no full playback review."
AC9S3I02,https://www.youtube.com/watch?v=eB7GTjAFaE4,Designing a Trial: Crash Course Kids #44.1,Crash Course Kids,3,3,Plan a fair comparison by changing one factor and keeping others the same.,Which things must stay the same if you compare two designs fairly?,"With an adult, plan a safe paper-ramp test. List one thing to change, what to keep the same and what you will measure.",https://www.youtube.com/watch?v=eB7GTjAFaE4,Original episode and archived transcript show planning ring-toss trials and isolating a variable. Retain adult safety scaffolds; the task does not reproduce slingshot examples mentioned in the episode. Metadata/embed checked; no full playback review.
AC9S3I03,https://www.youtube.com/watch?v=7omxmCDpW7U,Measurement Mystery: Crash Course Kids #9.2,Crash Course Kids,3,3,Use a suitable instrument and record a measurement with its unit.,Why would a measurement written as just 23 be incomplete?,Measure one safe classroom object twice with a ruler. Record both measurements in centimetres and compare them.,https://www.youtube.com/watch?v=7omxmCDpW7U,Original video/archived transcript model measuring and describing a book with metric tools. Digital recording and detailed procedures remain in the written lesson. Metadata/embed checked; no full playback review.
AC9S3I04,https://www.youtube.com/watch?v=zF_dBk8EPDk,Data! | Mini Math Movies | Scratch Garden,Scratch Garden,3,3,Organise observations so a pattern is easier to see.,How can a table or graph help someone understand a set of observations?,Count three kinds of objects in a small supervised outdoor area. Put the counts in a table and draw a labelled column graph.,https://scratchgarden.com/videos/data/,Creator data lesson supports the representation skill across subjects; the follow-up supplies a scientific observation context. It does not teach every type of scientific model. Metadata/embed checked; no full playback review.
AC9S3I05,https://www.youtube.com/watch?v=8Uznr8uiVh0,Testing and Trials: Crash Course Kids #44.2,Crash Course Kids,3,3,Think about repeated tests and how to improve an investigation.,What could you change in a test plan to make a comparison more useful?,"Compare two groups' results from the same safe investigation. Name one similarity, one difference and a question to investigate next.",https://www.youtube.com/watch?v=8Uznr8uiVh0,Original Crash Course Kids testing/trials description and archived transcript reviewed. Supports evaluating and improving tests; the task adds explicit peer comparison. Metadata/embed checked; no full playback review.
AC9S3I06,https://www.youtube.com/watch?v=La0m_ocR7cQ,Look Who's Talking: Crash Course Kids #27.2,Crash Course Kids,3,3,Notice why scientists share the evidence from their investigations.,What would another person need to know to understand a scientific finding?,"Write a short report for a classmate with your question, what you observed and what you concluded. Add a labelled drawing.",https://www.youtube.com/watch?v=La0m_ocR7cQ,"Archived transcript describes scientists sharing investigation results. This is an example of communication's purpose; text structure, audience choice and digital tools remain in the lesson. Original channel/embed checked; no full playback review."
AC9E3LA01,https://www.youtube.com/watch?v=0hRzb179644,How to Turn and Talk,Maggie Bell Teaching,3,3,See turn-taking used in a classroom partner discussion.,Which actions help both partners have a chance to contribute?,"Practise asking to add an idea in a partner chat, then try a more formal version for a whole-class discussion.",https://www.youtube.com/watch?v=0hRzb179644,"Original creator is Maggie Bell Teaching, not Twinkl. Public description specifies classroom turn-and-talk steps. Supports turn-taking; the task adds degree of formality. Metadata/embed checked; no full playback review."
AC9E3LA02,https://www.youtube.com/watch?v=YXUu_EzcFHE,Shades of Meaning for Kids,Homeschool Pop,3,3,Compare words that express different strengths of meaning.,How does a stronger feeling word change what a listener understands?,"Order pleased, happy and delighted from less to more forceful. Use each in a sentence and explain your choice.",https://www.youtube.com/watch?v=YXUu_EzcFHE,Original Homeschool Pop description explicitly teaches shades of meaning. Covers evaluative/emotive force; modal verbs remain in the written lesson. Metadata/embed checked; no full playback review.
AC9E3LA03,https://www.youtube.com/watch?v=DN4d76QP_MA,Informational Writing for Kids - Episode 1: What Is It?,Teaching Without Frills,3,3,Recognise features that help an informative text explain a topic.,How would an informative book differ from a made-up story about the same animal?,Choose an animal and list two features you would include in an information page and two you would use in a story.,https://www.youtube.com/watch?v=DN4d76QP_MA,Original Teaching Without Frills description covers informational-writing features; teacher-created elementary series confirmed on creator site. Focus is informative structure rather than every text type. Metadata/embed checked; no full playback review.
AC9E3LA05,https://www.youtube.com/watch?v=v6EDEr_20sc,Using text features to locate information | Reading | Khan Academy,Khan Academy,3,3,Use headings and other text features to locate information.,Which feature would help you find one fact quickly without reading the whole text?,"Open an information page. Identify a heading and one navigation feature, then explain what each helps the reader do.",https://www.youtube.com/watch?v=v6EDEr_20sc,Original Khan description covers nonfiction features as a map to information. Supports print/digital navigation; students need a real page to apply it. Metadata/embed checked; no full playback review.
AC9E3LA06,https://www.youtube.com/watch?v=4fMipjAnlRk,Subject-verb agreement | Syntax | Khan Academy,Khan Academy,3,3,Find the subject and choose the verb form that agrees with it.,Why do we say the dog runs but the dogs run?,Write one clause about a single bird and one about several birds. Circle each subject and underline its agreeing verb.,https://www.khanacademy.org/humanities/grammar/syntax-conventions-of-standard-english/subject-verb-agreement-and-pronoun-antecedent-agreement/v/subject-verb-agreement-syntax-khan-academy,Official Khan full transcript was reviewed in parent research; use subject/verb and singular/plural examples with adult support. Broader clause structure and advanced exceptions are not the Year 3 task. Metadata/embed checked; no full playback review.
AC9E3LA07,https://www.youtube.com/watch?v=0T9xMqvjdLk,Introduction to verbs | The parts of speech | Grammar | Khan Academy,Khan Academy,3,3,Meet verbs as words that tell what happens or what something is.,Can a verb tell us something even when nobody is moving?,"Find the verbs in I jump, I think, I feel happy, I say hello and I am ready. Explain what each verb tells us.",https://www.youtube.com/watch?v=0T9xMqvjdLk,Official Khan introduction is 1:26 and introduces verbs; the original task applies the code's doing/thinking/feeling/saying/relating categories. Supplement does not independently cover all five categories. Metadata/embed checked; no full playback review.
AC9E3LA08,https://www.youtube.com/watch?v=faUvT7zfsyk,Introduction to verb tense | The parts of speech | Grammar | Khan Academy,Khan Academy,3,3,"See how verbs show past, present and future time.","What changes when the same action is described as yesterday, now and tomorrow?","Write three short sentences about playing: one in the past, one in the present and one in the future.",https://www.khanacademy.org/humanities/grammar/parts-of-speech-the-verb/the-tenses/v/introduction-to-verb-tense-the-parts-of-speech-grammar,Official Khan lesson summary covers the three time frames; 1:46 introductory video. oEmbed succeeded despite an earlier search-renderer unavailable snippet; normal playback must still be spot-checked. No full playback review.
AC9E3LA09,https://www.youtube.com/watch?v=lgZRMptA0Lk,'Clark the Shark' read by Chris Pine,StorylineOnline,3,3,Use the pictures in a read-aloud to notice information beyond the spoken words.,Pause at a classroom picture. What extra clue about a character's feelings does the illustration give?,"Sketch a character with one feeling. Add a sentence that gives different information, then explain how words and image work together.",https://storylineonline.net/books/clark-the-shark/,"Official SAG-AFTRA Foundation page credits Bruce Hale, Guy Francis and reader Chris Pine; exact original channel checked. Suggested K–2 text is used as an accessible visual-analysis example for Year 3, not a reading-level benchmark. No full playback review."
AC9E3LA10,https://www.youtube.com/watch?v=CiNggzdWkIo,Using context clues to figure out new words | Reading | Khan Academy,Khan Academy,3,3,Use surrounding words to work out an unfamiliar word's meaning.,What nearby clues help you decide what an unfamiliar word means?,Explain bank in We sat on the river bank and We went to the bank to deposit money. Underline the clues in each sentence.,https://www.youtube.com/watch?v=CiNggzdWkIo,"Official Khan context-clue lesson verified; some source placements are Grades 4–5, so use as guided support with short Year 3 examples. Focus is context and vocabulary, not memorising the IDEAS acronym. Metadata/embed checked; no full playback review."
AC9E3LA11,https://www.youtube.com/watch?v=gubPH3WEurg,Contractions! | English Grammar Practice | Scratch Garden,Scratch Garden,3,3,See how an apostrophe marks letters left out of a contraction.,Which letters disappear when two words are joined into a contraction?,"Write cannot, it is and we are as contractions. Mark the missing letters in the original words.",https://scratchgarden.com/videos/contractions/,Creator iframe ID and sharing-policy context checked. This video teaches contractions only; singular and plural possession require the existing written lesson. Metadata/embed checked; no full playback review.
AC9E3LE01,https://www.youtube.com/watch?v=b_I9NgXKtC8,'Enemy Pie' read by Camryn Manheim,StorylineOnline,3,3,"Discuss characters, setting and events in a story by a world author.",How does the setting help the two children spend time together?,"Name the author and illustrator, then describe one event and how it affects a character. Compare with an Australian or First Nations text selected in your lesson.",https://storylineonline.net/books/enemy-pie/,"Official SAG-AFTRA Foundation page credits Derek Munson, Tara Calahan King, Chronicle Books and Camryn Manheim; suggested Grades 1–3, runtime 10 minutes. Covers a world-author example only and does not fulfil the First Nations/Australian text strands. Metadata/embed checked; no full playback review."
AC9E3LE02,https://www.youtube.com/watch?v=b_I9NgXKtC8,'Enemy Pie' read by Camryn Manheim,StorylineOnline,3,3,Connect a character's changing feelings about friendship with your own experiences.,What helps the narrator change his view of another child?,Share a real or imagined time when getting to know someone changed a first impression. Explain one connection and one difference.,https://storylineonline.net/books/enemy-pie/,Official age-appropriate Storyline Online read-aloud. The prompt allows imagined experience to avoid pressuring personal disclosure. Longer 10-minute story is deliberate; students can pause. Metadata/embed checked; no full playback review.
AC9E3LE03,https://www.youtube.com/watch?v=b_I9NgXKtC8,'Enemy Pie' read by Camryn Manheim,StorylineOnline,3,3,"Explore how words, illustrations and events change a story's mood.",What is one clue that the narrator's feelings about Jeremy are changing?,Compare the beginning and ending: give one word or picture clue for the mood in each part.,https://storylineonline.net/books/enemy-pie/,Official Grades 1–3 source and publisher/author credits verified. Selected as a literary example for analysis rather than an explanation of all narrative devices. Metadata/embed checked; no full playback review.
AC9E3LE04,https://www.youtube.com/watch?v=FBQCgjo1QTU,The Onomatopoeia Alphabet | Onomatopoeia for Kids | Jack Hartmann,Jack Hartmann Kids Music Channel,3,3,Hear sound-imitating words and notice their effect.,How does a sound word help you imagine an action more clearly?,Write two original lines about rain using sound words. Read them aloud and explain the effect you wanted.,https://www.youtube.com/watch?v=FBQCgjo1QTU,Original Jack Hartmann channel confirmed; description teaches onomatopoeia with sound examples. Covers the sound-device strand; rhythm and wider prose/poetry analysis remain in the lesson. Metadata/embed checked; no full playback review.
AC9E3LE05,https://www.youtube.com/watch?v=NpWHZJZQDSE,Plot Mountain! | The Plot Diagram Song | Scratch Garden,Scratch Garden,3,3,"Plan a story with characters, a problem, a turning point and an ending.",How does the main problem lead to a change in the story?,"Invent a character with a problem. Sketch a short plot plan, then change the setting and explain how the story would change.",https://scratchgarden.com/videos/plot-mountain/,"Exact creator iframe and published lyrics reviewed. Formal plot labels are optional support; the Year 3 task uses a short problem-and-resolution narrative, not a rigid rule for every story. Metadata/embed checked; no full playback review."
AC9E3LY01,https://www.youtube.com/watch?v=PTD_EZWCO7w,How to Write for Your Audience - Writing Video For Kids,Teaching Without Frills,3,3,Think about who will read a text before choosing its words and details.,What would you explain differently for a younger child and for an adult?,Write two short invitations to the same class exhibition: one for Foundation students and one for their families. Explain your changes.,https://www.youtube.com/watch?v=PTD_EZWCO7w,"Original Teaching Without Frills audience video explicitly covers narrative, informative and persuasive audiences. Teacher-created elementary series; source metadata/embed checked. No full playback review."
AC9E3LY02,https://www.youtube.com/watch?v=0hRzb179644,How to Turn and Talk,Maggie Bell Teaching,3,3,Practise listening and responding in a partner discussion.,How can you show that your response connects to what your partner just said?,Take turns sharing one idea about a book. Each listener asks a question or adds a connected idea before changing topic.,https://www.youtube.com/watch?v=0hRzb179644,Original Maggie Bell Teaching video is a classroom turn-and-talk explainer. Follow-up focuses specifically on sharing information and building on ideas. Metadata/embed checked; no full playback review.
AC9E3LY03,https://www.youtube.com/watch?v=PTD_EZWCO7w,How to Write for Your Audience - Writing Video For Kids,Teaching Without Frills,3,3,Connect a writer's audience with the choices used in different text types.,What clues help you work out who a text is for and why it was made?,"Choose a story page, an information page and a poster. Name a likely audience and purpose for each, using a word or image clue.",https://www.youtube.com/watch?v=PTD_EZWCO7w,"Official video describes audience in narrative, informative and persuasive writing. The task transfers that idea to identifying audience and purpose as a reader. Metadata/embed checked; no full playback review."
AC9E3LY04,https://www.youtube.com/watch?v=xjtPMiumixA,Don't Read Like a Robot - Learn To Read With Blazer Fresh | Songs For Kids | Sing Along | GoNoodle,GoNoodle | Get Moving,3,3,Practise reading aloud with expression while keeping the words accurate.,How does the reader's voice help listeners hear the meaning?,"Read a short paragraph accurately, check any tricky words, then reread it with pauses and expression.",https://www.gonoodle.com/videos/6YloKw/dont-read-like-a-robot,"GoNoodle creator page includes Grades K–5 and full transcript; exact original GoNoodle upload confirmed. Video supports expression, not word guessing; the task keeps decoding and accuracy first. No full playback review."
AC9E3LY05,https://www.youtube.com/watch?v=b_I9NgXKtC8,'Enemy Pie' read by Camryn Manheim,StorylineOnline,3,3,Use story clues to infer a character's thoughts and predict what might happen.,"Before the ending, what do you think Dad hopes will happen? What clue supports your idea?",Write one fact the story states and one idea you infer. Explain the evidence for your inference.,https://storylineonline.net/books/enemy-pie/,"Official Grades 1–3 literary source selected for listening/viewing comprehension. This is an application text, not a complete strategy course; runtime 10 minutes. Metadata/embed checked; no full playback review."
AC9E3LY06,https://www.youtube.com/watch?v=ehzBzAo3h44,Informational Writing for Kids - Episode 3: Making a Plan,Teaching Without Frills,3,3,Plan an information text by choosing a topic and organising its main parts.,How can a plan keep related facts together before you begin drafting?,Plan two short paragraphs about an animal: one about its habitat and one about its food. Add a useful labelled-picture idea.,https://www.youtube.com/watch?v=ehzBzAo3h44,"Original Teaching Without Frills episode describes planning the structure and contents of an informational book. Covers planning/grouping only; imaginative/persuasive forms, editing and publishing stay in the lesson. Metadata/embed checked; no full playback review."
AC9E3LY07,https://www.youtube.com/watch?v=PX_DAFXQxpc,"Schooled by Kids: Presentation Skills, Part 2",Green Ivy Schools,3,3,Learn presentation skills from children modelling a short talk.,Which change to a speaker's voice or delivery would make the message easier to follow?,"Rehearse a 30-second talk with a clear opening, two useful details and an ending. Ask a partner whether the pace and volume were clear.",https://www.youtube.com/watch?v=PX_DAFXQxpc,"Original Green Ivy Schools channel confirmed. Public description identifies child-led presentation-skills instruction. Selected for peer modelling; full audiovisual suitability and school-age fit still need playback spot-checking, so do not label it fully reviewed."
AC9E3LY09,https://www.youtube.com/watch?v=0QcPb5bku70,Silly Bull | Syllables | Learn Syllable Division,Nessy,3,3,Break a longer written word into manageable syllables for decoding.,How can splitting a word help you read it without guessing?,"Split a suitable longer word from your lesson into syllables, blend it, then reread it in its sentence to check meaning.",https://www.youtube.com/watch?v=0QcPb5bku70,Original Nessy syllable-division video confirmed; creator describes free teaching channel for ages 5–15. Short selected episode avoids the 10-minute six-rule compilation. Metadata/embed checked; no full playback review.
AC9E3LY10,https://www.youtube.com/watch?v=OAHUenKcNN0,Nessy Reading Strategy | Head Body Tail - Educational Song | Prefixes and Suffixes,Nessy,3,3,Find the base word and notice what a prefix or suffix adds.,Which part keeps the main meaning when a word gains a beginning or ending?,"Build help, helpful and unhelpful. Identify each part and explain how the meaning changes.",https://www.youtube.com/watch?v=OAHUenKcNN0,Original Nessy educational song explicitly teaches prefixes/suffixes and word parts. Supports morphology; spelling changes for adding suffixes remain in the lesson. Metadata/embed checked; no full playback review.
AC9E3LY11,https://www.youtube.com/watch?v=6p4hRbPQC2w,Nessy Reading Strategy | Silent Letters | Learn to Read,Nessy,3,3,Notice letters that stay in a spelling even though they are not separately heard.,Why can saying a word slowly be useful but still leave some spelling information to learn?,"Read and spell knee, write and lamb. Mark the letter pattern to remember, then use one word in a sentence.",https://www.youtube.com/watch?v=6p4hRbPQC2w,Original Nessy Silent Letters source and creator channel confirmed. Supports less-common written patterns; the lesson still supplies systematic phoneme–grapheme practice. Metadata/embed checked; no full playback review.
AC9E3LY12,https://www.youtube.com/watch?v=Jw4IjeGPaz0,Nessy Spelling Strategy | Homophones | Learn to Spell,Nessy,3,3,Choose the correct spelling when words sound alike but mean different things.,How does the sentence help you decide which homophone to write?,Write original sentences using hear and here. Explain how the spelling matches the meaning in each sentence.,https://www.youtube.com/watch?v=Jw4IjeGPaz0,"Original Nessy description explicitly uses hear/here to teach homophones. Covers the homophone strand, not the complete high-frequency-word inventory. Metadata/embed checked; no full playback review."
AC9M4N01,https://www.youtube.com/watch?v=KG6ILNOiMgM,Math Antics - Decimal Place Value,Math Antics,4,4,See how tenths and hundredths extend the place-value system.,How does one tenth compare with one hundredth?,Draw a hundred-square and shade 0.34. Explain what each digit represents.,https://mathantics.com/lesson/decimal-place-value,"2026-09-08: Original-channel title and creator checked with YouTube oEmbed; metadata and available source text reviewed, not full audiovisual playback. Official creator Watch-on-YouTube link confirmed by Year 5 research. Keep the Year 4 task to tenths and hundredths; the video also shows smaller places."
AC9M4N02,https://www.youtube.com/watch?v=WacilGHlhS4,Counting Odd Numbers | Counting Songs | Scratch Garden,Scratch Garden,4,4,Refresh the odd-number pattern before investigating odd and even properties.,Which last digits repeat as the odd numbers grow?,Choose two odd numbers and add them. Make pairs with counters to explain why their sum is even.,https://scratchgarden.com/videos/counting-odd-numbers/,"2026-09-08: Original-channel title and creator checked with YouTube oEmbed; metadata and available source text reviewed, not full audiovisual playback. Creator description covers odd/even distinction and odd skip counting to 101. This is a short prerequisite review, not a complete explanation of parity properties."
AC9M4N03,https://www.youtube.com/watch?v=N1X0vf5PUz4,Intro to equivalent fractions | Fractions | 4th grade | Khan Academy,Khan Academy,4,4,See why different fraction names can represent the same amount.,What stays the same when the same whole is divided into more equal parts?,Draw equal-sized strips for one half and two quarters. Explain why the amounts match.,https://www.youtube.com/watch?v=N1X0vf5PUz4,"2026-09-08: Original-channel title and creator checked with YouTube oEmbed; metadata and available source text reviewed, not full audiovisual playback. Original Khan Academy video confirmed. Focus is equivalent fractions; decimal connections remain in the written lesson."
AC9M4N04,https://www.youtube.com/watch?v=pWJzqTYS8no,Fractions on the Number Line - Math Antics,Math Antics,4,4,Place fractions between and beyond whole numbers.,Why must the intervals between marked fractions be equal?,"Draw a number line from 0 to 2 and mark every quarter, including mixed numerals.",https://mathantics.com/lesson/fractions-on-the-number-line,"2026-09-08: Original-channel title and creator checked with YouTube oEmbed; metadata and available source text reviewed, not full audiovisual playback. Exact original YouTube link read from the public creator page."
AC9M4N05,https://www.youtube.com/watch?v=yVg6LyNgIT8,"Multiplying and dividing by 10, 100, 1000",Khan Academy,4,4,Explain multiplication and division by powers of ten using place value.,What happens to the value of each digit when a whole number is multiplied by 10?,Use a place-value chart to explain 43 × 10 and 430 ÷ 10.,https://www.youtube.com/watch?v=yVg6LyNgIT8,"2026-09-08: Original-channel title and creator checked with YouTube oEmbed; metadata and available source text reviewed, not full audiovisual playback. Use natural-number examples with whole-number answers at this year level; avoid a rule that the decimal point itself moves."
AC9M4N06,https://www.youtube.com/watch?v=KGMf314LUc0,Math Antics - Basic Division,Math Antics,4,4,Connect division with equal groups and multiplication.,How can a multiplication fact check a division answer?,Show two ways to work out 84 ÷ 7 and check the answer by multiplying.,https://mathantics.com/lesson/basic-division,"2026-09-08: Original-channel title and creator checked with YouTube oEmbed; metadata and available source text reviewed, not full audiovisual playback. Official creator anchor confirmed by Year 5 research. Supports the division part of this multi-operation code; practise examples without remainders."
AC9M4N07,https://www.youtube.com/watch?v=fd-E18EqSVk,Math Antics - Rounding,Math Antics,4,4,Use nearby round numbers to make sensible estimates.,How do you decide which place to round to?,"Estimate 198 + 403, calculate the exact answer, and explain whether it is reasonable.",https://mathantics.com/lesson/rounding,"2026-09-08: Original-channel title and creator checked with YouTube oEmbed; metadata and available source text reviewed, not full audiovisual playback. Exact original YouTube link read from the public creator page. Main task uses whole numbers within the Year 4 boundary."
AC9M4N08,https://www.youtube.com/watch?v=h8ClXSzcIXU,Solving multi-step problems (multiplication): camping items | Khan Academy,Khan Academy,4,4,Turn a practical situation into connected multiplication calculations.,Which quantities belong together in each calculation?,Make your own camping-supplies problem with two steps. Write the number sentences and explain the answer in context.,https://www.khanacademy.org/math/4th-grade-illustrative-mathematics/xa755074f458c4b7e%3Amultiplying-and-dividing-multi-digit-numbers/xa755074f458c4b7e%3Asolve-problems-involving-multiplication/v/solving-multi-step-problems-multiplication-camping-items,"2026-09-08: Original-channel title and creator checked with YouTube oEmbed; metadata and available source text reviewed, not full audiovisual playback. Short worked example in the creator’s Grade 4 course; does not supply all modelling or financial contexts."
AC9M4N09,https://www.youtube.com/watch?v=vV7C7bXm4VI,Math Antics - Number Patterns,Math Antics,4,4,Find a calculation rule that generates a number pattern.,Can you describe an addition or multiplication rule clearly enough for someone else to follow?,"Write steps that start at 3 and repeatedly add 4. Add a decision to stop after a number exceeds 30, then test your steps.",https://mathantics.com/lesson/number-patterns,"2026-09-08: Original-channel title and creator checked with YouTube oEmbed; metadata and available source text reviewed, not full audiovisual playback. Exact original creator anchor checked. Supports number rules; the explicit algorithm and stop decision are the original follow-up, not a claim that the video covers every curriculum elaboration."
AC9M4A01,https://www.youtube.com/watch?v=5ZMHdtGySvI,Missing number for addition and subtraction within 1000 | 3rd grade | Khan Academy,Khan Academy,4,4,Use the relationship between addition and subtraction to find a missing value.,Which inverse operation helps you find the unknown?,"Solve 620 − □ = 285, then substitute your answer to check the equation.",https://www.youtube.com/watch?v=5ZMHdtGySvI,"2026-09-08: Original-channel title and creator checked with YouTube oEmbed; metadata and available source text reviewed, not full audiovisual playback. Accessible prerequisite-sized example teaches the same inverse relationship; follow-up stays within Year 4."
AC9M4A02,https://www.youtube.com/watch?v=d6lsc3EpY28,Using multiplication strategies to find products | Khan Academy,Khan Academy,4,4,Use known multiplication facts to work out related facts.,How can doubling a known fact help you find another product?,"Use 4 × 6 to explain 8 × 6, then write the related division facts.",https://www.youtube.com/watch?v=d6lsc3EpY28,"2026-09-08: Original-channel title and creator checked with YouTube oEmbed; metadata and available source text reviewed, not full audiovisual playback. Creator search transcript shows deriving 8 × 6 by doubling 4 × 6. Not a timed drill or a promise to cover the whole multiplication table."
AC9M4M01,https://www.youtube.com/watch?v=dNcJ4-JVN5M,Math Antics - Measuring Distance,Math Antics,4,4,Read the spaces and smaller divisions on a measuring tool. Follow the metric examples.,What value does each small interval on the centimetre scale represent?,Measure a pencil in centimetres and millimetres. Explain how you read a length between whole-centimetre marks.,https://mathantics.com/lesson/measuring-distance,"2026-09-08: Original-channel title and creator checked with YouTube oEmbed; metadata and available source text reviewed, not full audiovisual playback. Exact original creator anchor checked. Video includes US customary as well as metric units. Supports length scales only; mass, capacity, time and temperature stay in the topic lesson."
AC9M4M02,https://www.youtube.com/watch?v=oL9iF9Se6lc,Decomposing shapes to find area (grids) | Math | 3rd grade | Khan Academy,Khan Academy,4,4,Split a gridded shape into rectangles to find its area in square units.,How can you split the shape without counting any square twice?,Draw an L-shaped region on squared paper. Split it into two rectangles and check its area by counting squares.,https://www.khanacademy.org/math/3rd-engage-ny/engage-3rd-module-4/3rd-module-4-topic-d/v/decomposing-shapes-to-find-area-grids-math-3rd-grade-khan-academy,"2026-09-08: Original-channel title and creator checked with YouTube oEmbed; metadata and available source text reviewed, not full audiovisual playback. Creator source describes two rectangles and a 2:51 video. Chosen instead of later-year triangle-area formula videos."
AC9M4M02,https://www.youtube.com/watch?v=AAY1bsazcgM,Math Antics - Perimeter,Math Antics,4,4,Distinguish the distance around a shape from the area inside it.,Which lengths belong in a perimeter calculation?,Use a ruler to find the perimeter of a small rectangular book cover. State the unit.,https://mathantics.com/lesson/perimeter,"2026-09-08: Original-channel title and creator checked with YouTube oEmbed; metadata and available source text reviewed, not full audiovisual playback. Original-channel metadata checked. Optional second view adds perimeter to the first video’s area explanation."
AC9M4M03,https://www.youtube.com/watch?v=UhMM68fq9FA,Time word problem: How long is Susan's break? | 4th grade | Khan Academy,Khan Academy,4,4,Use a timeline to calculate elapsed time.,Where can you break a time interval into easier jumps?,A lesson starts at 11:40 am and ends at 12:15 pm. Draw timeline jumps to find its duration.,https://www.youtube.com/watch?v=UhMM68fq9FA,"2026-09-08: Original-channel title and creator checked with YouTube oEmbed; metadata and available source text reviewed, not full audiovisual playback. Original creator example is explicitly in Grade 4. The follow-up practises crossing noon and using am/pm."
AC9M4M04,https://www.youtube.com/watch?v=DGKwdHMiqCg,Math Antics - Angle Basics,Math Antics,4,4,Compare angle sizes and recognise common angle types.,What makes an angle acute or obtuse compared with a right angle?,"Draw a right angle, an acute angle and an obtuse angle. Explain your choices without measuring in degrees.",https://mathantics.com/lesson/angle-basics,"2026-09-08: Original-channel title and creator checked with YouTube oEmbed; metadata and available source text reviewed, not full audiovisual playback. Exact creator anchor checked. Keep formal degree measurement out of the Year 4 follow-up; revisit reflex and revolution in the written lesson."
AC9M4SP01,https://www.youtube.com/watch?v=oL9iF9Se6lc,Decomposing shapes to find area (grids) | Math | 3rd grade | Khan Academy,Khan Academy,4,4,Recognise a composite outline as a combination of familiar rectangles.,Could you split the same outline into rectangles in a different way?,Sketch a simple floor plan and show two ways of separating its outline into familiar shapes.,https://www.khanacademy.org/math/3rd-engage-ny/engage-3rd-module-4/3rd-module-4-topic-d/v/decomposing-shapes-to-find-area-grids-math-3rd-grade-khan-academy,"2026-09-08: Original-channel title and creator checked with YouTube oEmbed; metadata and available source text reviewed, not full audiovisual playback. Deliberate partial mapping to decomposition of 2D shapes; the topic lesson still covers representing 3D objects and shapes in the environment."
AC9M4SP02,https://www.youtube.com/watch?v=xR0Tq8Rkg6c,Map Skills 4: Simple Grid - Learn How To Use Grid Maps,Miacademy & MiaPrep Learning Channel,4,4,Use a simple map grid to locate places.,Which part of the grid reference tells you the column and which tells you the row?,"Draw a small letter-and-number grid map, place three landmarks, and give a partner their grid references.",https://miacademy.co/homeschool-curriculum/4th-grade/4th-social-studies/,"2026-09-08: Original-channel title and creator checked with YouTube oEmbed; metadata and available source text reviewed, not full audiovisual playback. Creator’s Grade 4 course explicitly lists this lesson. Simple grid references chosen instead of Cartesian-coordinate algebra."
AC9M4SP03,https://www.youtube.com/watch?v=QHq3CSoal0I,Math Antics - Symmetry,Math Antics,4,4,Look for matching parts when a shape is reflected or turned.,What must match for a fold or a turn to show symmetry?,"Draw a pattern with one line of symmetry, then test whether it also matches after a half-turn.",https://mathantics.com/lesson/symmetry,"2026-09-08: Original-channel title and creator checked with YouTube oEmbed; metadata and available source text reviewed, not full audiovisual playback. Exact original creator anchor checked. Do not turn any advanced terminology into a Year 4 assessment requirement."
AC9M4ST01,https://www.youtube.com/watch?v=hcgThf5mv38,Math Antics - Data And Graphs,Math Antics,4,4,See how data can be organised in a graph.,How do labels and the scale help you read a graph accurately?,Collect ten responses to a favourite-fruit question and make a labelled column graph.,https://mathantics.com/lesson/data-and-graphs,"2026-09-08: Original-channel title and creator checked with YouTube oEmbed; metadata and available source text reviewed, not full audiovisual playback. Official creator anchor confirmed by Year 5 research. General graph introduction; many-to-one pictographs remain in the written lesson."
AC9M4ST02,https://www.youtube.com/watch?v=hcgThf5mv38,Math Antics - Data And Graphs,Math Antics,4,4,Compare how different graph forms show information.,Which features make a comparison between categories easy to see?,Show the same small dataset as a pictograph and a column graph. Explain which is clearer for your question.,https://mathantics.com/lesson/data-and-graphs,"2026-09-08: Original-channel title and creator checked with YouTube oEmbed; metadata and available source text reviewed, not full audiovisual playback. Original follow-up asks for display comparison. The video is supporting graph literacy, not complete teaching of distribution shape."
AC9M4ST03,https://www.youtube.com/watch?v=hcgThf5mv38,Math Antics - Data And Graphs,Math Antics,4,4,Plan how to display and explain the results of a survey.,What do you need to know about the data before choosing a graph?,"Ask a question with countable responses, collect a small dataset, and write one conclusion that your display supports.",https://mathantics.com/lesson/data-and-graphs,"2026-09-08: Original-channel title and creator checked with YouTube oEmbed; metadata and available source text reviewed, not full audiovisual playback. Supports the representation and interpretation stage of a statistical investigation; does not replace the investigation."
AC9M4P01,https://www.youtube.com/watch?v=7XuNVVlD98g,Probability! | Mini Math Movies | Scratch Garden,Scratch Garden,4,4,Use the language of likelihood to describe events.,"Which events are certain, possible or impossible?",Order three possible events from least to most likely and explain your reasoning.,https://scratchgarden.com/videos/probability/,"2026-09-08: Original-channel title and creator checked with YouTube oEmbed; metadata and available source text reviewed, not full audiovisual playback. Exact iframe data-src confirmed on creator site, whose description covers likelihood. Independent/dependent events still require the written lesson; no numeric probability formula imposed."
AC9S4U01,https://www.youtube.com/watch?v=MuKs9o1s8h8,Fabulous Food Chains: Crash Course Kids #7.1,Crash Course Kids,4,4,Trace feeding relationships from producers to consumers.,What do the arrows in a food chain tell you?,Draw a simple food chain from a habitat you know. Label the producer and consumers.,https://www.youtube.com/watch?v=MuKs9o1s8h8,"2026-09-08: Original-channel title and creator checked with YouTube oEmbed; metadata and available source text reviewed, not full audiovisual playback. Original channel confirmed. Pair with the decomposer video for the third role; adapt habitat examples locally."
AC9S4U01,https://www.youtube.com/watch?v=uB61rfeeAsM,The Dirt on Decomposers: Crash Course Kids #7.2,Crash Course Kids,4,4,Find out how decomposers contribute to a habitat.,Why are decomposers important even when they are hard to see?,Add a decomposer to your habitat diagram and explain what it breaks down.,https://www.youtube.com/watch?v=uB61rfeeAsM,"2026-09-08: Original-channel title and creator checked with YouTube oEmbed; metadata and available source text reviewed, not full audiovisual playback. Original channel confirmed; optional second video has a distinct role missing from the first food-chain introduction."
AC9S4U02,https://www.youtube.com/watch?v=z5G4NCwWUxY,The Great Aqua Adventure: Crash Course Kids #24.1,Crash Course Kids,4,4,"Follow water through evaporation, condensation and precipitation.",Where does the water go when it evaporates?,"Draw and label water moving between ocean, air and land. Include three changes or movements.",https://www.youtube.com/watch?v=z5G4NCwWUxY,"2026-09-08: Original-channel title and creator checked with YouTube oEmbed; metadata and available source text reviewed, not full audiovisual playback. Original creator description explicitly names water-cycle processes. Any kitchen demonstration needs adult help; the follow-up is a diagram, not a heating experiment."
AC9S4U03,https://www.youtube.com/watch?v=ljRlB6TuMOU,Defining Gravity: Crash Course Kids #4.1,Crash Course Kids,4,4,Understand gravity as a force that acts on objects.,Can gravity act without one object touching another?,Compare a ball resting on the ground with a ball falling. Explain where gravity acts in each case.,https://www.youtube.com/watch?v=ljRlB6TuMOU,"2026-09-08: Original-channel title and creator checked with YouTube oEmbed; metadata and available source text reviewed, not full audiovisual playback. Supports the gravitational-force component. Does not claim coverage of friction or magnetism and does not require a numerical force law."
AC9S4U04,https://www.youtube.com/watch?v=nlSemv2fLN8,What's My Property: Crash Course Kids #35.2,Crash Course Kids,4,4,Use observable properties to describe and compare materials.,Which property would help you distinguish two materials that look similar?,Choose two classroom materials and explain how one property helps each material do its job.,https://www.youtube.com/watch?v=nlSemv2fLN8,"2026-09-08: Original-channel title and creator checked with YouTube oEmbed; metadata and available source text reviewed, not full audiovisual playback. Original creator description concerns identifying materials by properties. Keep the follow-up to familiar observable properties; no heating, tasting or unknown-substance testing."
AC9S4H01,https://www.youtube.com/watch?v=kCWn2JSyOd0,What's the Scoop? Analyzing and Sharing Data - Exploring the Scientific Method,Miacademy & MiaPrep Learning Channel,4,4,See how data can support or challenge an explanation.,What evidence is needed before deciding whether an idea is supported?,Write an explanation for a simple observation and list the data you would need to check it.,https://parents.miacademy.co/Parents.Content.ScopeAndSequence/page?_=&child=null&subject=%22Science%22,"2026-09-08: Original-channel title and creator checked with YouTube oEmbed; metadata and available source text reviewed, not full audiovisual playback. Creator description explicitly asks whether a hypothesis is supported and explains interpreting/reporting data; listed in its elementary science sequence."
AC9S4H02,https://www.youtube.com/watch?v=fxJWin195kU,The Engineering Process: Crash Course Kids #12.2,Crash Course Kids,4,4,See how people use evidence and testing to improve a solution.,Why might a first design need to change after it is tested?,Name a familiar problem and explain one scientific idea that could help solve it.,https://www.youtube.com/watch?v=fxJWin195kU,"2026-09-08: Original-channel title and creator checked with YouTube oEmbed; metadata and available source text reviewed, not full audiovisual playback. Engineering is a supporting application of scientific understanding; do not present engineering and science as identical or require advanced design calculations."
AC9S4I01,https://www.youtube.com/watch?v=fH4tv6iX8Yg,What's That?! Observations and Questions - Exploring the First Steps of the Scientific Method,Miacademy & MiaPrep Learning Channel,4,4,Turn an observation into a question that can be investigated.,How is an observation different from a question about it?,"Observe a familiar plant or object. Write one observation, one testable question and a prediction with a reason.",https://parents.miacademy.co/Parents.Content.ScopeAndSequence/page?_=&child=null&subject=%22Science%22,"2026-09-08: Original-channel title and creator checked with YouTube oEmbed; metadata and available source text reviewed, not full audiovisual playback. Creator description and elementary science sequence checked. YouTube supplied standard embed HTML for this exact video."
AC9S4I02,https://www.youtube.com/watch?v=BXFU86GNmrg,Bowled Over - Isolating Variables: Crash Course Kids #39.1,Crash Course Kids,4,4,Plan a fair comparison by changing one factor and keeping others consistent.,What would make the comparison unfair?,"Plan a toy-car ramp test: state one thing to change, one result to measure, and two things to keep the same.",https://www.youtube.com/watch?v=BXFU86GNmrg,"2026-09-08: Original-channel title and creator checked with YouTube oEmbed; metadata and available source text reviewed, not full audiovisual playback. Creator’s engineering-process sequence explicitly covers controlled variables and fair testing. The original follow-up uses a low, stable ramp with adult guidance."
AC9S4I03,https://www.youtube.com/watch?v=dNcJ4-JVN5M,Math Antics - Measuring Distance,Math Antics,4,4,Practise reading metric ruler divisions when recording observations.,Why does the starting point of a measurement matter?,Measure three safe classroom objects. Record each length and its unit in a table.,https://mathantics.com/lesson/measuring-distance,"2026-09-08: Original-channel title and creator checked with YouTube oEmbed; metadata and available source text reviewed, not full audiovisual playback. Deliberate cross-subject supporting skill. Video contains metric and customary examples; use metric units for SkillrHub and return to the investigation procedure for the full code."
AC9S4I04,https://www.youtube.com/watch?v=hcgThf5mv38,Math Antics - Data And Graphs,Math Antics,4,4,Organise observations so that patterns are easier to see.,Which labels will someone else need to understand your data display?,"Turn a small results table from your investigation into a labelled column graph, then describe one pattern.",https://mathantics.com/lesson/data-and-graphs,"2026-09-08: Original-channel title and creator checked with YouTube oEmbed; metadata and available source text reviewed, not full audiovisual playback. Deliberate cross-subject support for data representation; science-specific interpretation remains in the authored lesson."
AC9S4I05,https://www.youtube.com/watch?v=3X9lnUAjlGM,Try Trials: Crash Course Kids #39.2,Crash Course Kids,4,4,Use repeated tests to check how dependable a result is.,Why might one test give you an incomplete picture?,Compare results from two repeated tests. State one conclusion and one question you would investigate next.,https://www.youtube.com/watch?v=3X9lnUAjlGM,"2026-09-08: Original-channel title and creator checked with YouTube oEmbed; metadata and available source text reviewed, not full audiovisual playback. Original creator description covers trials and choosing between possible solutions. Keep comparisons qualitative; do not require formal statistical significance."
AC9S4I06,https://www.youtube.com/watch?v=kCWn2JSyOd0,What's the Scoop? Analyzing and Sharing Data - Exploring the Scientific Method,Miacademy & MiaPrep Learning Channel,4,4,Explain findings using recorded evidence and clear reporting.,What should someone else know to understand your results?,"Write a short report with your question, what you did, what you observed, and an evidence-based conclusion.",https://parents.miacademy.co/Parents.Content.ScopeAndSequence/page?_=&child=null&subject=%22Science%22,"2026-09-08: Original-channel title and creator checked with YouTube oEmbed; metadata and available source text reviewed, not full audiovisual playback. Creator description explicitly covers interpreting and reporting investigation data. Original prompt targets the communication stage."
AC9E4LA01,https://www.youtube.com/watch?v=IZo8lmH7AkA,What Is Formal Language? | KS2 English Concept for Kids,Twinkl Educational Publishing,4,4,Notice how language changes for a formal situation.,How would a request to a friend differ from a request to a principal?,Write both versions of the same request and explain how your word choices fit the relationship.,https://www.twinkl.com/resource/what-is-formal-language-ks2-english-concept-video-t-e-1676923009,"2026-09-08: Original-channel title and creator checked with YouTube oEmbed; metadata and available source text reviewed, not full audiovisual playback. Free creator KS2 concept video. Treat formality as a contextual choice rather than calling everyday informal language wrong."
AC9E4LA02,https://www.youtube.com/watch?v=PE_TPYdCssA,Fact and Opinion for Kids | What Is the Difference between Facts and Opinions?,Learn Bright,4,4,Distinguish a checkable statement from an opinion or feeling.,Which words signal what someone thinks or feels?,Write a factual report sentence about your classroom and an opinion about it. Explain how you could check the factual claim.,https://www.youtube.com/watch?v=PE_TPYdCssA,"2026-09-08: Original-channel title and creator checked with YouTube oEmbed; metadata and available source text reviewed, not full audiovisual playback. Original creator video metadata and description checked. Follow-up treats factual claims as checkable rather than assuming every factual-sounding claim is true."
AC9E4LA03,https://www.youtube.com/watch?v=QVmqK6V2eag,Comparing text structures | Reading | Khan Academy,Khan Academy,4,4,Compare ways an information text can organise its ideas.,How does a text’s organisation help its purpose?,Compare a set of instructions with an explanation. Name one structure feature that helps each text work.,https://www.khanacademy.org/ela/5th-grade-reading-and-vocab/xb350e60168d6e96f%3Acraft-and-structure-5/xb350e60168d6e96f%3Acomparing-text-structures-5/v/g5-comparing-text-structures,"2026-09-08: Original-channel title and creator checked with YouTube oEmbed; metadata and available source text reviewed, not full audiovisual playback. Core organising structures fit this Year 4 descriptor. Creator course labels vary; this supports informative texts, not every text type."
AC9E4LA04,https://www.youtube.com/watch?v=TiORG0pHskE,What language shows cause and effect? | Reading | Khan Academy,Khan Academy,4,4,Notice connectives that explain how ideas are related.,Which words connect a cause with its result?,Write two linked sentences about rain changing a game plan. Underline the connective and explain the relationship.,https://www.youtube.com/watch?v=TiORG0pHskE,"2026-09-08: Original-channel title and creator checked with YouTube oEmbed; metadata and available source text reviewed, not full audiovisual playback. Creator description and search text define cause/effect. Deliberate partial support; temporal/conditional connectives and topic associations remain in the written lesson."
AC9E4LA05,https://www.youtube.com/watch?v=Zx2A9WAswCo,Interpreting text features | Reading | Khan Academy,Khan Academy,4,4,"Use headings, images and other text features to find and interpret information.",Which feature helps you decide where to look next?,"On a familiar learning page, identify a heading, a useful link and a graphic. Explain how each helps a reader.",https://www.youtube.com/watch?v=Zx2A9WAswCo,"2026-09-08: Original-channel title and creator checked with YouTube oEmbed; metadata and available source text reviewed, not full audiovisual playback. Supports interpreting text features. The online-navigation application is the original follow-up; menus and dropdowns are not claimed as video coverage."
AC9E4LA06,https://www.youtube.com/watch?v=CsrM_RpqXek,Complex sentences | Syntax | Khan Academy,Khan Academy,4,4,See how an independent clause and a dependent clause form a complex sentence.,"Which clause can stand on its own, and which needs another clause?",Write a sentence beginning with Because and identify its independent and dependent clauses.,https://www.youtube.com/watch?v=CsrM_RpqXek,"2026-09-08: Original-channel title and creator checked with YouTube oEmbed; metadata and available source text reviewed, not full audiovisual playback. Verified original grammar video. Matches the code’s complex-sentence boundary; compound-complex syntax is not included."
AC9E4LA07,https://www.youtube.com/watch?v=ivz7D4PtZ_Q,Direct Speech and Indirect Speech | English Grammar & Composition Grade 4 | Periwinkle,Periwinkle,4,4,Compare someone’s exact words with a report of what they said.,What changes when exact speech is reported indirectly?,"Write a short direct quotation, then report the same message in your own sentence.",https://www.youtube.com/watch?v=ivz7D4PtZ_Q,"2026-09-08: Original-channel title and creator checked with YouTube oEmbed; metadata and available source text reviewed, not full audiovisual playback. Original creator explicitly labels Grade 4. Reporting tense depends on context; use the topic guide’s Australian punctuation conventions."
AC9E4LA08,https://www.youtube.com/watch?v=7dOBMUESkqk,Prepositional phrases | The parts of speech | Grammar | Khan Academy,Khan Academy,4,4,Use a prepositional phrase to add information about an action.,Which phrase tells you where or when something happens?,Expand The dog slept with a phrase showing where and another showing when.,https://www.youtube.com/watch?v=7dOBMUESkqk,"2026-09-08: Original-channel title and creator checked with YouTube oEmbed; metadata and available source text reviewed, not full audiovisual playback. Supports prepositional phrases, one part of the code. Adverb groups and differences between the two remain in the written explanation."
AC9E4LA09,https://www.youtube.com/watch?v=faUvT7zfsyk,Introduction to verb tense | The parts of speech | Grammar | Khan Academy,Khan Academy,4,4,"Compare how verbs show past, present and future time.",Which word changes when the action moves into a different time?,"Write three versions of a sentence about walking to school: yesterday, today and tomorrow.",https://www.youtube.com/watch?v=faUvT7zfsyk,"2026-09-08: Original-channel title and creator checked with YouTube oEmbed; metadata and available source text reviewed, not full audiovisual playback. Original introductory video confirmed. Focus on past/present/future; no perfect-aspect lesson added."
AC9E4LA11,https://www.youtube.com/watch?v=F_kvS4KYrqM,What are synonyms and antonyms? | Oxford Owl,Oxford Owl - Learning at Home,4,4,Choose words with similar or opposite meanings.,Do two synonyms always create exactly the same effect?,Replace good with a more precise word in two different sentences. Explain why each replacement fits.,https://www.oxfordowl.co.uk/for-home/oxford-owl-videos/spelling-vocabulary-videos/,"2026-09-08: Original-channel title and creator checked with YouTube oEmbed; metadata and available source text reviewed, not full audiovisual playback. Exact iframe ID and description read on the publisher’s page. Short primary-school animation."
AC9E4LA12,https://www.youtube.com/watch?v=uYoX_Qyknao,Commas in dialogue | Punctuation | Grammar | Khan Academy,Khan Academy,4,4,Notice how commas and quotation marks help readers follow dialogue.,How is the spoken part separated from the words telling us who spoke?,"Write a two-line conversation and check capitals, commas, quotation marks and end punctuation.",https://www.youtube.com/watch?v=uYoX_Qyknao,"2026-09-08: Original-channel title and creator checked with YouTube oEmbed; metadata and available source text reviewed, not full audiovisual playback. Original creator grammar video confirmed. Apply the Australian topic guide’s quotation-mark style consistently; the key dialogue-boundary relationship is shared."
AC9E4LE01,https://www.youtube.com/watch?v=1clS_RN6NuI,Reading (and comparing) multiple books | Reading | Khan Academy,Khan Academy,4,4,Look for similarities and differences between stories.,Which story idea or relationship can appear in a different setting?,"With a teacher, compare an appropriate First Nations Australian text and another familiar story. Discuss one shared idea and one difference.",https://www.khanacademy.org/ela/cc-2nd-reading-vocab/xfb4fc0bf01437792%3Acc-2nd-fairy-tales-retold/xfb4fc0bf01437792%3Aclose-reading/v/reading-and-comparing-multiple-books,"2026-09-08: Original-channel title and creator checked with YouTube oEmbed; metadata and available source text reviewed, not full audiovisual playback. Comparison-method support only. The video does not supply First Nations Australian authors or cultural authority; use locally selected, properly attributed texts and the topic guide."
AC9E4LE02,https://www.youtube.com/watch?v=lzKj-bLvrYQ,Figurative language | Reading | Khan Academy,Khan Academy,4,4,Notice how language choices affect the pictures and feelings a story creates.,What effect does one non-literal expression have on you as a reader?,Choose one expression from your class text. Describe its effect and support your opinion with the words used.,https://www.youtube.com/watch?v=lzKj-bLvrYQ,"2026-09-08: Original-channel title and creator checked with YouTube oEmbed; metadata and available source text reviewed, not full audiovisual playback. Deliberate support for explaining language effects. Text-structure responses still require the written lesson and an actual literary text."
AC9E4LE03,https://www.youtube.com/watch?v=NpWHZJZQDSE,Plot Mountain! | The Plot Diagram Song | Scratch Garden,Scratch Garden,4,4,See how a character’s problem builds tension in a story.,How do the character and setting make the problem more interesting?,"Describe a character, a setting and a problem. Explain one way to make the reader want to know what happens next.",https://scratchgarden.com/videos/plot-mountain/,"2026-09-08: Original-channel title and creator checked with YouTube oEmbed; metadata and available source text reviewed, not full audiovisual playback. Creator iframe and lyric text reviewed. Some technical plot labels are optional vocabulary; not every story must follow one mountain shape."
AC9E4LE04,https://www.youtube.com/watch?v=lzKj-bLvrYQ,Figurative language | Reading | Khan Academy,Khan Academy,4,4,Explore how figurative expressions create meaning beyond literal words.,Why might an author choose a comparison instead of a plain description?,Write a simile for wind or rain and explain the image you want your reader to imagine.,https://www.youtube.com/watch?v=lzKj-bLvrYQ,"2026-09-08: Original-channel title and creator checked with YouTube oEmbed; metadata and available source text reviewed, not full audiovisual playback. Scope is figurative meaning, not all poetry devices or deliberate wordplay. Original language task avoids copying the video’s examples."
AC9E4LE05,https://www.youtube.com/watch?v=GcxRFgCj84A,The Story Writing Song (Plot Mountain 2) Scratch Garden,Scratch Garden,4,4,"Develop a story by connecting characters, setting and events.",How does the setting affect what the character can do?,"Draft a short scene, then change one setting detail so it changes the character’s next action.",https://scratchgarden.com/videos/story-writing/,"2026-09-08: Original-channel title and creator checked with YouTube oEmbed; metadata and available source text reviewed, not full audiovisual playback. Exact creator iframe and story-writing source description checked. A plot diagram is an optional planning tool rather than a rule for every narrative."
AC9E4LY01,https://www.youtube.com/watch?v=vb0xGhKoFQ0,First and secondhand accounts | Reading | Khan Academy,Khan Academy,4,4,Compare how accounts of an event can include different information and viewpoints.,What could an eyewitness describe that a later writer might need to research?,"Compare two suitable accounts of the same event from different times. Note one similarity, one difference and each author’s purpose.",https://www.youtube.com/watch?v=vb0xGhKoFQ0,"2026-09-08: Original-channel title and creator checked with YouTube oEmbed; metadata and available source text reviewed, not full audiovisual playback. Supports comparing accounts; first/secondhand is not the same distinction as older/newer. The task explicitly adds the code’s different-times requirement."
AC9E4LY02,https://www.youtube.com/watch?v=Z155TgEs8yA,Listening and Following Directions | It’s Easy With Twinkl| Twinkl USA,Twinkl Teaching Resources - United States,4,4,Practise listening closely before responding or acting.,What can you do if you are unsure about an instruction?,"Listen to a partner explain an idea. Restate their main point, then add one connected question or comment.",https://www.youtube.com/watch?v=Z155TgEs8yA,"2026-09-08: Original-channel title and creator checked with YouTube oEmbed; metadata and available source text reviewed, not full audiovisual playback. Creator metadata and child-facing listening description checked. Supports attentive listening; the follow-up adds connected discussion. Do not require eye contact or a still body as proof of listening."
AC9E4LY03,https://www.youtube.com/watch?v=QVmqK6V2eag,Comparing text structures | Reading | Khan Academy,Khan Academy,4,4,Notice how a text’s structure helps it achieve its purpose.,Which structure clues help you recognise an information text?,"Compare a story, an explanation and a persuasive message. Name one feature that helps each achieve its purpose.",https://www.khanacademy.org/ela/5th-grade-reading-and-vocab/xb350e60168d6e96f%3Acraft-and-structure-5/xb350e60168d6e96f%3Acomparing-text-structures-5/v/g5-comparing-text-structures,"2026-09-08: Original-channel title and creator checked with YouTube oEmbed; metadata and available source text reviewed, not full audiovisual playback. Partial support for informative text organisation. The original comparison task and written lesson cover imaginative and persuasive features."
AC9E4LY04,https://www.youtube.com/watch?v=i0cQu7vnDzs,"Reading Fluency: Speed, Accuracy, and Expression",Growing Primary,4,4,"Understand fluent reading as accurate, meaningful reading with expression.",How can expression help a listener understand the sentence?,Read a short paragraph aloud twice. Correct any word that does not make sense and use punctuation to guide your pauses.,https://www.youtube.com/watch?v=i0cQu7vnDzs,"2026-09-08: Original-channel title and creator checked with YouTube oEmbed; metadata and available source text reviewed, not full audiovisual playback. Primary channel metadata and child-facing fluency title checked. Slower accurate reading is valid; this is not a speed competition. Detailed phonic and grammatical support stays in the topic guide."
AC9E4LY05,https://www.youtube.com/watch?v=INFWXZ_tl4M,Making inferences in literary texts | Reading | Khan Academy,Khan Academy,4,4,Combine clues in a story with what you know to infer meaning.,Which words support the inference rather than just a guess?,Read a short scene and infer how a character feels. Give two clues that support your idea.,https://www.youtube.com/watch?v=INFWXZ_tl4M,"2026-09-08: Original-channel title and creator checked with YouTube oEmbed; metadata and available source text reviewed, not full audiovisual playback. Original creator reading video. Supports inference and evidence; other comprehension strategies remain in the written lesson."
AC9E4LY06,https://www.youtube.com/watch?v=GcxRFgCj84A,The Story Writing Song (Plot Mountain 2) Scratch Garden,Scratch Garden,4,4,Plan and revise the narrative part of a writing project.,Do the events connect clearly to the character’s problem?,"Plan a short story, draft one scene, then revise a sentence to make the sequence or setting clearer.",https://scratchgarden.com/videos/story-writing/,"2026-09-08: Original-channel title and creator checked with YouTube oEmbed; metadata and available source text reviewed, not full audiovisual playback. Deliberate partial mapping to imaginative writing and revision; informative/persuasive writing, publishing and spelling are not claimed as video coverage."
AC9E4LY07,https://www.youtube.com/watch?v=7BxQLITdOOc,Chocolate Cake | POEM | Kids' Poems and Stories With Michael Rosen,Kids’ Poems and Stories With Michael Rosen,4,4,"Watch a children’s author use voice, pace and expression to hold an audience’s attention.","Where do changes in pace, volume or expression make the telling more engaging?",Rehearse a one-minute recount of your own experience. Choose where to pause and how your voice will help the audience follow it.,https://www.youtube.com/watch?v=7BxQLITdOOc,"2026-09-08: Original-channel title and creator checked with YouTube oEmbed; metadata and available source text reviewed, not full audiovisual playback. Original author’s channel confirmed. This is a performance to analyse, not a complete presentation tutorial; no poem text or audio is copied. The child’s mischievous behaviour in the poem is a story, not an instruction."
AC9E4LY08,https://www.youtube.com/watch?v=Eq_5-qaT4xA,How to introduce the four types of joins in cursive handwriting,Oxford Education,4,4,Watch how careful letter joins can support flowing handwriting.,Where does the pencil travel between one letter and the next?,"Practise two joins from the handwriting style your teacher uses, keeping letters clear and evenly sized.",https://www.youtube.com/watch?v=Eq_5-qaT4xA,"2026-09-08: Original-channel title and creator checked with YouTube oEmbed; metadata and available source text reviewed, not full audiovisual playback. Official publisher and author Anita Warwick confirmed in source description. Short demonstration is teacher-oriented: use with adult support. UK Nelson letterforms may differ from Australian state styles; follow the local model, not a new compulsory script."
AC9E4LY09,https://www.youtube.com/watch?v=AB-meWtYNs0,What are prefixes and suffixes? | Oxford Owl,Oxford Owl - Learning at Home,4,4,Break longer words into useful meaningful parts.,What does adding a prefix or suffix change about a base word?,"Split a familiar longer word into its base and an added part, then read and spell the whole word.",https://www.oxfordowl.co.uk/for-home/oxford-owl-videos/spelling-vocabulary-videos/,"2026-09-08: Original-channel title and creator checked with YouTube oEmbed; metadata and available source text reviewed, not full audiovisual playback. Exact publisher iframe and short-animation description checked. Supports morphology, not the code’s full range of vowel combinations or syllable decoding."
AC9E4LY10,https://www.youtube.com/watch?v=AB-meWtYNs0,What are prefixes and suffixes? | Oxford Owl,Oxford Owl - Learning at Home,4,4,Use word families and added word parts to support spelling.,Which part of a word stays recognisable when a prefix is added?,Make a small word family from a familiar base. Check each spelling and explain one change you made.,https://www.oxfordowl.co.uk/for-home/oxford-owl-videos/spelling-vocabulary-videos/,"2026-09-08: Original-channel title and creator checked with YouTube oEmbed; metadata and available source text reviewed, not full audiovisual playback. Same source deliberately adapted to spelling. Double-letter rules, origins and other spelling generalisations remain in the written lesson."
AC9E4LY11,https://www.youtube.com/watch?v=gXaq6N98kkA,What are homophones? | Oxford Owl,Oxford Owl - Learning at Home,4,4,Use meaning and sentence context to choose between words that sound alike.,What clue tells you which spelling belongs in the sentence?,"Write two sentences using a homophone pair, then underline the context clue that makes each meaning clear.",https://www.oxfordowl.co.uk/for-home/oxford-owl-videos/spelling-vocabulary-videos/,"2026-09-08: Original-channel title and creator checked with YouTube oEmbed; metadata and available source text reviewed, not full audiovisual playback. Exact publisher iframe and description checked. Homophone support only; the full high-frequency-word set still requires the topic resources."
AC9M5N01,https://www.youtube.com/watch?v=KG6ILNOiMgM,Decimal Place Value,Math Antics,5,5,Understand how decimal places name progressively smaller parts of one.,How does moving one place to the right change the value of a digit?,"Order 2.305, 2.35 and 2.053, explaining the first place where their digits differ.",https://mathantics.com/lesson/decimal-place-value,Official creator lesson page and its Watch on YouTube anchor checked; concept identified from lesson title and description. No full playback review. Creator places most material in Years 3–8.  Public YouTube oEmbed confirmed original creator and exact video title on 2026-09-08; this does not establish audiovisual review or regional playback.
AC9M5N02,https://www.youtube.com/watch?v=0NvLtTwnUHs,Factoring,Math Antics,5,5,Recognise whole-number factors and write a number as a product.,How can multiplication and division both test whether a number is a factor?,Find every factor pair of 36 and explain how you know your list is complete.,https://mathantics.com/lesson/factoring,Official creator lesson page and its Watch on YouTube anchor checked; concept identified from lesson title and description. No full playback review. Creator places most material in Years 3–8.  Public YouTube oEmbed confirmed original creator and exact video title on 2026-09-08; this does not establish audiovisual review or regional playback.
AC9M5N03,https://www.youtube.com/watch?v=KNdUJQ_qd4U,Comparing Fractions,Math Antics,5,5,Compare the sizes of fractions by reasoning about equal wholes.,Why must the wholes be the same size when you compare fractional parts?,"Use a drawing to order 1/4, 3/8 and 1/2; then locate each on one number line.",https://mathantics.com/lesson/comparing-fractions,Official creator lesson page and its Watch on YouTube anchor checked; concept identified from lesson title and description. No full playback review. Creator places most material in Years 3–8. Use the lesson to keep core practice to same or related denominators; mixed numerals and number-line construction remain in the written guide. Public YouTube oEmbed confirmed original creator and exact video title on 2026-09-08; this does not establish audiovisual review or regional playback.
AC9M5N04,https://www.youtube.com/watch?v=JeVSmq1Nrpw,What Are Percentages?,Math Antics,5,5,Connect a percentage with parts out of 100 and a complete whole.,What does the 100 in 100% tell us about the whole?,"Shade 25%, 50% and 75% on hundred grids and label each with a fraction and decimal.",https://mathantics.com/lesson/what-are-percentages,Official creator lesson page and its Watch on YouTube anchor checked; concept identified from lesson title and description. No full playback review. Creator places most material in Years 3–8.  Public YouTube oEmbed confirmed original creator and exact video title on 2026-09-08; this does not establish audiovisual review or regional playback.
AC9M5N05,https://www.youtube.com/watch?v=5juto2ze8Lg,Adding and Subtracting Fractions,Math Antics,5,5,Use equal-sized fractional parts when adding and subtracting.,Why can we add the numerators only after the parts have the same denominator?,Solve 3/8 + 1/4 and 3/4 - 1/8 with fraction strips and check your answers.,https://mathantics.com/lesson/adding-and-subtracting-fractions,Official creator lesson page and its Watch on YouTube anchor checked; concept identified from lesson title and description. No full playback review. Creator places most material in Years 3–8. The video includes broader fraction arithmetic; Year 5 tasks here stay with same or related denominators. Public YouTube oEmbed confirmed original creator and exact video title on 2026-09-08; this does not establish audiovisual review or regional playback.
AC9M5N06,https://www.youtube.com/watch?v=RVYwunbpMHA,Multi-Digit Multiplication Part 2,Math Antics,5,5,Multiply by a two-digit number using place value and partial products.,Why does the product from the tens digit represent tens rather than ones?,"Calculate 234 × 16 using partial products, then estimate to check the result.",https://mathantics.com/lesson/multi-digit-multiplication-pt2,Official creator lesson page and its Watch on YouTube anchor checked; concept identified from lesson title and description. No full playback review. Creator places most material in Years 3–8.  Public YouTube oEmbed confirmed original creator and exact video title on 2026-09-08; this does not establish audiovisual review or regional playback.
AC9M5N07,https://www.youtube.com/watch?v=LGqBQrUYua4,Long Division,Math Antics,5,5,Break a larger division into manageable place-value steps.,How does each subtraction show how much of the dividend remains?,Share 157 counters equally among 6 groups; explain the remainder for counters and for 157 litres of water.,https://mathantics.com/lesson/long-division,Official creator lesson page and its Watch on YouTube anchor checked; concept identified from lesson title and description. No full playback review. Creator places most material in Years 3–8. Supports one division strategy; choosing strategies and interpreting remainders in context remain explicit in the written lesson. Public YouTube oEmbed confirmed original creator and exact video title on 2026-09-08; this does not establish audiovisual review or regional playback.
AC9M5N10,https://www.youtube.com/watch?v=0NvLtTwnUHs,Factoring,Math Antics,5,5,Understand factor tests before designing your own sequence of decisions.,What division result tells you that a trial number is a factor?,Write repeatable steps that test each whole number from 1 to 24 and list the factors of 24.,https://mathantics.com/lesson/factoring,Official creator lesson page and its Watch on YouTube anchor checked; concept identified from lesson title and description. No full playback review. Creator places most material in Years 3–8. Partial support: factoring concept only. The video does not teach a complete digital algorithm; the code-specific written guide does. Public YouTube oEmbed confirmed original creator and exact video title on 2026-09-08; this does not establish audiovisual review or regional playback.
AC9M5A01,https://www.youtube.com/watch?v=KGMf314LUc0,Basic Division,Math Antics,5,5,Relate equal-group division to multiplication.,How can a multiplication fact check a division answer?,Use 7 × 8 = 56 to write two multiplication and two division facts.,https://mathantics.com/lesson/basic-division,Official creator lesson page and its Watch on YouTube anchor checked; concept identified from lesson title and description. No full playback review. Creator places most material in Years 3–8.  Public YouTube oEmbed confirmed original creator and exact video title on 2026-09-08; this does not establish audiovisual review or regional playback.
AC9M5A02,https://www.youtube.com/watch?v=TqAtt3g6Tkc,Unknowns with Multiplication and Division,Khan Academy,5,5,Use related multiplication and division facts to find an unknown.,Which inverse operation lets you find the missing value?,"Find the missing numbers in 9 × □ = 72 and 84 ÷ □ = 7, and check each by substitution.",https://www.khanacademy.org/math/cc-third-grade-math/imp-multiplication-and-division/imp-more-with-1-digit-multiplication-and-division/v/unknowns-with-multiplication-and-division,Official Khan lesson description and matching creator YouTube listing checked. No full playback review. Earlier-grade examples are a prerequisite model; follow-up applies Year 5 number reasoning. Public YouTube oEmbed confirmed original creator and exact video title on 2026-09-08; this does not establish audiovisual review or regional playback.
AC9M5M01,https://www.youtube.com/watch?v=ZNX-a-5jGeM,Introduction to the Metric System,Math Antics,5,5,Understand how metric units relate and choose a sensible measurement scale.,Why would millimetres be more useful than metres for a tiny length?,"Choose a metric unit for a pencil length, a schoolbag mass and a drink capacity, and justify each.",https://mathantics.com/lesson/intro-to-the-metric-system,Official creator lesson page and its Watch on YouTube anchor checked; concept identified from lesson title and description. No full playback review. Creator places most material in Years 3–8.  Public YouTube oEmbed confirmed original creator and exact video title on 2026-09-08; this does not establish audiovisual review or regional playback.
AC9M5M04,https://www.youtube.com/watch?v=_n3KZR1DSEo,Angles and Degrees,Math Antics,5,5,Understand degrees as a measure of turn and connect measurements with angle names.,Why does the length of an angle’s arms not change its degree measure?,"Estimate a 40°, 90° and 130° angle, then check and draw each with a protractor.",https://mathantics.com/lesson/angles-and-degrees,Official creator lesson page and its Watch on YouTube anchor checked; concept identified from lesson title and description. No full playback review. Creator places most material in Years 3–8. Protractor use and construction stay in the written lesson unless shown in the selected video. Public YouTube oEmbed confirmed original creator and exact video title on 2026-09-08; this does not establish audiovisual review or regional playback.
AC9M5SP01,https://www.youtube.com/watch?v=HBSLrN9LWBA,What’s a Net?,Math with Mr. J,5,5,Connect a flat arrangement of faces with the solid it can form.,Which edges meet when the net folds into a solid?,"Draw a possible cube net, predict which faces become opposite, then test with paper.",https://www.youtube.com/watch?v=HBSLrN9LWBA,Official creator YouTube result gives title and description: three examples of nets and an explanation of nets. No full playback or current embed test. Public YouTube oEmbed confirmed original creator and exact video title on 2026-09-08; this does not establish audiovisual review or regional playback.
AC9M5SP02,https://www.youtube.com/watch?v=4vNloi-zNjU,Coordinate Plane: Graphing Points,Khan Academy,5,5,Locate a point by following the horizontal coordinate and then the vertical coordinate.,Why does the order of the two coordinates matter?,"Plot (2, 5) and (5, 2) on a first-quadrant grid and describe a route between them.",https://www.youtube.com/watch?v=4vNloi-zNjU,Official @khanacademy YouTube listing identifies Geometry / 5th grade. Description and first-quadrant topic checked; no full playback review. Keep negative coordinates outside the core task. Public YouTube oEmbed confirmed original creator and exact video title on 2026-09-08; this does not establish audiovisual review or regional playback.
AC9M5ST01,https://www.youtube.com/watch?v=hcgThf5mv38,Data and Graphs,Math Antics,5,5,Choose a graph that makes categories and frequencies easy to compare.,What do the labels and scale tell you about the data being displayed?,"Survey a class about its favourite fruit, check that each response has one category, and make a labelled column graph.",https://mathantics.com/lesson/data-and-graphs,Official creator lesson page and its Watch on YouTube anchor checked; concept identified from lesson title and description. No full playback review. Creator places most material in Years 3–8. Partial support: data displays. Does not replace the lesson’s nominal/ordinal distinctions or spreadsheet procedures. Public YouTube oEmbed confirmed original creator and exact video title on 2026-09-08; this does not establish audiovisual review or regional playback.
AC9M5ST03,https://www.youtube.com/watch?v=hcgThf5mv38,Data and Graphs,Math Antics,5,5,Represent collected data clearly as part of a statistical investigation.,What information would a reader need to interpret your graph accurately?,"Investigate how students travel to school: write a question, collect one response per student, then graph and explain the result.",https://mathantics.com/lesson/data-and-graphs,Official creator lesson page and its Watch on YouTube anchor checked; concept identified from lesson title and description. No full playback review. Creator places most material in Years 3–8. Partial support: displaying and interpreting investigation data; question design and collection are taught in the written guide. Public YouTube oEmbed confirmed original creator and exact video title on 2026-09-08; this does not establish audiovisual review or regional playback.
AC9M5ST02,https://www.youtube.com/watch?v=36v2EXZRzUE,Reading Line Graphs,Khan Academy,5,5,Read a graph showing how a quantity changes over time.,"How do you tell when a quantity stays the same, rises or falls?",Make a five-day temperature line graph from sample data and explain the interval with the greatest change.,https://www.khanacademy.org/math/statistics-probability/displaying-describing-data/more-on-data-displays/v/u08-l1-t2-we2-reading-line-graphs,Official Khan lesson description identifies changes over time and Sal Khan; matching YouTube title checked. No full playback review. Public YouTube oEmbed confirmed original creator and exact video title on 2026-09-08; this does not establish audiovisual review or regional playback.
AC9M5P01,https://www.youtube.com/watch?v=KzfWUEJjG18,Basic Probability,Math Antics,5,5,Connect possible outcomes with the chance of an event.,When is counting outcomes alone enough to compare chances?,"List the possible colours on a spinner with two red, one blue and one green equal-sized sectors; explain why the colours are not equally likely.",https://mathantics.com/lesson/basic-probability,Official creator lesson page and its Watch on YouTube anchor checked; concept identified from lesson title and description. No full playback review. Creator places most material in Years 3–8. Use the whole outcome list and equally-likely condition; numerical probability is supplementary to the Year 5 task. Public YouTube oEmbed confirmed original creator and exact video title on 2026-09-08; this does not establish audiovisual review or regional playback.
AC9M5P02,https://www.youtube.com/watch?v=YP6y9KstyMM,What Is Experimental Probability?,Math with Mr. J,5,5,Use results from repeated trials to estimate how often an outcome occurs.,Why might a second set of trials give a different result?,"Toss a coin 20 times, record the frequency of each outcome, and compare with another group.",https://www.youtube.com/watch?v=YP6y9KstyMM,Official creator YouTube result explains likelihood based on experimental results; creator probability playlist also confirms title. No full playback review. Fraction calculations are optional support; focus on observed frequencies. Public YouTube oEmbed confirmed original creator and exact video title on 2026-09-08; this does not establish audiovisual review or regional playback.
AC9S5U02,https://www.youtube.com/watch?v=R-Iak3Wvh9c,Weathering and Erosion,Crash Course Kids,5,5,Distinguish rock breaking down from the movement of its pieces.,"Which process breaks rock into smaller pieces, and which moves the pieces?","Draw and label a sequence showing weathering, transport by water and deposition downstream.",https://www.youtube.com/watch?v=R-Iak3Wvh9c,Official creator upload and Earth Science playlist checked; description identifies weathering/erosion and hydrosphere–geosphere interaction. No full playback review. Deposition and rapid/slow examples remain in the written lesson. Public YouTube oEmbed confirmed original creator and exact video title on 2026-09-08; this does not establish audiovisual review or regional playback.
AC9S5U03,https://www.youtube.com/watch?v=zBosbqByR3c,Light for Kids,Learn Bright,5,5,Recognise light sources and explore reflection and refraction.,How is a reflected ray different from a refracted ray?,Draw a light path from a torch to a mirror and another into water; label where the direction changes.,https://www.youtube.com/watch?v=zBosbqByR3c,"Official @LearnBright YouTube listing, title and description checked: sources, reflection and refraction. No full playback review. Never look directly at the Sun or shine a torch at eyes. Public YouTube oEmbed confirmed original creator and exact video title on 2026-09-08; this does not establish audiovisual review or regional playback."
AC9S5H01,https://www.youtube.com/watch?v=j4PKcZYCFc4,How Do Scientists Work Together?,California Academy of Sciences,5,5,See how scientists with different expertise combine evidence to answer a question.,What does one team member contribute that another could not provide alone?,Choose a local plant question and describe two different kinds of evidence a team could combine.,https://www.calacademy.org/educators/how-do-scientists-work-together,"Official educator page checked: four-minute film, Grades 4–12, plant researchers with different expertise working together. Matching official YouTube title and creator verified. No full playback review. Public YouTube oEmbed confirmed original creator and exact video title on 2026-09-08; this does not establish audiovisual review or regional playback."
AC9S5I02,https://www.youtube.com/watch?v=BXFU86GNmrg,Bowled Over: Isolating Variables,Crash Course Kids,5,5,Change one variable while controlling others to make a fair comparison.,What must stay the same if you want to test the effect of just one change?,"Plan a safe toy-ball ramp test: name what you change, what you measure and two things you keep the same.",https://www.youtube.com/watch?v=BXFU86GNmrg,"Official creator description checked: isolating variables through bowling; 3–5 engineering standards. No full playback review. Does not cover all safety, permissions or Country/Place requirements. Public YouTube oEmbed confirmed original creator and exact video title on 2026-09-08; this does not establish audiovisual review or regional playback."
AC9S5I03,https://www.youtube.com/watch?v=7omxmCDpW7U,Measurement Mystery,Crash Course Kids,5,5,Use observations and measurements to identify an unknown material.,What extra information does a measurement give beyond a quick look?,Compare two classroom objects using a ruler and balance; record values with units and the precision your tools allow.,https://www.youtube.com/watch?v=7omxmCDpW7U,Official YouTube title and description checked; lesson addresses observations/measurements for material properties. No full playback review. Tool precision is extended through the code-specific task. Public YouTube oEmbed confirmed original creator and exact video title on 2026-09-08; this does not establish audiovisual review or regional playback.
AC9S5I04,https://www.youtube.com/watch?v=1SN1BOpLZAs,Following the Sun,Crash Course Kids,5,5,Use recorded shadow observations to recognise a pattern over time.,Which observations would you need to compare shadow length fairly?,"Sketch a table for time and shadow length, then explain which graph could show the pattern.",https://www.youtube.com/watch?v=1SN1BOpLZAs,Official @crashcoursekids upload verified; description and listed 5-ESS1-2 standard identify time/shadow patterns and graphical representations. No full playback review. Never look directly at the Sun. Public YouTube oEmbed confirmed original creator and exact video title on 2026-09-08; this does not establish audiovisual review or regional playback.
AC9S5I05,https://www.youtube.com/watch?v=3X9lnUAjlGM,Try Trials,Crash Course Kids,5,5,Repeat tests and compare results before judging a proposed explanation or solution.,Why is one successful trial not enough to settle a conclusion?,Compare three toy-ramp trial results with a partner and identify one possible reason for a difference.,https://www.youtube.com/watch?v=3X9lnUAjlGM,"Official creator title/description checked: trials to identify problems with solutions, fair-test engineering standard. No full playback review. Supports repeatability and evaluation; formal error treatment remains age-limited. Public YouTube oEmbed confirmed original creator and exact video title on 2026-09-08; this does not establish audiovisual review or regional playback."
AC9E5LA01,https://www.youtube.com/watch?v=dzSbmCxUyuo,The Scale of Formality,Khan Academy,5,5,Choose language that fits the situation and your relationship with the audience.,How does changing your audience change an appropriate word choice?,"Rewrite a request once for a friend and once for a school principal, keeping the purpose the same.",https://www.khanacademy.org/humanities/grammar/usage-and-style/style/v/scale-of-formality,Official Khan lesson and matching creator YouTube listing checked; indexed transcript contrasts formal and informal word choices. No full playback review. Standard American English examples; follow Australian usage in the task. Public YouTube oEmbed confirmed original creator and exact video title on 2026-09-08; this does not establish audiovisual review or regional playback.
AC9E5LA02,https://www.youtube.com/watch?v=xqKeBdVyJgU,Using Examples to Make a Point,Khan Academy,5,5,Connect a claim with relevant reasons and examples.,"Which example supports the writer’s point, and why is it relevant?","Make a claim about a school improvement, add one relevant piece of evidence, and name where it came from.",https://www.khanacademy.org/ela/4th-grade-reading-and-vocab/xe0e52cf20ce2546d%3Aintegration-of-knowledge-and-ideas-4/xe0e52cf20ce2546d%3Aanalyzing-reasons-and-evidence-4/v/g5-using-examples-to-make-a-point,Official Khan page checked: RI.4.8/RI.5.8 and linking reasons/evidence to points; matching official YouTube listing checked. No full playback review. Authoritative-source evaluation remains in the written guide. Public YouTube oEmbed confirmed original creator and exact video title on 2026-09-08; this does not establish audiovisual review or regional playback.
AC9E5LA03,https://www.youtube.com/watch?v=QVmqK6V2eag,Comparing Text Structures,Khan Academy,5,5,Notice how organising information changes the way a text explains its subject.,How does the text’s structure help it achieve its purpose?,"Plan the same topic as a time sequence and as a compare-and-contrast text, then explain which suits your purpose.",https://www.khanacademy.org/ela/5th-grade-reading-and-vocab/xb350e60168d6e96f%3Acraft-and-structure-5/xb350e60168d6e96f%3Acomparing-text-structures-5/v/g5-comparing-text-structures,Official Year 5 Khan lesson description and matching YouTube listing checked. No full playback review. Informational-text structure support; spoken/multimodal staging still belongs to the written lesson. Public YouTube oEmbed confirmed original creator and exact video title on 2026-09-08; this does not establish audiovisual review or regional playback.
AC9E5LA05,https://www.youtube.com/watch?v=CsrM_RpqXek,Complex Sentences,Khan Academy,5,5,Connect a main clause with a dependent clause to express a more precise relationship.,"Which clause can stand alone, and what does the dependent clause add?",Write one complex sentence beginning with although and another beginning with because; underline each main clause.,https://www.khanacademy.org/humanities/grammar/syntax-sentences-and-clauses/types-of-sentences/v/complex-sentences-syntax-khan-academy,Official Khan description checked: Paige and Rosie identify and use dependent/subordinate clauses; matching YouTube ID checked. No full playback review. Compound-complex material deliberately excluded. Public YouTube oEmbed confirmed original creator and exact video title on 2026-09-08; this does not establish audiovisual review or regional playback.
AC9E5LA06,https://www.youtube.com/watch?v=7dOBMUESkqk,Prepositional Phrases,Khan Academy,5,5,Use a prepositional phrase to add information about a noun.,"Which words tell you more about the noun, such as its location?","Expand the noun group the bird to identify one particular bird, using an adjective and a prepositional phrase.",https://www.khanacademy.org/humanities/grammar/parts-of-speech-the-preposition-and-the-conjunction/types-of-prepositions-and-phrases/v/prepositional-phrases,Official Khan page and matching upload checked. Source explains preposition-plus-noun phrases. No full playback review. Partial support: postmodifying phrases are one way to expand a noun group; not all such phrases modify nouns. Public YouTube oEmbed confirmed original creator and exact video title on 2026-09-08; this does not establish audiovisual review or regional playback.
AC9E5LA08,https://www.youtube.com/watch?v=NcrsPIv6NdI,Using Word Parts to Determine Meaning,Khan Academy,5,5,Use roots and affixes to work out the meaning of a precise word.,How does each word part contribute to the meaning of the whole word?,"Break a science word from this week’s lesson into meaningful parts, check its meaning, and use it accurately in a sentence.",https://www.khanacademy.org/ela/4th-grade-reading-and-vocab/xe0e52cf20ce2546d%3Acraft-and-structure-4/xe0e52cf20ce2546d%3Adetermining-word-meanings-4/v/g5-using-word-parts-to-determine-meaning,"Official Khan page and Grade 5 YouTube title checked: prefixes, roots and suffixes. No full playback review. Supports vocabulary analysis, not a full history-of-English lesson. Public YouTube oEmbed confirmed original creator and exact video title on 2026-09-08; this does not establish audiovisual review or regional playback."
AC9E5LA09,https://www.youtube.com/watch?v=2M9cVwj3AtI,Advanced Plural Possession,Khan Academy,5,5,Place the apostrophe correctly when more than one person or thing owns something.,Where does the apostrophe go for a regular plural owner ending in s?,Write captions for bags belonging to several students and toys belonging to several children.,https://www.khanacademy.org/humanities/grammar/punctuation-the-comma-and-the-apostrophe/introduction-to-the-possessive/v/advanced-plural-possession-the-apostrophe-punctuation-khan-academy,Official Khan transcript snippet and corresponding YouTube apostrophe lesson checked; ID corroborated by licensed Khan partner Junyi. No full playback review. Supports plural possession only; comma use remains in the written lesson. Public YouTube oEmbed confirmed original creator and exact video title on 2026-09-08; this does not establish audiovisual review or regional playback.
AC9E5LE02,https://www.youtube.com/watch?v=GO97JDR3C7Q,Citing Evidence in Literary Texts,Khan Academy,5,5,Support a reading of a story with a specific detail from the text.,How does the chosen detail support the reader’s interpretation?,State an opinion about a character and support it with a brief detail from your current class text.,https://www.youtube.com/watch?v=GO97JDR3C7Q,Official Khan Academy YouTube title checked; elementary literary-evidence lesson. No full playback review. Literary-device terminology and responding to another viewpoint remain in the written lesson. Public YouTube oEmbed confirmed original creator and exact video title on 2026-09-08; this does not establish audiovisual review or regional playback.
AC9E5LE03,https://www.youtube.com/watch?v=GGS3NcmAZnw,A Story’s Point of View,Khan Academy,5,5,Identify who tells a story before considering how that viewpoint shapes the reader’s understanding.,Whose thoughts or experiences can the narrator tell us about directly?,Describe the same playground event from two characters’ viewpoints; identify one detail that changes.,https://www.khanacademy.org/ela/cc-2nd-reading-vocab/xfb4fc0bf01437792%3Acc-2nd-fairy-tales-retold/xfb4fc0bf01437792%3Aclose-reading/v/a-storys-point-of-view-reading,Official Khan page and matching upload checked; introduces first/second/third-person narration. No full playback review. Earlier-grade prerequisite explanation; Year 5 task adds interpretation and response. Public YouTube oEmbed confirmed original creator and exact video title on 2026-09-08; this does not establish audiovisual review or regional playback.
AC9E5LE04,https://www.youtube.com/watch?v=lzKj-bLvrYQ,Figurative Language,Khan Academy,5,5,"Explain how simile, metaphor and personification suggest meaning beyond the literal words.",What does the comparison help the reader imagine or understand?,"Write a simile and a metaphor for heavy rain, then explain the different images they create.",https://www.khanacademy.org/ela/cc-3rd-reading-vocab/xaf0c1b5d7010608e%3Acc-3rd-pets/xaf0c1b5d7010608e%3Aapplying-knowledge/v/figurative-language-reading,"Official Khan lesson and matching creator upload checked: simile, metaphor and personification. No full playback review. Sound devices remain in the written lesson. Public YouTube oEmbed confirmed original creator and exact video title on 2026-09-08; this does not establish audiovisual review or regional playback."
AC9E5LE05,https://www.youtube.com/watch?v=lzKj-bLvrYQ,Figurative Language,Khan Academy,5,5,Choose figurative language that builds an intended image or mood in your writing.,Why would a writer choose a comparison instead of a literal description?,"Write a short setting description with one purposeful comparison, then revise it to create a different mood.",https://www.khanacademy.org/ela/cc-3rd-reading-vocab/xaf0c1b5d7010608e%3Acc-3rd-pets/xaf0c1b5d7010608e%3Aapplying-knowledge/v/figurative-language-reading,Official Khan lesson and matching creator upload checked. No full playback review. Partial support for experimenting with figurative language; planning and editing whole stories remain in the written lesson. Public YouTube oEmbed confirmed original creator and exact video title on 2026-09-08; this does not establish audiovisual review or regional playback.
AC9E5LY02,https://www.youtube.com/watch?v=xqKeBdVyJgU,Using Examples to Make a Point,Khan Academy,5,5,Justify an idea with a reason and a relevant example during discussion.,How can an example make your reasoning clearer to a listener?,"Explain an opinion to a partner; ask them to paraphrase your reason, then clarify one point if needed.",https://www.khanacademy.org/ela/4th-grade-reading-and-vocab/xe0e52cf20ce2546d%3Aintegration-of-knowledge-and-ideas-4/xe0e52cf20ce2546d%3Aanalyzing-reasons-and-evidence-4/v/g5-using-examples-to-make-a-point,Official Khan page and matching upload checked. No full playback review. Partial support: justifying a point; paraphrasing/questioning are practised through the written lesson and task. Public YouTube oEmbed confirmed original creator and exact video title on 2026-09-08; this does not establish audiovisual review or regional playback.
AC9E5LY03,https://www.youtube.com/watch?v=QVmqK6V2eag,Comparing Text Structures,Khan Academy,5,5,Relate informational text organisation to what the writer wants the reader to understand.,What would change if the information were organised in a different way?,Choose a text about an animal and explain how its structure supports its purpose.,https://www.khanacademy.org/ela/5th-grade-reading-and-vocab/xb350e60168d6e96f%3Acraft-and-structure-5/xb350e60168d6e96f%3Acomparing-text-structures-5/v/g5-comparing-text-structures,Official Grade 5 Khan description and matching upload checked. No full playback review. Covers informational structures; imaginative and persuasive features remain in the written guide. Public YouTube oEmbed confirmed original creator and exact video title on 2026-09-08; this does not establish audiovisual review or regional playback.
AC9E5LY04,https://www.youtube.com/watch?v=v6EDEr_20sc,Using Text Features to Locate Information,Khan Academy,5,5,Use headings and other nonfiction features to find the information you need.,Which feature would help you find one specific fact most quickly?,"Write a question, scan a nonfiction page for its answer, and explain which text feature helped you.",https://www.khanacademy.org/ela/cc-2nd-reading-vocab/xfb4fc0bf01437792%3Acc-2nd-the-moon/xfb4fc0bf01437792%3Areading-for-understanding-informational-text/v/using-text-features-to-locate-information-reading,Official Khan page and matching creator upload checked. No full playback review. Earlier-grade navigation prerequisite; Year 5 reading purpose and monitoring remain in the written lesson. Public YouTube oEmbed confirmed original creator and exact video title on 2026-09-08; this does not establish audiovisual review or regional playback.
AC9E5LY05,https://www.youtube.com/watch?v=Fu2gUTrd4Ow,How to Make Inferences,Khan Academy,5,5,Combine information in a text with reasoning to work out an unstated idea.,"What is stated directly, and what must the reader infer from it?","Read a short factual paragraph, write one inference, and underline the information that supports it.",https://www.khanacademy.org/ela/4th-grade-reading-and-vocab/xe0e52cf20ce2546d%3Akey-ideas-and-details-4/xe0e52cf20ce2546d%3Amaking-inferences-4/v/g5-info-inferences,Official Khan lesson and corresponding upload checked; uses an Australian wombat example to model inference. No full playback review. One strategy within the code’s wider comprehension toolkit. Public YouTube oEmbed confirmed original creator and exact video title on 2026-09-08; this does not establish audiovisual review or regional playback.
AC9E5LY09,https://www.youtube.com/watch?v=NcrsPIv6NdI,Using Word Parts to Determine Meaning,Khan Academy,5,5,"Build new words by understanding base words, prefixes and suffixes.","Which part carries the core meaning, and how does the affix change it?","Build a small word family from help, explain each affix, and check every spelling in a dictionary.",https://www.khanacademy.org/ela/4th-grade-reading-and-vocab/xe0e52cf20ce2546d%3Acraft-and-structure-4/xe0e52cf20ce2546d%3Adetermining-word-meanings-4/v/g5-using-word-parts-to-determine-meaning,Official Khan page and Grade 5 upload checked: meaningful word parts. No full playback review. Spelling changes and exceptions still require the written lesson. Public YouTube oEmbed confirmed original creator and exact video title on 2026-09-08; this does not establish audiovisual review or regional playback.
AC9E5LY10,https://www.youtube.com/watch?v=NcrsPIv6NdI,Using Word Parts to Determine Meaning,Khan Academy,5,5,Notice how a suffix changes a word’s meaning or grammatical use.,What does adding a suffix change in the example word?,"Compare help, helpful and helpless: explain each meaning and use each in a sentence.",https://www.khanacademy.org/ela/4th-grade-reading-and-vocab/xe0e52cf20ce2546d%3Acraft-and-structure-4/xe0e52cf20ce2546d%3Adetermining-word-meanings-4/v/g5-using-word-parts-to-determine-meaning,Official Khan page and Grade 5 upload checked. No full playback review. Partial support: suffix meaning only; less-common plurals remain in the written lesson. Public YouTube oEmbed confirmed original creator and exact video title on 2026-09-08; this does not establish audiovisual review or regional playback.
AC9M5N08,https://www.youtube.com/watch?v=Ag0zq7TImyY,Estimating Multi-Digit Division Word Problems,Khan Academy,5,5,Choose nearby numbers to estimate a result and judge whether an exact answer is reasonable.,Why are the chosen nearby numbers useful for a mental estimate?,"Estimate the cost per student if a $598 activity is shared by 29 students, then calculate and compare.",https://www.khanacademy.org/math/5th-grade-math-eureka-squared-aligned/xaf06646de8e27a4f%3Aplace-value-concepts-for-multiplication-and-division-with-whole-numbers/xaf06646de8e27a4f%3Adivide-four-digit-numbers-by-two-digit-numbers/v/estimating-multi-digit-division-word-problems,Official Grade 5 lesson and indexed description checked: 592 tickets shared among 29 students; estimation as a strategy. Financial follow-up is original and keeps the same equal-sharing reasoning. Public YouTube oEmbed confirmed original creator and exact video title on 2026-09-08. No full playback review or regional embed test.
AC9M5N09,https://www.youtube.com/watch?v=-sSDb_wZqKQ,"A Multi-Step Word Problem with Addition, Subtraction and Multiplication",Khan Academy,5,5,Translate a practical situation into a sequence of operations.,What must be worked out first before the next step can be solved?,Plan a class activity for 24 students with $7 entry each and a $40 group booking fee; explain the operations and total cost.,https://www.youtube.com/watch?v=-sSDb_wZqKQ,Official creator title and description establish multi-step whole-number word problems. Supports operation choice and sequencing; evaluating modelling assumptions and digital tools remain in the written lesson. Public YouTube oEmbed confirmed original creator and exact video title on 2026-09-08. No full playback review or regional embed test.
AC9M5M02,https://www.youtube.com/watch?v=AAY1bsazcgM,Perimeter,Math Antics,5,5,Find the distance around a shape and distinguish it from the area inside.,Which lengths must be counted to find the entire boundary?,Draw a stepped garden outline on square paper and calculate its perimeter in metres.,https://mathantics.com/lesson/perimeter,Original Math Antics lesson/title identified; public oEmbed confirms creator. Supports the perimeter component; area is supported by the next video and written lesson. Public YouTube oEmbed confirmed original creator and exact video title on 2026-09-08. No full playback review or regional embed test.
AC9M5M02,https://www.youtube.com/watch?v=xCdxURXMdFY,Area,Math Antics,5,5,Connect area with the number of square units needed to cover a shape.,Why are area units square units rather than ordinary length units?,Split a stepped floor plan into rectangles and calculate its area in square metres without overlaps.,https://mathantics.com/lesson/area,Root independently confirmed the original creator lesson’s YouTube anchor; repost stMOfhze9c8 excluded. Keep core work to rectangles/composite rectangular shapes; later formula examples are optional preview. Public YouTube oEmbed confirmed original creator and exact video title on 2026-09-08. No full playback review or regional embed test.
AC9M5M03,https://www.youtube.com/watch?v=Lj4YxVZWLVU,The 24-Hour Clock,Periwinkle,5,5,Read 24-hour times and compare them with morning and afternoon 12-hour times.,"Why is 15:30 an afternoon time, and what is its 12-hour equivalent?","Convert 07:45, 13:20 and 22:05 to 12-hour time; then write 6:15 pm in 24-hour form.",https://www.youtube.com/watch?v=Lj4YxVZWLVU,"Official Periwinkle title explicitly identifies Mathematics Grade 5 and the 24-hour clock. Current title, creator and topic confirmed; midnight/noon conventions remain explicit in the written guide. Public YouTube oEmbed confirmed original creator and exact video title on 2026-09-08. No full playback review or regional embed test."
AC9M5SP03,https://www.youtube.com/watch?v=QHq3CSoal0I,Symmetry,Math Antics,5,5,Recognise transformations that leave a shape matching its original outline.,What has to match for a reflection or turn to show a symmetry?,"Draw a rectangle, identify its reflection lines, and test whether a half-turn matches it to itself.",https://mathantics.com/lesson/symmetry,"Year 4 agent confirmed creator’s public Watch on YouTube anchor. Supports symmetry within the code; translation, rotation/reflection constructions and digital tools remain in the written lesson. Public YouTube oEmbed confirmed original creator and exact video title on 2026-09-08. No full playback review or regional embed test."
AC9S5U01,https://www.youtube.com/watch?v=m2MibjJgyjs,Animal Adaptations for Kids,Learn Bright,5,5,Link an animal’s structural features or behaviours with survival in its habitat.,Which environmental challenge does the feature or behaviour help the animal meet?,Choose a desert animal and explain how one body feature and one behaviour help it survive.,https://learnbright.org/lessons/science/animal-adaptations/,"Official creator YouTube description and publisher lesson page checked: physical, behavioural and life-cycle adaptations. This is supplemental explanation, not evidence that animals choose to acquire inherited adaptations. Plant features remain in the written guide; no paid worksheets copied. Public YouTube oEmbed confirmed original creator and exact video title on 2026-09-08. No full playback review or regional embed test."
AC9S5H02,https://www.youtube.com/watch?v=VUUUxOl715s,How Plastic Hurts the World,SciShow Kids,5,5,Use knowledge about plastic waste to explain an environmental problem and consider a response.,How does understanding where plastic travels help a community choose what to do?,Identify one plastic-waste problem at school and explain a possible response using scientific reasons.,https://www.youtube.com/watch?v=VUUUxOl715s,Official @SciShowKids title/description and the creator’s own Facebook video description checked: plastic reaching oceans and ways to reduce it. Learner task adds evaluation of a response; do not generalise all plastics or imply one action solves the whole problem. Public YouTube oEmbed confirmed original creator and exact video title on 2026-09-08. No full playback review or regional embed test.
AC9S5I01,https://www.youtube.com/watch?v=2GaKPMlkdO4,A Case of What-Ifs,Crash Course Kids,5,5,Turn a possible change in conditions into a question and a reasoned prediction.,"Which changing condition could you test, and what do you predict it will affect?",Ask how ramp height might affect a toy ball’s travel distance and explain a prediction using what you already know.,https://www.youtube.com/watch?v=2GaKPMlkdO4,Official creator description checked: variables are changing conditions/values and affect engineering choices. Supports question/prediction formation in a tangible test context; the written guide distinguishes testable questions from opinions. Public YouTube oEmbed confirmed original creator and exact video title on 2026-09-08. No full playback review or regional embed test.
AC9S5I06,https://www.youtube.com/watch?v=m0y_HvsIP_s,Informational Writing: Writing a Draft,Teaching Without Frills,5,5,Turn organised facts into clear informative writing for a reader.,How does grouping related information help a reader follow an explanation?,"Draft a short report of a class investigation with a clear heading, accurate observations and a conclusion linked to your evidence.",https://www.youtube.com/watch?v=m0y_HvsIP_s,"Official creator title, playlist and description checked: 2:21 first-draft informational writing lesson. Partial support for drafting findings; scientific evidence, audience choices and report conventions remain in the written science guide. Public YouTube oEmbed confirmed original creator and exact video title on 2026-09-08. No full playback review or regional embed test."
AC9E5LA04,https://www.youtube.com/watch?v=lq2kU12tsuE,Topic Sentences: How to Write a Topic Sentence,Miacademy & MiaPrep Learning Channel,5,5,Use a paragraph’s opening to signal its main message and guide the reader.,What does the topic sentence make the reader expect from the rest of the paragraph?,"Write an opening for a paragraph about reducing food waste, then add two details that clearly develop its message.",https://www.youtube.com/watch?v=lq2kU12tsuE,Official creator upload and description checked: elementary Language Arts Level D topic-sentence writing. Partial support for paragraph starting points; sentence-theme choices and wider cohesion remain in the written guide. Do not claim every paragraph must start with its topic sentence. Public YouTube oEmbed confirmed original creator and exact video title on 2026-09-08. No full playback review or regional embed test.
AC9E5LY06,https://www.youtube.com/watch?v=m0y_HvsIP_s,Informational Writing: Writing a Draft,Teaching Without Frills,5,5,Develop an informative plan into connected sentences and paragraphs.,How does the writer keep the draft focused on the planned information?,"Draft a short explanation of a topic you know, add one precise technical word, and revise a sentence to make the meaning clearer.",https://www.youtube.com/watch?v=m0y_HvsIP_s,"Official creator title, playlist and description checked: first-draft informational writing. Partial support for one text purpose/stage; multimodal publication, literary and persuasive forms remain in the written guide. Public YouTube oEmbed confirmed original creator and exact video title on 2026-09-08. No full playback review or regional embed test."
AC9E5LY08,https://www.youtube.com/watch?v=WGERKJYjkQI,Mr Thorne Does Phonics: ough Spelling,Mr T’s Phonics,5,5,Notice that the same letter pattern can represent different sounds in different words.,"What changes when ough appears in through, though and rough?","Sort through, though, rough, thought and cough by their pronunciation, then practise reading and spelling each.",https://www.youtube.com/watch?v=WGERKJYjkQI,Official Mr T’s Phonics creator title and /ough/ topic checked. UK-English pronunciation may differ slightly from Australian accents; the same-spelling/different-sound concept fits Year 5. Other common patterns remain in the guide. Public YouTube oEmbed confirmed original creator and exact video title on 2026-09-08. No full playback review or regional embed test.
AC9S5U04,https://www.youtube.com/watch?v=Ll2ao9Irwgg,Matter Is Made of Tiny Particles: Classroom Demonstration,American Chemical Society,5,5,"Watch a classroom demonstration linking the properties of solids, liquids and gases to a particle model.",How does the particle model explain why a gas can be squeezed more easily than a liquid?,"Draw particle models for a solid, liquid and gas; use arrows to show movement, including vibration in the solid.",https://www.acs.org/education/resources/k-8/inquiryinaction/fifth-grade/chapter-1-investigating-matter-at-the-particle-level/matter-is-made-of-tiny-particles.html,Official Fifth Grade ACS lesson page explicitly identifies video Ll2ao9Irwgg and correctly describes vibration of solid particles. Public YouTube oEmbed confirmed title and creator @AmerChemSociety on 2026-09-08. Teacher-facing demonstration rather than an independent experiment; any practical reproduction needs adult supervision and the source safety instructions. No full playback review.
AC9E5LY07,https://www.youtube.com/watch?v=PX_DAFXQxpc,"Schooled by Kids: Presentation Skills, Part 2",Green Ivy Schools,5,5,Watch children model ways to make a spoken presentation clear and engaging.,Which choice in the speaker’s delivery helps you follow or understand the message?,"Rehearse a one-minute explanation with two developed ideas and one precise topic word. Ask a partner for feedback on pace, volume and a useful gesture, then rehearse again.",https://www.youtube.com/watch?v=PX_DAFXQxpc,"Official Green Ivy Schools YouTube title, creator and description checked; the creator describes a child-led public-speaking instruction series. The school’s own company update identifies the series presenters as 5th/6th graders. Public YouTube oEmbed independently confirmed exact title and @GreenIvySchools on 2026-09-08. Selected for peer modelling of delivery and rehearsal; specialist vocabulary, visual aids and whole presentation planning remain in the written guide. No full audiovisual suitability review or regional embed test."
AC9M6N01,https://www.youtube.com/watch?v=OAoLCXpao6s,Negative Numbers,Math Antics,6,6,Locate positive and negative integers on a number line. Coordinate plotting is covered in the written lesson.,How does moving left or right change a number’s value?,"Mark -4, 0 and 3 on a number line. Give a temperature or account-balance situation that each could represent.",https://www.youtube.com/watch?v=OAoLCXpao6s,2026-09-08: Official creator/title and embedding metadata verified using YouTube public oEmbed; primary source concept screening. Supplement selected for the stated Year 6 component only; no full audiovisual review claimed. 
AC9M6N02,https://www.youtube.com/watch?v=0NvLtTwnUHs,Factoring,Math Antics,6,6,Use factors to distinguish prime and composite numbers; square numbers remain in the written lesson.,How does the complete list of factors show whether a number is prime?,"List the factors of 13, 16 and 18. Classify each as prime or composite and identify the square number.",https://mathantics.com/lesson/factoring,"Year 6 source and concept screening, 2026-09-08. Source identity carried from verified Year 5 source record; selected for the stated component only. No full audiovisual review claimed. Official creator lesson page and its Watch on YouTube anchor checked; concept identified from lesson title and description. No full playback review. Creator places most material in Years 3–8. "
AC9M6N03,https://www.youtube.com/watch?v=KNdUJQ_qd4U,Comparing Fractions,Math Antics,6,6,Compare fractions using equivalent amounts before placing them on a shared number line.,Why must the fractions describe the same whole before you compare them?,"Place 1/2, 2/3 and 3/4 on one number line. Explain their order using twelfths.",https://mathantics.com/lesson/comparing-fractions,"Year 6 source and concept screening, 2026-09-08. Source identity carried from verified Year 5 source record; selected for the stated component only. No full audiovisual review claimed. Official creator lesson page and its Watch on YouTube anchor checked; concept identified from lesson title and description. No full playback review. Creator places most material in Years 3–8. Use the lesson to keep core practice to same or related denominators; mixed numerals and number-line construction remain in the written guide."
AC9M6N04,https://www.youtube.com/watch?v=oLh_sIESQnY,Adding Decimals: Example 1,Khan Academy,6,6,Add decimals by aligning equal place values; subtraction and checking are developed in the written lesson.,Why should tenths line up with tenths rather than just lining up the last digits?,Estimate and calculate 12.45 + 3.8. Explain how a place-value chart can help you check the result.,https://www.youtube.com/watch?v=oLh_sIESQnY,2026-09-08: Official creator/title and embedding metadata verified using YouTube public oEmbed; primary source concept screening. Supplement selected for the stated Year 6 component only; no full audiovisual review claimed. 
AC9M6N05,https://www.youtube.com/watch?v=5juto2ze8Lg,Adding and Subtracting Fractions,Math Antics,6,6,Add and subtract fractions by expressing them with a common denominator.,Why do the denominators need to match before the numerators can be added?,Find 2/3 + 1/4 and 3/4 - 1/3. Show equivalent fractions and check whether each answer is reasonable.,https://mathantics.com/lesson/adding-and-subtracting-fractions,"Year 6 source and concept screening, 2026-09-08. Source identity carried from verified Year 5 source record; selected for the stated component only. No full audiovisual review claimed. Official creator lesson page and its Watch on YouTube anchor checked; concept identified from lesson title and description. No full playback review. Creator places most material in Years 3–8. The video includes broader fraction arithmetic; Year 5 tasks here stay with same or related denominators."
AC9M6N06,https://www.youtube.com/watch?v=qJB19dAZPpY,Multiply and Divide by Powers of 10,Math Antics,6,6,Explain multiplication and division by powers of ten through place-value changes.,What happens to the value of each digit when a number is multiplied by 100?,"Calculate 3.24 × 100 and 324 ÷ 1000. Explain the place-value changes, then find 3.24 × 200.",https://mathantics.com/extra/multiply-and-divide-by-powers-of-10,2026-09-08: Official creator/title and embedding metadata verified using YouTube public oEmbed; primary source concept screening. Supplement selected for the stated Year 6 component only; no full audiovisual review claimed. 
AC9M6N07,https://www.youtube.com/watch?v=rR95Cbcjzus,Finding a Percent of a Number,Math Antics,6,6,Calculate a percentage of a quantity and apply it to a familiar discount.,How can a percentage be written as a fraction or decimal to help calculate a part?,"Find 25% of $80, then the price after a 25% discount. Explain why the discount amount and sale price differ.",https://www.youtube.com/watch?v=rR95Cbcjzus,2026-09-08: Official creator/title and embedding metadata verified using YouTube public oEmbed; primary source concept screening. Supplement selected for the stated Year 6 component only; no full audiovisual review claimed. 
AC9M6N08,https://www.youtube.com/watch?v=fd-E18EqSVk,Rounding,Math Antics,6,6,Use rounding as one strategy for estimating rational-number calculations.,How does the chosen rounding place affect the usefulness of an estimate?,"Estimate the total of $19.85, $10.20 and $4.95 before calculating it. State whether your estimate is likely to be high or low.",https://www.youtube.com/watch?v=fd-E18EqSVk,2026-09-08: Official creator/title and embedding metadata verified using YouTube public oEmbed; primary source concept screening. Supplement selected for the stated Year 6 component only; no full audiovisual review claimed. 
AC9M6N09,https://www.youtube.com/watch?v=rR95Cbcjzus,Finding a Percent of a Number,Math Antics,6,6,Practise the percentage calculation that can form part of a practical model; planning and interpreting the model remain in the lesson.,Which quantity is the whole when a percentage is calculated?,"Plan the cost of four $30 tickets with a 10% group discount and a $6 booking fee. Write the operations, solve and explain your assumptions.",https://www.youtube.com/watch?v=rR95Cbcjzus,2026-09-08: Official creator/title and embedding metadata verified using YouTube public oEmbed; primary source concept screening. Supplement selected for the stated Year 6 component only; no full audiovisual review claimed. 
AC9M6A01,https://www.youtube.com/watch?v=vV7C7bXm4VI,Number Patterns,Math Antics,6,6,Identify and explain a rule connecting the terms of a number pattern.,How can you test that a proposed rule works for every term shown?,"Write the next three terms of 1.5, 2.25, 3, 3.75. Explain the rule and represent the growth in a drawing.",https://www.youtube.com/watch?v=vV7C7bXm4VI,2026-09-08: Official creator/title and embedding metadata verified using YouTube public oEmbed; primary source concept screening. Supplement selected for the stated Year 6 component only; no full audiovisual review claimed. 
AC9M6A02,https://www.youtube.com/watch?v=-rxUip6Ulnw,Evaluating Expressions With and Without Parentheses,Khan Academy,6,6,Use grouping symbols to work out an expression before solving an equation with a missing value.,How do brackets change the order in which calculations are completed?,Find the missing value in 4 × (□ + 3) = 28. Show how you can check the answer by evaluating the bracket first.,https://www.khanacademy.org/math/cc-fifth-grade-math/imp-algebraic-thinking/imp-writing-expressions/v/evaluating-an-expression-with-and-without-parentheses,2026-09-08: Primary creator identity and learning-focus screening. Supplement selected for the stated Year 6 component; no full audiovisual review claimed. Official creator/title/embed metadata confirmed by YouTube oEmbed. The video supports grouping; the follow-up applies it to an unknown value.
AC9M6A03,https://www.youtube.com/watch?v=vV7C7bXm4VI,Number Patterns,Math Antics,6,6,Recognise repeated rules before describing them as a sequence of algorithm steps.,Which repeated action generates the next term?,"Write steps that start at 0.5, add 0.5 each time and stop when the result exceeds 4. Identify the decision and explain the resulting pattern.",https://www.youtube.com/watch?v=vV7C7bXm4VI,2026-09-08: Official creator/title and embedding metadata verified using YouTube public oEmbed; primary source concept screening. Supplement selected for the stated Year 6 component only; no full audiovisual review claimed. 
AC9M6M01,https://www.youtube.com/watch?v=ZNX-a-5jGeM,Introduction to the Metric System,Math Antics,6,6,Connect metric prefixes with conversions between everyday measurement units.,What stays the same when a measurement changes from metres to centimetres?,"Convert 2.35 m to centimetres, 1.4 kg to grams and 750 mL to litres. Explain why the numbers change.",https://mathantics.com/lesson/intro-to-the-metric-system,"Year 6 source and concept screening, 2026-09-08. Source identity carried from verified Year 5 source record; selected for the stated component only. No full audiovisual review claimed. Official creator lesson page and its Watch on YouTube anchor checked; concept identified from lesson title and description. No full playback review. Creator places most material in Years 3–8. "
AC9M6M02,https://www.youtube.com/watch?v=xCdxURXMdFY,Area,Math Antics,6,6,Connect square-unit arrays with the area of a rectangle.,Why does multiplying the number of rows by the number of squares in each row give area?,Draw a 7 m by 4 m rectangular garden. Explain why its area is 28 square metres and how the formula follows from counting rows.,https://mathantics.com/lesson/area,2026-09-08: Official creator/title and embedding metadata verified using YouTube public oEmbed; primary source concept screening. Supplement selected for the stated Year 6 component only; no full audiovisual review claimed. 
AC9M6M03,https://www.youtube.com/watch?v=wruNqZeXckE,How Do You Read Timetables?,Twinkl Educational Publishing,6,6,Read a timetable and connect departure and arrival times to a journey.,Which row and column do you need to find the next suitable service?,Create a three-stop bus timetable. Plan a journey arriving before 10:30 and calculate both travel time and any waiting time.,https://www.youtube.com/watch?v=wruNqZeXckE,2026-09-08: Official creator/title and embedding metadata verified using YouTube public oEmbed; primary source concept screening. Supplement selected for the stated Year 6 component only; no full audiovisual review claimed. Official KS2 concept video. The linked video is free playback; paid Twinkl resources are not required.
AC9M6M04,https://www.youtube.com/watch?v=vAlazPPFlyY,"Vertical, Adjacent and Linearly Paired Angles",Khan Academy,6,6,Use the relationships between opposite angles and angles on a straight line.,Why are vertically opposite angles equal when two lines intersect?,Two lines cross and one angle is 68°. Find the other three angles and justify each using an angle relationship.,https://www.youtube.com/watch?v=vAlazPPFlyY,2026-09-08: Official creator/title and embedding metadata verified using YouTube public oEmbed; primary source concept screening. Supplement selected for the stated Year 6 component only; no full audiovisual review claimed. The US phrase “vertical angles” means vertically opposite angles; “linear pair” describes adjacent angles on a straight line.
AC9M6SP01,https://www.youtube.com/watch?v=U1FaFr_mqLU,Cross Sections of 3D Shapes,Math Defined,6,6,Visualise the two-dimensional shape produced by a flat cut through a solid.,How does changing the direction of a cut change the cross-section?,Sketch three parallel cross-sections perpendicular to the length of a triangular prism. Explain what stays the same.,https://www.youtube.com/watch?v=U1FaFr_mqLU,2026-09-08: Official creator/title and embedding metadata verified using YouTube public oEmbed; primary source concept screening. Supplement selected for the stated Year 6 component only; no full audiovisual review claimed. Grade 7.G.A.3 topic matches the spatial idea in this Year 6 code; no volume calculation is required by the follow-up.
AC9M6SP02,https://www.youtube.com/watch?v=9Uc62CuQjc4,Graphing on the Coordinate Plane,Math Antics,6,6,Locate ordered pairs in all four quadrants of the Cartesian plane.,How do the signs of the coordinates identify the quadrant?,"Plot A(-3,2), B(3,2), C(3,-2) and D(-3,-2). Describe the changes from A to B and B to C.",https://www.youtube.com/watch?v=9Uc62CuQjc4,2026-09-08: Official creator/title and embedding metadata verified using YouTube public oEmbed; primary source concept screening. Supplement selected for the stated Year 6 component only; no full audiovisual review claimed. 
AC9M6SP03,https://www.youtube.com/watch?v=pQ3vsT3HGMY,Tessellations,Corbettmaths,6,6,Recognise how repeated shapes cover a surface without gaps or overlaps.,What must happen around each meeting point for a tessellation to work?,"Use a triangle cut from paper to make a tessellation. Describe where you translate, turn or reflect the shape.",https://corbettmaths.com/2012/08/02/tessellations-video/,2026-09-08: Official creator/title and embedding metadata verified using YouTube public oEmbed; primary source concept screening. Supplement selected for the stated Year 6 component only; no full audiovisual review claimed. Creator page directly embeds this ID. Use the geometric covering idea; software use is supplied by the written lesson.
AC9M6ST01,https://www.youtube.com/watch?v=hcgThf5mv38,Data and Graphs,Math Antics,6,6,Use labelled data displays to make comparisons; extend the ideas to comparing two distributions in the lesson.,How do labels and scale help you compare groups fairly?,"Make dot plots for A: 2,2,3,4,7 and B: 1,3,3,5,6. Compare their modes, ranges and shapes.",https://mathantics.com/lesson/data-and-graphs,"Year 6 source and concept screening, 2026-09-08. Source identity carried from verified Year 5 source record; selected for the stated component only. No full audiovisual review claimed. Official creator lesson page and its Watch on YouTube anchor checked; concept identified from lesson title and description. No full playback review. Creator places most material in Years 3–8. Partial support: data displays. Does not replace the lesson’s nominal/ordinal distinctions or spreadsheet procedures."
AC9M6ST02,https://www.youtube.com/watch?v=gs-OPF3KEGU,Misleading Line Graphs,Khan Academy,6,6,Look critically at graph scales and the impression they create.,How can two accurate graphs of the same data appear to tell different stories?,"Draw the values 48%, 50% and 52% using two vertical scales. Explain which display exaggerates the change and how you would label it fairly.",https://www.khanacademy.org/math/statistics-probability/displaying-describing-data/more-on-data-displays/v/misleading-line-graphs,"2026-09-08: Primary creator identity and learning-focus screening. Supplement selected for the stated Year 6 component; no full audiovisual review claimed. Official creator/title/embed metadata confirmed by YouTube oEmbed. Discussion is about representation, not an allegation that data were invented."
AC9M6ST03,https://www.youtube.com/watch?v=hcgThf5mv38,Data and Graphs,Math Antics,6,6,Choose and label a graph that communicates data from a statistical question.,"What question can the displayed data answer, and what information is missing?","Ask a class question about travel to school. State whom you will survey, choose a suitable graph and explain one limitation.",https://mathantics.com/lesson/data-and-graphs,"Year 6 source and concept screening, 2026-09-08. Source identity carried from verified Year 5 source record; selected for the stated component only. No full audiovisual review claimed. Official creator lesson page and its Watch on YouTube anchor checked; concept identified from lesson title and description. No full playback review. Creator places most material in Years 3–8. Partial support: data displays. Does not replace the lesson’s nominal/ordinal distinctions or spreadsheet procedures."
AC9M6P01,https://www.youtube.com/watch?v=KzfWUEJjG18,Basic Probability,Math Antics,6,6,Represent likelihood as a fraction and connect it to a probability scale.,Why must a probability fall between impossible and certain?,"A bag holds 3 red and 7 blue counters. Express the probability of red as a fraction, decimal and percentage, then place it on a 0-to-1 scale.",https://mathantics.com/lesson/basic-probability,"Year 6 source and concept screening, 2026-09-08. Source identity carried from verified Year 5 source record; selected for the stated component only. No full audiovisual review claimed. Official creator lesson page and its Watch on YouTube anchor checked; concept identified from lesson title and description. No full playback review. Creator places most material in Years 3–8. Use the whole outcome list and equally-likely condition; numerical probability is supplementary to the Year 5 task."
AC9M6P02,https://www.youtube.com/watch?v=YP6y9KstyMM,What Is Experimental Probability?,Math with Mr. J,6,6,Compare experimental results with theoretical probability over repeated trials.,Why can a short experiment give a different result from the expected probability?,Compare the proportion of heads after 20 and 100 coin tosses. Explain why more trials can reduce variation without guaranteeing exactly half heads.,https://www.youtube.com/watch?v=YP6y9KstyMM,"Year 6 source and concept screening, 2026-09-08. Source identity carried from verified Year 5 source record; selected for the stated component only. No full audiovisual review claimed. Official creator YouTube result explains likelihood based on experimental results; creator probability playlist also confirms title. No full playback review. Fraction calculations are optional support; focus on observed frequencies."
AC9S6U01,https://www.youtube.com/watch?v=p15IrEuhYmo,Home Sweet Habitat,Crash Course Kids,6,6,Connect the physical conditions of a habitat with the needs of living things.,Why can an animal suited to one habitat struggle in another?,Choose a local plant and predict how less water or more shade could affect its growth. Identify a condition you could measure.,https://www.youtube.com/watch?v=p15IrEuhYmo,"2026-09-08: Official creator/title and embedding metadata verified using YouTube public oEmbed; primary source concept screening. Supplement selected for the stated Year 6 component only; no full audiovisual review claimed. Creator’s upper-primary series, with habitat conditions as the supporting concept. No full ecological investigation is implied by one video."
AC9S6U02,https://www.youtube.com/watch?v=b25g4nZTHvM,Seasons and the Sun,Crash Course Kids,6,6,Use Earth’s tilt and its movement around the Sun to explain seasonal patterns.,Why does the angle of sunlight matter more than Earth’s distance from the Sun?,Sketch the tilted Earth in June and December. Explain why Australia’s seasons differ from those in the Northern Hemisphere.,https://www.youtube.com/watch?v=b25g4nZTHvM,2026-09-08: Official creator/title and embedding metadata verified using YouTube public oEmbed; primary source concept screening. Supplement selected for the stated Year 6 component only; no full audiovisual review claimed. Northern Hemisphere examples are explicitly transferred to Australia in the follow-up. Rotation and planetary movement remain in the written lesson.
AC9S6U03,https://www.youtube.com/watch?v=HOFp8bHTN30,The Power of Circuits!,SciShow Kids,6,6,Review the complete conducting path needed for a simple electrical circuit.,What changes when a switch opens a circuit?,"Draw a battery, wires, a switch and a lamp in a complete circuit. Label where electrical energy is transferred and where it becomes light and heat.",https://www.youtube.com/watch?v=HOFp8bHTN30,"2026-09-08: Official creator/title and embedding metadata verified using YouTube public oEmbed; primary source concept screening. Supplement selected for the stated Year 6 component only; no full audiovisual review claimed. A short accessible concept refresher; the written Year 6 lesson develops conductors, insulators and energy transformation further. Use classroom low-voltage equipment only."
AC9S6U04,https://www.youtube.com/watch?v=37pir0ej_SE,Chemical Changes,Crash Course Kids,6,6,"Recognise when a change forms new substances, using familiar chemical changes.",What evidence suggests that a new substance has formed?,Compare melting ice with cooking an egg. Explain which change can readily be reversed and which forms new substances.,https://www.youtube.com/watch?v=37pir0ej_SE,2026-09-08: Official creator/title and embedding metadata verified using YouTube public oEmbed; primary source concept screening. Supplement selected for the stated Year 6 component only; no full audiovisual review claimed. Focus is the Year 6 reversible/irreversible comparison; chemical changes are not presented as identical to every irreversible physical change.
AC9S6H01,https://www.youtube.com/watch?v=j4PKcZYCFc4,How Do Scientists Work Together?,California Academy of Sciences,6,6,See how scientists combine expertise and build knowledge together.,What can a team contribute that one scientist working alone may miss?,Describe two different roles in a habitat investigation and explain how sharing methods could strengthen the conclusion.,https://www.calacademy.org/educators/how-do-scientists-work-together,"Year 6 source and concept screening, 2026-09-08. Source identity carried from verified Year 5 source record; selected for the stated component only. No full audiovisual review claimed. Official educator page checked: four-minute film, Grades 4–12, plant researchers with different expertise working together. Matching official YouTube title and creator verified. No full playback review."
AC9S6H02,https://www.youtube.com/watch?v=5ZyjhYSf_ew,Desalination: From Sea to Sink,California Academy of Sciences,6,6,Examine how scientific knowledge helps communities weigh solutions to a water-supply problem.,What benefit and what limitation should a community consider before choosing desalination?,"Write a recommendation for a coastal town with limited drinking water. Give one science-based benefit, one drawback and one question requiring more evidence.",https://www.calacademy.org/educators/desalination,2026-09-08: Official creator/title and embedding metadata verified using YouTube public oEmbed; primary source concept screening. Supplement selected for the stated Year 6 component only; no full audiovisual review claimed. Creator page specifies grades 6–10 and a two-minute video; source embed ID verified.
AC9S6I01,https://www.youtube.com/watch?v=Xxm_beTs2LU,The Scientific Method: Steps and Examples,Science Buddies,6,6,Connect an observation to a testable question and a reasoned prediction.,Which observation leads to a question that can be tested with measurements?,Ask how changing one feature of a paper helicopter could affect its fall time. Make a prediction and explain the reason for it.,https://www.sciencebuddies.org/science-fair-projects/science-fair/steps-of-the-scientific-method,"2026-09-08: Primary creator identity and learning-focus screening. Supplement selected for the stated Year 6 component; no full audiovisual review claimed. Creator page directly links this video and describes questions, research, hypotheses, testing and communication. Longer overview (about ten minutes); the method is a useful framework, not a rule that all investigations follow one fixed sequence. YouTube oEmbed also confirmed Science Buddies as creator and returned the official embedding HTML."
AC9S6I02,https://www.youtube.com/watch?v=BXFU86GNmrg,Bowled Over: Isolating Variables,Crash Course Kids,6,6,"Identify the changed, measured and controlled variables in a fair test.","Which variable is deliberately changed, and what must stay consistent?","Plan a teacher-approved test of paper helicopter wing length. State the three types of variable, repeats and one safety precaution.",https://www.youtube.com/watch?v=BXFU86GNmrg,"Year 6 source and concept screening, 2026-09-08. Source identity carried from verified Year 5 source record; selected for the stated component only. No full audiovisual review claimed. Official creator description checked: isolating variables through bowling; 3–5 engineering standards. No full playback review. Does not cover all safety, permissions or Country/Place requirements."
AC9S6I03,https://www.youtube.com/watch?v=7omxmCDpW7U,Measurement Mystery,Crash Course Kids,6,6,Choose suitable units and tools when measuring evidence.,Why does using the same measuring method make results easier to compare?,"For a plant-growth study, specify how you would measure height in millimetres from the same starting point each time and record the date.",https://www.youtube.com/watch?v=7omxmCDpW7U,"Year 6 source and concept screening, 2026-09-08. Source identity carried from verified Year 5 source record; selected for the stated component only. No full audiovisual review claimed. Official YouTube title and description checked; lesson addresses observations/measurements for material properties. No full playback review. Tool precision is extended through the code-specific task."
AC9S6I04,https://www.youtube.com/watch?v=1SN1BOpLZAs,Following the Sun,Crash Course Kids,6,6,See how observations of the Sun can be represented to reveal a daily pattern.,How does a visual record make a change over time easier to notice?,"Make a table of supplied shadow lengths at four times, choose a graph and describe the pattern. Use recorded data rather than looking directly at the Sun.",https://www.youtube.com/watch?v=1SN1BOpLZAs,2026-09-08: Primary creator identity and learning-focus screening. Supplement selected for the stated Year 6 component; no full audiovisual review claimed. Source identity carried from verified Year 5 source record. The example supplies a scientific representation; other table and graph choices are taught in the written lesson.
AC9S6I05,https://www.youtube.com/watch?v=3X9lnUAjlGM,Try Trials,Crash Course Kids,6,6,Use repeated trials to check findings and notice inconsistent results.,What might a result that differs strongly from the others tell you?,Two groups record different drop times for the same paper helicopter. Suggest a possible measurement error and a fair repeat to investigate it.,https://www.youtube.com/watch?v=3X9lnUAjlGM,"Year 6 source and concept screening, 2026-09-08. Source identity carried from verified Year 5 source record; selected for the stated component only. No full audiovisual review claimed. Official creator title/description checked: trials to identify problems with solutions, fair-test engineering standard. No full playback review. Supports repeatability and evaluation; formal error treatment remains age-limited."
AC9S6I06,https://www.youtube.com/watch?v=Xxm_beTs2LU,The Scientific Method: Steps and Examples,Science Buddies,6,6,Place reporting and sharing findings within a scientific investigation.,"What should someone else know about the question, method and evidence to understand a conclusion?","Turn the results of a class investigation into a short report for younger students. Include the question, method, a labelled data display, conclusion and one limitation.",https://www.sciencebuddies.org/science-fair-projects/science-fair/steps-of-the-scientific-method,2026-09-08: Primary creator identity and learning-focus screening. Supplement selected for the stated Year 6 component; no full audiovisual review claimed. Creator page directly links this video and includes communication in reports and presentations. Longer overview (about ten minutes); the code-specific task focuses on audience and communication. YouTube oEmbed also confirmed Science Buddies as creator and returned the official embedding HTML.
AC9E6LA01,https://www.youtube.com/watch?v=dzSbmCxUyuo,The Scale of Formality,Khan Academy,6,6,"Choose language suited to the relationship, audience and level of formality.",Which word choices make a message sound more formal?,Write a request for help to a close friend and to a visiting scientist. Explain two changes in language.,https://www.khanacademy.org/humanities/grammar/usage-and-style/style/v/scale-of-formality,"Year 6 source and concept screening, 2026-09-08. Source identity carried from verified Year 5 source record; selected for the stated component only. No full audiovisual review claimed. Official Khan lesson and matching creator YouTube listing checked; indexed transcript contrasts formal and informal word choices. No full playback review. Standard American English examples; follow Australian usage in the task."
AC9E6LA02,https://www.youtube.com/watch?v=R_bgo8j6jxc,Analysing an Author’s Purpose,Khan Academy,6,6,Consider how an author’s purpose and opinions can shape an apparently informative text.,Which language choices reveal a judgement rather than a checkable fact?,Write two descriptions of the same school lunch: one objective and one subjective. Identify how your vocabulary changes the reader’s impression.,https://www.youtube.com/watch?v=R_bgo8j6jxc,2026-09-08: Primary creator identity and learning-focus screening. Supplement selected for the stated Year 6 component; no full audiovisual review claimed. Official creator/title/embed metadata confirmed by YouTube oEmbed. Primary Khan description links purpose with biased or misleading presentation; the follow-up distinguishes objective and subjective language.
AC9E6LA03,https://www.youtube.com/watch?v=QVmqK6V2eag,Comparing Text Structures,Khan Academy,6,6,Compare how text structures organise ideas for different purposes.,How does the order of information guide the reader?,Compare a historical recount and an explanation of the same event. Label their stages and explain one purposeful difference.,https://www.khanacademy.org/ela/5th-grade-reading-and-vocab/xb350e60168d6e96f%3Acraft-and-structure-5/xb350e60168d6e96f%3Acomparing-text-structures-5/v/g5-comparing-text-structures,"Year 6 source and concept screening, 2026-09-08. Source identity carried from verified Year 5 source record; selected for the stated component only. No full audiovisual review claimed. Official Year 5 Khan lesson description and matching YouTube listing checked. No full playback review. Informational-text structure support; spoken/multimodal staging still belongs to the written lesson."
AC9E6LA04,https://www.youtube.com/watch?v=PDI2xlOBcM4,Synonyms and Antonyms,Smile and Learn - English,6,6,Review relationships between words with similar or opposite meanings before using those relationships to connect ideas in a text.,"When do two words have closely related meanings, and when do they set up a contrast?","Write three connected sentences about a storm. Repeat one key word deliberately, use one related word and explain how both keep the topic connected.",https://www.youtube.com/watch?v=PDI2xlOBcM4,2026-09-08: Primary creator identity and learning-focus screening. Supplement selected for the stated Year 6 component; no full audiovisual review claimed. Official creator/title/embed metadata confirmed by YouTube oEmbed. The 7:42 compilation is a word-relationship refresher; it does not directly teach the full Year 6 cohesion outcome. The written lesson supplies cohesion through repetition and lexical links.
AC9E6LA05,https://www.youtube.com/watch?v=fm7QEiEk83o,Relative Clauses,Khan Academy,6,6,See how a relative clause adds information about a noun within a complex sentence.,Which noun does the relative clause describe?,Expand “The tree shaded the path” with “that we planted last year”. Identify the embedded clause and explain what it adds.,https://www.youtube.com/watch?v=fm7QEiEk83o,2026-09-08: Official creator/title and embedding metadata verified using YouTube public oEmbed; primary source concept screening. Supplement selected for the stated Year 6 component only; no full audiovisual review claimed. 
AC9E6LA06,https://www.youtube.com/watch?v=858npSa0rgc,Perfect Aspect,Khan Academy,6,6,Explore how an expanded verb group shows that an action was completed before another time.,How does adding “has” or “had” change the time relationship expressed by a verb?,"Compare “Mia finished the model”, “Mia has finished the model” and “Mia had finished the model before lunch”. Explain the different time meanings.",https://www.khanacademy.org/humanities/grammar/parts-of-speech-the-verb/verb-aspect-simple-progressive-and-perfect/v/perfect-aspect,2026-09-08: Official creator/title and embedding metadata verified using YouTube public oEmbed; primary source concept screening. Supplement selected for the stated Year 6 component only; no full audiovisual review claimed. One component of elaborated tense; careful verb choice and adverb groups remain in the written lesson.
AC9E6LA07,https://www.youtube.com/watch?v=Zx2A9WAswCo,Interpreting Text Features,Khan Academy,6,6,"Explain what maps, charts, images and other visual features add to a text.",What information can you obtain from the visual feature that the sentences do not state directly?,Choose a diagram or graph in an information text. Explain its contribution and identify a detail that would be harder to understand without it.,https://www.youtube.com/watch?v=Zx2A9WAswCo,2026-09-08: Official creator/title and embedding metadata verified using YouTube public oEmbed; primary source concept screening. Supplement selected for the stated Year 6 component only; no full audiovisual review claimed. Straightforward visual-literacy strategy used across middle-school grades; Year 6 application focuses on interpreting familiar displays.
AC9E6LA08,https://www.youtube.com/watch?v=lzKj-bLvrYQ,Figurative Language,Khan Academy,6,6,Recognise figurative language and explain how it makes an image or feeling vivid.,What does the figurative phrase suggest beyond its literal meaning?,Describe a storm using a simile and personification. Explain the different effects on a reader.,https://www.khanacademy.org/ela/cc-3rd-reading-vocab/xaf0c1b5d7010608e%3Acc-3rd-pets/xaf0c1b5d7010608e%3Aapplying-knowledge/v/figurative-language-reading,"Year 6 source and concept screening, 2026-09-08. Source identity carried from verified Year 5 source record; selected for the stated component only. No full audiovisual review claimed. Official Khan lesson and matching creator upload checked: simile, metaphor and personification. No full playback review. Sound devices remain in the written lesson."
AC9E6LA09,https://www.youtube.com/watch?v=NvGBug8iORE,Commas and Introductory Elements,Khan Academy,6,6,Use a comma to separate an introductory dependent clause from the main clause.,How does the comma help a reader see where the introductory information ends?,Write a sentence beginning “Although the rain had stopped”. Add the main clause and explain the comma. Check list and dialogue commas in the written lesson.,https://www.youtube.com/watch?v=NvGBug8iORE,2026-09-08: Official creator/title and embedding metadata verified using YouTube public oEmbed; primary source concept screening. Supplement selected for the stated Year 6 component only; no full audiovisual review claimed. 
AC9E6LE01,https://www.youtube.com/watch?v=GO97JDR3C7Q,Citing Evidence in Literary Texts,Khan Academy,6,6,Support a response to a literary character or event with precise textual evidence; use this method with the texts studied in class.,How does quoting or describing a detail make an interpretation stronger?,Choose a character from a text you have read. Explain your response to a decision they make using evidence and one relevant historical or cultural context.,https://www.youtube.com/watch?v=GO97JDR3C7Q,"Year 6 source and concept screening, 2026-09-08. Source identity carried from verified Year 5 source record; selected for the stated component only. No full audiovisual review claimed. Official Khan Academy YouTube title checked; elementary literary-evidence lesson. No full playback review. Literary-device terminology and responding to another viewpoint remain in the written lesson."
AC9E6LE02,https://www.youtube.com/watch?v=lBqmhZz1C-U,Comparing Stories in the Same Genre,Khan Academy,6,6,Compare how stories with shared genre features develop their ideas.,"What similarities come from the genre, and what choices make the stories different?","Choose two stories with a similar theme. Compare their narrators, plots and language, using one example from each.",https://www.youtube.com/watch?v=lBqmhZz1C-U,"2026-09-08: Primary creator identity and learning-focus screening. Supplement selected for the stated Year 6 component; no full audiovisual review claimed. Official creator/title/embed metadata confirmed by YouTube oEmbed. The selected Khan upper-primary reading video is a comparison method, not a replacement for culturally diverse class texts."
AC9E6LE03,https://www.youtube.com/watch?v=l3yWmXbC36s,Analysing Tone Through Word Choice,Khan Academy,6,6,Analyse word choice and tone as features of an author’s individual style.,Which words reveal the author’s attitude towards the subject?,Compare two passages by the same author. Identify a repeated pattern in word choice or tone and explain how it helps you recognise that author’s style.,https://www.khanacademy.org/ela/8th-grade-reading-and-vocabulary/x435b1de09a877dd7%3Athe-world-beneath-8/x435b1de09a877dd7%3Ainterpreting-words-in-context-8/v/analyzing-tone-through-word-choice-reading,"2026-09-08: YouTube oEmbed confirms original Khan Academy author, exact video title and embed. Primary Khan description reviewed: tone communicates an author’s attitude through word choice. Five-minute strategy supplement applicable to Year 6 style analysis; other style features remain in the written lesson. No full audiovisual review claimed."
AC9E6LE04,https://www.youtube.com/watch?v=lzKj-bLvrYQ,Figurative Language,Khan Academy,6,6,Explore how figurative imagery shapes a reader’s response; sound devices are developed in the written lesson.,Which words invite you to picture or feel something?,"Choose two lines from a class poem. Explain one image and one sound pattern, and how each contributes to the mood.",https://www.khanacademy.org/ela/cc-3rd-reading-vocab/xaf0c1b5d7010608e%3Acc-3rd-pets/xaf0c1b5d7010608e%3Aapplying-knowledge/v/figurative-language-reading,"Year 6 source and concept screening, 2026-09-08. Source identity carried from verified Year 5 source record; selected for the stated component only. No full audiovisual review claimed. Official Khan lesson and matching creator upload checked: simile, metaphor and personification. No full playback review. Sound devices remain in the written lesson."
AC9E6LE05,https://www.youtube.com/watch?v=bKrCKg9ggVI,Pixar in a Box: Story Structure,Khan Academy Labs / Pixar,6,6,Consider how a story’s structure guides an audience before planning an adaptation.,How does changing the order of events change the way a story works?,"Adapt a story you know by changing a character’s decision. Plan how that choice changes the middle and ending, then draft and edit one scene.",https://www.khanacademy.org/partner-content/pixar/storytelling/story-structure/v/piab-storystructure,"2026-09-08: YouTube oEmbed confirms original Khan Academy Labs creator, Story Structure title and embed. Official YouTube description links the Pixar in a Box storytelling lesson. Supplement to narrative planning, with an original adaptation task; it does not replace the full code lesson. No full audiovisual review claimed."
AC9E6LY01,https://www.youtube.com/watch?v=R_bgo8j6jxc,Analysing an Author’s Purpose,Khan Academy,6,6,Examine how a writer’s purpose shapes the representation of ideas and events.,"What does the author seem to want the audience to think, feel or do?",Compare two advertisements for a similar product from different decades. Explain how one language or visual choice reflects each audience and context.,https://www.youtube.com/watch?v=R_bgo8j6jxc,2026-09-08: Primary creator identity and learning-focus screening. Supplement selected for the stated Year 6 component; no full audiovisual review claimed. Official creator/title/embed metadata confirmed by YouTube oEmbed. Purpose is one part of contextual analysis; the follow-up explicitly applies it to media from different times.
AC9E6LY02,https://www.youtube.com/watch?v=xqKeBdVyJgU,Using Examples to Make a Point,Khan Academy,6,6,Support a spoken point with relevant examples and evidence.,How does an example help a listener evaluate a claim?,"Discuss a school improvement with a partner. Paraphrase their point, ask one clarifying question and support your own view with an example.",https://www.khanacademy.org/ela/4th-grade-reading-and-vocab/xe0e52cf20ce2546d%3Aintegration-of-knowledge-and-ideas-4/xe0e52cf20ce2546d%3Aanalyzing-reasons-and-evidence-4/v/g5-using-examples-to-make-a-point,"Year 6 source and concept screening, 2026-09-08. Source identity carried from verified Year 5 source record; selected for the stated component only. No full audiovisual review claimed. Official Khan page and matching upload checked. No full playback review. Partial support: justifying a point; paraphrasing/questioning are practised through the written lesson and task."
AC9E6LY03,https://www.youtube.com/watch?v=QVmqK6V2eag,Comparing Text Structures,Khan Academy,6,6,Compare text structures and consider how they guide an audience.,Which structural choices help the reader follow the purpose?,Compare two short texts on the same topic. Explain how one structural feature and one language choice help each reach its audience.,https://www.khanacademy.org/ela/5th-grade-reading-and-vocab/xb350e60168d6e96f%3Acraft-and-structure-5/xb350e60168d6e96f%3Acomparing-text-structures-5/v/g5-comparing-text-structures,"Year 6 source and concept screening, 2026-09-08. Source identity carried from verified Year 5 source record; selected for the stated component only. No full audiovisual review claimed. Official Grade 5 Khan description and matching upload checked. No full playback review. Covers informational structures; imaginative and persuasive features remain in the written guide."
AC9E6LY04,https://www.youtube.com/watch?v=v6EDEr_20sc,Using Text Features to Locate Information,Khan Academy,6,6,Use headings and other text features to locate information efficiently; this is a strategy refresher.,Which feature would you use first to answer a particular question?,"Find an answer in an age-appropriate information text using its contents, headings or glossary. Explain your route and whether the source suits your task.",https://www.khanacademy.org/ela/cc-2nd-reading-vocab/xfb4fc0bf01437792%3Acc-2nd-the-moon/xfb4fc0bf01437792%3Areading-for-understanding-informational-text/v/using-text-features-to-locate-information-reading,"Year 6 source and concept screening, 2026-09-08. Source identity carried from verified Year 5 source record; selected for the stated component only. No full audiovisual review claimed. Official Khan page and matching creator upload checked. No full playback review. Earlier-grade navigation prerequisite; Year 5 reading purpose and monitoring remain in the written lesson."
AC9E6LY05,https://www.youtube.com/watch?v=Fu2gUTrd4Ow,How to Make Inferences,Khan Academy,6,6,Combine textual clues and relevant knowledge to make an inference.,"Which part of the interpretation comes from a clue, and which part comes from what the reader already knows?","Make one inference from a text, cite two clues and compare it with information from another source.",https://www.khanacademy.org/ela/4th-grade-reading-and-vocab/xe0e52cf20ce2546d%3Akey-ideas-and-details-4/xe0e52cf20ce2546d%3Amaking-inferences-4/v/g5-info-inferences,"Year 6 source and concept screening, 2026-09-08. Source identity carried from verified Year 5 source record; selected for the stated component only. No full audiovisual review claimed. Official Khan lesson and corresponding upload checked; uses an Australian wombat example to model inference. No full playback review. One strategy within the code’s wider comprehension toolkit."
AC9E6LY06,https://www.youtube.com/watch?v=CsrM_RpqXek,Complex Sentences,Khan Academy,6,6,Use complex sentences to connect and develop ideas when drafting and editing.,What relationship does the dependent clause make clear?,"Revise a paragraph from your own information or persuasive text. Add one useful complex sentence, check punctuation and explain how the change suits your audience.",https://www.khanacademy.org/humanities/grammar/syntax-sentences-and-clauses/types-of-sentences/v/complex-sentences-syntax-khan-academy,"2026-09-08: Primary creator identity and learning-focus screening. Supplement selected for the stated Year 6 component; no full audiovisual review claimed. Source identity carried from verified Year 5 source record. Supports sentence-level revision; the written lesson supplies the complete planning, paragraphing, spelling and publishing process."
AC9E6LY07,https://www.youtube.com/watch?v=xqKeBdVyJgU,Using Examples to Make a Point,Khan Academy,6,6,Develop a presentation’s main idea with clear reasons and relevant examples.,Which example makes the main point clearer for a listener?,"Plan and rehearse a one-minute talk on a school issue. Include a claim, supporting example and one visual; vary your pace to emphasise the main idea.",https://www.khanacademy.org/ela/4th-grade-reading-and-vocab/xe0e52cf20ce2546d%3Aintegration-of-knowledge-and-ideas-4/xe0e52cf20ce2546d%3Aanalyzing-reasons-and-evidence-4/v/g5-using-examples-to-make-a-point,"2026-09-08: Primary creator identity and learning-focus screening. Supplement selected for the stated Year 6 component; no full audiovisual review claimed. Source identity carried from verified Year 5 source record. Supports content and evidence in a talk; voice, rehearsal and multimodal delivery are developed in the written lesson."
AC9E6LY08,https://www.youtube.com/watch?v=q1-h63fewUc,"Sticky i: Ci, Si and Ti Sounds",Nessy,6,6,"Investigate letter combinations in which ci, si or ti can represent a sh sound.",What happens to the sound when these letters appear in some longer words?,"Read musician, expansion and information. Mark the letters representing the sh sound, then find and check one more example in a dictionary.",https://www.youtube.com/watch?v=q1-h63fewUc,2026-09-08: Primary creator identity and learning-focus screening. Supplement selected for the stated Year 6 component; no full audiovisual review claimed. Official creator/title/embed metadata confirmed by YouTube oEmbed. A short animated decoding strategy for an uncommon sound-spelling pattern; these patterns are not claimed to work in every word.
AC9E6LY09,https://www.youtube.com/watch?v=NcrsPIv6NdI,Using Word Parts to Determine Meaning,Khan Academy,6,6,Use meaningful word parts to understand and remember unfamiliar vocabulary.,How do a base or root and an affix work together to carry meaning?,Break biodegradable and submarine into useful word parts. Check their origins in a dictionary and explain how the parts support spelling.,https://www.khanacademy.org/ela/4th-grade-reading-and-vocab/xe0e52cf20ce2546d%3Acraft-and-structure-4/xe0e52cf20ce2546d%3Adetermining-word-meanings-4/v/g5-using-word-parts-to-determine-meaning,"Year 6 source and concept screening, 2026-09-08. Source identity carried from verified Year 5 source record; selected for the stated component only. No full audiovisual review claimed. Official Khan page and Grade 5 upload checked: meaningful word parts. No full playback review. Spelling changes and exceptions still require the written lesson."
AC9M7N04,https://www.youtube.com/watch?v=KNdUJQ_qd4U,Comparing Fractions,Math Antics,7,7,Compare equivalent fractions and order their values; use the written lesson to extend to signed rational numbers.,How does making equal-sized fractional parts help you compare values?,"Place 1/2, 3/4 and 2/3 on a number line and justify the order.",https://mathantics.com/lesson/comparing-fractions,Primary-source identity carried from the verified Year 4/5 source record; independently mapped as a Year 7 supporting component or prerequisite refresher. Official creator lesson page and its Watch on YouTube anchor checked; concept identified from lesson title and description. No full playback review. Creator places most material in Years 3–8. Use the lesson to keep core practice to same or related denominators; mixed numerals and number-line construction remain in the written guide. Public YouTube oEmbed confirmed original creator and exact video title on 2026-09-08; this does not establish audiovisual review or regional playback. No full audiovisual review claimed for this Year 7 selection.
AC9M7N06,https://www.youtube.com/watch?v=5juto2ze8Lg,Adding and Subtracting Fractions,Math Antics,7,7,Review addition and subtraction with fractions as part of the four-operation outcome.,Why must denominators agree before numerators are added?,"Work out 3/4 + 2/3, then check whether your answer is reasonable.",https://mathantics.com/lesson/adding-and-subtracting-fractions,Primary-source identity carried from the verified Year 4/5 source record; independently mapped as a Year 7 supporting component or prerequisite refresher. Official creator lesson page and its Watch on YouTube anchor checked; concept identified from lesson title and description. No full playback review. Creator places most material in Years 3–8. The video includes broader fraction arithmetic; Year 5 tasks here stay with same or related denominators. Public YouTube oEmbed confirmed original creator and exact video title on 2026-09-08; this does not establish audiovisual review or regional playback. No full audiovisual review claimed for this Year 7 selection.
AC9M7N09,https://www.youtube.com/watch?v=JeVSmq1Nrpw,What Are Percentages?,Math Antics,7,7,Connect a percentage with an amount out of one hundred before modelling a financial situation.,"How are a percentage, a decimal and a fraction related?","A $60 item is reduced by 25%. Model the saving and final price, and explain your method.",https://mathantics.com/lesson/what-are-percentages,Primary-source identity carried from the verified Year 4/5 source record; independently mapped as a Year 7 supporting component or prerequisite refresher. Official creator lesson page and its Watch on YouTube anchor checked; concept identified from lesson title and description. No full playback review. Creator places most material in Years 3–8.  Public YouTube oEmbed confirmed original creator and exact video title on 2026-09-08; this does not establish audiovisual review or regional playback. No full audiovisual review claimed for this Year 7 selection.
AC9M7M01,https://www.youtube.com/watch?v=xCdxURXMdFY,Area,Math Antics,7,7,Review how area is measured and calculated; then use the topic lesson for triangle and parallelogram formulas.,How does counting square units lead to an area calculation?,Rearrange a drawn parallelogram into a rectangle and explain why the perpendicular height matters.,https://mathantics.com/lesson/area,Primary-source identity carried from the verified Year 4/5 source record; independently mapped as a Year 7 supporting component or prerequisite refresher. Root independently confirmed the original creator lesson’s YouTube anchor; repost stMOfhze9c8 excluded. Keep core work to rectangles/composite rectangular shapes; later formula examples are optional preview. Public YouTube oEmbed confirmed original creator and exact video title on 2026-09-08. No full playback review or regional embed test. No full audiovisual review claimed for this Year 7 selection.
AC9M7P01,https://www.youtube.com/watch?v=KzfWUEJjG18,Basic Probability,Math Antics,7,7,Represent chance as favourable outcomes out of equally likely outcomes.,Why do you need to identify all possible outcomes before finding a probability?,List the sample space for a fair six-sided die and predict how many sixes might appear in 60 rolls.,https://mathantics.com/lesson/basic-probability,Primary-source identity carried from the verified Year 4/5 source record; independently mapped as a Year 7 supporting component or prerequisite refresher. Official creator lesson page and its Watch on YouTube anchor checked; concept identified from lesson title and description. No full playback review. Creator places most material in Years 3–8. Use the whole outcome list and equally-likely condition; numerical probability is supplementary to the Year 5 task. Public YouTube oEmbed confirmed original creator and exact video title on 2026-09-08; this does not establish audiovisual review or regional playback. No full audiovisual review claimed for this Year 7 selection.
AC9M7P02,https://www.youtube.com/watch?v=YP6y9KstyMM,What Is Experimental Probability?,Math with Mr. J,7,7,Compare experimental results with theoretical probability; the topic activity adds larger digital simulations.,Why might an experiment disagree with its predicted probability?,"Record 20 coin tosses, compare the relative frequency of heads with 1/2, and propose a larger simulation.",https://www.youtube.com/watch?v=YP6y9KstyMM,Primary-source identity carried from the verified Year 4/5 source record; independently mapped as a Year 7 supporting component or prerequisite refresher. Official creator YouTube result explains likelihood based on experimental results; creator probability playlist also confirms title. No full playback review. Fraction calculations are optional support; focus on observed frequencies. Public YouTube oEmbed confirmed original creator and exact video title on 2026-09-08; this does not establish audiovisual review or regional playback. No full audiovisual review claimed for this Year 7 selection.
AC9E7LA03;AC9E7LY04,https://www.youtube.com/watch?v=QVmqK6V2eag,Comparing Text Structures,Khan Academy,7,7,"Compare organisational patterns such as sequence, cause and effect, and comparison.",What clues show how an author has organised information?,Outline the same school issue once as cause and effect and once as a comparison.,https://www.khanacademy.org/ela/5th-grade-reading-and-vocab/xb350e60168d6e96f%3Acraft-and-structure-5/xb350e60168d6e96f%3Acomparing-text-structures-5/v/g5-comparing-text-structures,Primary-source identity carried from the verified Year 4/5 source record; independently mapped as a Year 7 supporting component or prerequisite refresher. Official Year 5 Khan lesson description and matching YouTube listing checked. No full playback review. Informational-text structure support; spoken/multimodal staging still belongs to the written lesson. Public YouTube oEmbed confirmed original creator and exact video title on 2026-09-08; this does not establish audiovisual review or regional playback. No full audiovisual review claimed for this Year 7 selection.
AC9E7LA08;AC9E7LY08,https://www.youtube.com/watch?v=NcrsPIv6NdI,Using Word Parts to Determine Meaning,Khan Academy,7,7,"Use prefixes, roots and suffixes to work out unfamiliar vocabulary and spelling.",Which word parts provide clues to meaning?,"Break biodiversity, transport and prediction into useful word parts, then check their subject-specific meanings.",https://www.khanacademy.org/ela/4th-grade-reading-and-vocab/xe0e52cf20ce2546d%3Acraft-and-structure-4/xe0e52cf20ce2546d%3Adetermining-word-meanings-4/v/g5-using-word-parts-to-determine-meaning,"Primary-source identity carried from the verified Year 4/5 source record; independently mapped as a Year 7 supporting component or prerequisite refresher. Official Khan page and Grade 5 YouTube title checked: prefixes, roots and suffixes. No full playback review. Supports vocabulary analysis, not a full history-of-English lesson. Public YouTube oEmbed confirmed original creator and exact video title on 2026-09-08; this does not establish audiovisual review or regional playback. No full audiovisual review claimed for this Year 7 selection."
AC9E7LA02,https://www.youtube.com/watch?v=GO97JDR3C7Q,Citing Evidence in Literary Texts,Khan Academy,7,7,Support an evaluation with relevant evidence from a text; use the written lesson for visual and multimodal examples.,What makes a quotation useful evidence rather than a decorative extra?,"Write a judgement about a text you are reading, add brief evidence and explain how it supports your judgement.",https://www.youtube.com/watch?v=GO97JDR3C7Q,Primary-source identity carried from the verified Year 4/5 source record; independently mapped as a Year 7 supporting component or prerequisite refresher. Official Khan Academy YouTube title checked; elementary literary-evidence lesson. No full playback review. Literary-device terminology and responding to another viewpoint remain in the written lesson. Public YouTube oEmbed confirmed original creator and exact video title on 2026-09-08; this does not establish audiovisual review or regional playback. No full audiovisual review claimed for this Year 7 selection.
AC9E7LE02,https://www.youtube.com/watch?v=GO97JDR3C7Q,Citing Evidence in Literary Texts,Khan Academy,7,7,Justify a response to a character or event using evidence.,How does the evidence connect to the reader’s interpretation?,Compare your view of a character with a classmate’s and identify the evidence behind each view.,https://www.youtube.com/watch?v=GO97JDR3C7Q,Primary-source identity carried from the verified Year 4/5 source record; independently mapped as a Year 7 supporting component or prerequisite refresher. Official Khan Academy YouTube title checked; elementary literary-evidence lesson. No full playback review. Literary-device terminology and responding to another viewpoint remain in the written lesson. Public YouTube oEmbed confirmed original creator and exact video title on 2026-09-08; this does not establish audiovisual review or regional playback. No full audiovisual review claimed for this Year 7 selection.
AC9E7LY05,https://www.youtube.com/watch?v=Fu2gUTrd4Ow,How to Make Inferences,Khan Academy,7,7,Combine textual clues and prior knowledge to make a justified inference.,"Which clues support the inference, and what remains uncertain?","Infer a character’s motive from a paragraph, name two clues and revise your inference if new evidence appears.",https://www.khanacademy.org/ela/4th-grade-reading-and-vocab/xe0e52cf20ce2546d%3Akey-ideas-and-details-4/xe0e52cf20ce2546d%3Amaking-inferences-4/v/g5-info-inferences,Primary-source identity carried from the verified Year 4/5 source record; independently mapped as a Year 7 supporting component or prerequisite refresher. Official Khan lesson and corresponding upload checked; uses an Australian wombat example to model inference. No full playback review. One strategy within the code’s wider comprehension toolkit. Public YouTube oEmbed confirmed original creator and exact video title on 2026-09-08; this does not establish audiovisual review or regional playback. No full audiovisual review claimed for this Year 7 selection.
AC9M7N01,https://www.youtube.com/watch?v=mbc3_e5lWw0,Introduction to Square Roots,Khan Academy,7,7,Connect a perfect square with the number whose square gives that value.,How does finding a square root reverse squaring a number?,Draw a square containing 49 equal tiles and explain how its side length relates to the square root of 49.,https://www.khanacademy.org/math/algebra/x2f8bb11595b61c86%3Arational-exponents-radicals/x2f8bb11595b61c86%3Aradicals/v/introduction-to-square-roots,Official lesson description explains the principal root and simple square-root equations; original Khan Academy upload confirmed with YouTube oEmbed. US Grade 8 label is independently mapped to this Australian Year 7 outcome. Source/metadata review; no full audiovisual review claimed.
AC9M7N02,https://www.youtube.com/watch?v=XGbOiYhHY2c,Prime Factorization,Math Antics,7,7,Break a natural number into prime factors before recording repeated factors with powers.,Why do factor trees end with prime numbers?,"Express 72 as a product of prime factors, then write repeated factors using exponent notation.",https://www.youtube.com/watch?v=XGbOiYhHY2c,Original Math Antics upload and title confirmed with YouTube oEmbed; official lesson search identifies prime factorisation. Australian task uses exponent notation. Source/metadata review; no full audiovisual review claimed.
AC9M7N03,https://www.youtube.com/watch?v=Xvsqv2oO2ac,Introduction to Powers of 10,Khan Academy,7,7,"Read powers of ten as repeated multiplication, then apply them in expanded place-value notation.",What does the exponent tell you in a power of ten?,"Write 50,304 as a sum involving powers of ten and explain why the missing place contributes zero.",https://www.khanacademy.org/math/cc-fifth-grade-math/powers-of-ten/imp-powers-of-10/v/introduction-to-powers-of-10,Official lesson description covers exponential and standard notation; original Khan Academy title and channel confirmed with oEmbed. Supports powers component rather than all expanded-notation examples. Source/metadata review; no full audiovisual review claimed.
AC9M7N05,https://www.youtube.com/watch?v=fd-E18EqSVk,Rounding,Math Antics,7,7,Review rounding to a chosen place and use it to assess a calculated answer.,Which digit decides whether the chosen place rounds up?,"Round 18.746 to one and two decimal places, then explain which precision would suit a length measurement.",https://mathantics.com/lesson/rounding,Official source and original Math Antics upload confirmed; general rounding lesson supports the precision and estimation outcome. Source/metadata review; no full audiovisual review claimed.
AC9M7N07,https://www.youtube.com/watch?v=_BgblvF90UE,Adding and Subtracting Integers,Math Antics,7,7,Add and subtract positive and negative integers.,How can subtracting a negative number change a value?,Show -3 + 7 and 4 - (-2) on a number line and explain each movement.,https://mathantics.com/lesson/integer-add-and-sub,"Official lesson title and original Math Antics uploader verified with oEmbed; matches Year 7 integer addition and subtraction, without selecting the later multiplication lesson. Source/metadata review; no full audiovisual review claimed."
AC9M7N08;AC9M7M06,https://www.youtube.com/watch?v=RQ2nYUBVvqI,Ratios and Rates,Math Antics,7,7,Represent a comparison between quantities using a ratio and apply it to a practical model.,Why does the order of the quantities in a ratio matter?,A drink uses cordial and water in the ratio 1:5. Model enough for 18 equal measures and explain the quantities you choose.,https://www.youtube.com/watch?v=RQ2nYUBVvqI,"Original Math Antics upload confirmed by source listing and YouTube oEmbed. Ratios are the selected component; rate examples provide context, not a separate required outcome. Source/metadata review; no full audiovisual review claimed."
AC9M7A01;AC9M7A02,https://www.youtube.com/watch?v=NybHckSEQBI,What Is Algebra?,Math Antics,7,7,Understand how letters represent quantities and how expressions describe calculations.,How is a variable different from a fixed number?,"Write C = 4n for the cost of n items at $4 each; identify the variable and constant, then calculate C when n = 6.",https://www.youtube.com/watch?v=NybHckSEQBI,"Original-channel metadata and official search description confirm variables, unknowns and equations. Introductory algebra supplies a concept foundation; the written lesson adds everyday formulas and expression construction. Source/metadata review; no full audiovisual review claimed."
AC9M7A03,https://www.youtube.com/watch?v=LDIiYKYvvdA,Solving Two-Step Equations,Math Antics,7,7,Undo operations to solve a linear equation and verify the result.,Why must the same operation be applied to both sides of an equation?,"Solve 3x + 4 = 19, substitute your answer back, and explain how the check confirms it.",https://www.youtube.com/watch?v=LDIiYKYvvdA,"Original Math Antics upload confirmed with oEmbed; indexed description specifies two operations, one additive and one multiplicative. Suitable for the Year 7 natural-number solutions used in the task. Source/metadata review; no full audiovisual review claimed."
AC9M7A04,https://www.youtube.com/watch?v=muZmOiiukQE,Interpreting Graphs of Proportional Relationships,Khan Academy,7,7,Interpret the relationship between two measured quantities from a graph.,What do the coordinates of a point mean in the situation being modelled?,"Sketch a graph for a tap delivering 2 litres each minute, label both axes and explain what (3, 6) represents.",https://www.khanacademy.org/math/7th-engage-ny/engage-7th-module-1/7th-module-1-topic-b/v/examples-interpreting-graphs-of-proportional-relationships,"Official lesson description explains relationships between distance and time; original Khan Academy upload confirmed with oEmbed. Covers proportional examples, not every type of authentic data relationship. Source/metadata review; no full audiovisual review claimed."
AC9M7M02,https://www.youtube.com/watch?v=ZqzAOZ9pP9Q,Find the Volume of a Triangular Prism and Cube,Khan Academy,7,7,Use the area of a prism’s cross-section and its length to find volume.,Why does multiplying the cross-sectional area by the prism length give cubic units?,"Find the volume of a triangular prism with triangle base 4 cm, perpendicular height 3 cm and length 8 cm.",https://www.khanacademy.org/math/geometry/hs-geo-solids/hs-geo-solids-intro/v/solid-geometry-volume,Official lesson description explicitly covers triangular-prism and cube volume; original Khan Academy upload verified with oEmbed. Australian Year 7 outcome is the basis for placement despite the source course label. Source/metadata review; no full audiovisual review claimed.
AC9M7M03,https://www.youtube.com/watch?v=cC0fZ_lkFpQ,Circles: What Is Pi?,Math Antics,7,7,Relate the diameter of a circle to its circumference using pi.,What stays approximately constant when you divide circumference by diameter?,"Measure the circumference and diameter of two circular objects, calculate both ratios and discuss measurement error.",https://www.youtube.com/watch?v=cC0fZ_lkFpQ,Original Math Antics title and uploader confirmed with oEmbed. Selected the introductory pi video rather than the broader circumference-and-area lesson. Source/metadata review; no full audiovisual review claimed.
AC9M7M04,https://www.youtube.com/watch?v=H-E5rlpCVu4,Angles Formed by Parallel Lines and Transversals,Khan Academy,7,7,Identify angle relationships when a transversal crosses parallel lines.,Which angle relationships depend on the two lines being parallel?,Draw two parallel lines and a transversal; mark a 65° angle and use named relationships to find the other angles.,https://www.youtube.com/watch?v=H-E5rlpCVu4,Original Khan Academy upload confirmed with oEmbed and primary search description. Use Australian co-interior terminology in the written lesson if the video uses same-side interior. Source/metadata review; no full audiovisual review claimed.
AC9M7M05,https://www.youtube.com/watch?v=mLeNaZcy-hE,Triangles,Math Antics,7,7,Review triangle angle properties before reasoning about unknown angles.,How does the total of the three interior angles help you find a missing angle?,"A triangle has angles of 47° and 68°. Find the third, then use a diagonal to explain a quadrilateral’s interior-angle sum.",https://www.youtube.com/watch?v=mLeNaZcy-hE,Original Math Antics title and uploader confirmed with oEmbed. Triangle properties support the outcome; the topic lesson provides the full angle-sum demonstration and polygon extension. Source/metadata review; no full audiovisual review claimed.
AC9M7SP02;AC9M7SP04,https://www.youtube.com/watch?v=yiREqzDsMP8,Quadrilaterals,Math Antics,7,7,Compare quadrilateral properties for classification. The video’s US term “trapezoid” corresponds to “trapezium” in Australian usage.,Can a shape belong to more than one category?,"Design a yes/no decision sequence using parallel sides, equal sides and right angles; test it with a square, rectangle and rhombus.",https://www.youtube.com/watch?v=yiREqzDsMP8,Original Math Antics title and uploader confirmed with oEmbed. Classification is a component of the algorithm outcome; the original follow-up task adds the algorithm. US trapezoid terminology must be translated to Australian trapezium where relevant. Source/metadata review; no full audiovisual review claimed.
AC9M7ST01;AC9M7ST03,https://www.youtube.com/watch?v=B1HEzNTGeZ4,"Mean, Median and Mode",Math Antics,7,7,Compare common measures of centre when summarising numerical data.,Which measure changes most when one unusually large value is added?,"For 4, 5, 5, 6 and 20, calculate the mean, median and mode; choose the most useful summary and explain your decision.",https://www.youtube.com/watch?v=B1HEzNTGeZ4,"Original Math Antics title and uploader confirmed with oEmbed. Measures of centre are one part of a full statistical investigation; sampling, continuous data and reporting remain in the written lesson. Source/metadata review; no full audiovisual review claimed."
AC9S7U01,https://www.youtube.com/watch?v=wpKulkADzBk,Dichotomous Keys: Identification Achievement Unlocked,Amoeba Sisters,7,7,Follow paired choices to identify organisms and organise observable features.,Why must the two choices at each step be clearly distinguishable?,"Construct a short dichotomous key for four leaves using observable features, then have someone test it.",https://www.youtube.com/watch?v=wpKulkADzBk,Original Amoeba Sisters upload and exact title confirmed with oEmbed; the primary video listing identifies dichotomous-key instruction. Secondary-school component; not a full taxonomy course. Source/metadata review; no full audiovisual review claimed.
AC9S7U02,https://www.youtube.com/watch?v=2lqhJNgn_Wg,Food Chains and Food Webs,FuseSchool,7,7,Connect feeding relationships and trace energy through an ecosystem.,What does each arrow in a food web represent?,Draw a local food web with at least five organisms and predict two effects of a decline in one population.,https://www.youtube.com/watch?v=2lqhJNgn_Wg,Official FuseSchool description defines food chains as feeding paths; original channel and title verified with oEmbed. Supports ecosystem relationships; the written lesson adds matter cycling and abiotic factors. Source/metadata review; no full audiovisual review claimed.
AC9S7U03,https://www.youtube.com/watch?v=hyf5JF_VxwM,What Is a Solar Eclipse?,NASA Space Place,7,7,"Model how the relative positions of the Sun, Moon and Earth produce a solar eclipse.",Why does the Moon sometimes block only part of the Sun from an observer’s view?,"Use a lamp and two balls to model the alignment, then draw the positions. Never use this activity to look directly at the Sun.",https://spaceplace.nasa.gov/eclipse-snap/,"NASA page embeds this exact original NASA Space Place upload and supplies the transcript, including eclipse viewing safety. oEmbed verified. Eclipse component only; seasons, lunar eclipses and tides remain in the topic lesson. Source/metadata review; no full audiovisual review claimed."
AC9S7U05,https://www.youtube.com/watch?v=21CR01rlmv4,"States of Matter: Solids, Liquids and Gases",FuseSchool,7,7,"Use particles to compare the arrangements and behaviour of solids, liquids and gases.",How can particle movement explain why a liquid flows but keeps nearly the same volume?,"Draw and annotate a particle model for each state, showing movement and spacing without changing the size of the particles.",https://www.youtube.com/watch?v=21CR01rlmv4,Official description identifies the three states and properties of matter; original FuseSchool upload verified with oEmbed. Introductory particle model selected for Year 7. Source/metadata review; no full audiovisual review claimed.
AC9S7U06,https://www.youtube.com/watch?v=XC1RxloV0Mo,"How to Separate Solutions, Mixtures and Emulsions",FuseSchool,7,7,Choose separation methods using differences in material properties.,Why will filtering not remove dissolved salt from water?,Plan how to recover sand and salt from a sand–salt–water mixture; explain the property used at each step.,https://www.youtube.com/watch?v=XC1RxloV0Mo,"Official description identifies mixture-separation techniques; original FuseSchool upload and title verified with oEmbed. Watch as an explanation, not an instruction to carry out unsupervised laboratory procedures. Source/metadata review; no full audiovisual review claimed."
AC9E7LA05,https://www.youtube.com/watch?v=Hnmm57B0JgQ,Compound-Complex Sentences,Khan Academy,7,7,Combine independent and dependent clauses to extend and explain an idea.,Which clauses could stand alone and which depend on another clause?,"Write a compound-complex sentence about a school activity, underline each clause and explain the conjunction choices.",https://www.youtube.com/watch?v=Hnmm57B0JgQ,Original Khan Academy upload verified with oEmbed; indexed explanation distinguishes multiple independent clauses and dependent clauses. Directly matches the Year 7 sentence boundary. Source/metadata review; no full audiovisual review claimed.
AC9E7LE03;AC9E7LE07,https://www.youtube.com/watch?v=flthk8SNiiE,Three Anti-Social Skills to Improve Your Writing,TED-Ed,7,7,Use dialogue to reveal character and make a narrative sound convincing.,What can a character’s way of speaking reveal without a narrator explaining it?,"Invent a short exchange between two fictional characters with different goals, then revise it to reveal those goals indirectly.",https://ed.ted.com/lessons/three-anti-social-skills-to-improve-your-writing-nadia-kalman,"Official TED-Ed lesson description identifies writing effective dialogue; original upload verified with oEmbed. The playful title refers to listening and rehearsing dialogue; the follow-up uses invented dialogue, not private conversations. Source/metadata review; no full audiovisual review claimed."
AC9E7LE04;AC9E7LE06,https://www.youtube.com/watch?v=JwhouCNq-Fc,What Makes a Poem a Poem?,TED-Ed,7,7,"Explore how poetic form, language and meaning contribute to the experience of a poem.",Which features make a poem effective even when it does not rhyme?,Choose a poem you are studying and explain how one image or sound pattern adds meaning or affects the reader.,https://ed.ted.com/lessons/what-makes-a-poem-a-poem-melissa-kovacs,"Official TED-Ed page identifies Melissa Kovacs and the characteristics of poetry; its HTML embeds this exact video, and original channel metadata is verified. Poetry is one example for literary value, not coverage of every genre or social context. Source/metadata review; no full audiovisual review claimed."
AC9M7A05,https://www.youtube.com/watch?v=52tpYl2tTqk,What Are Functions?,Math Antics,7,7,"Connect inputs, a rule and outputs before creating a table and plotting a relationship.",Why must a function give only one output for each input?,"Use the rule y = 2x + 1 to make a table for x = 0 to 4, plot the pairs and describe the pattern.",https://mathantics.com/lesson/what-are-functions,Official Math Antics lesson and original-channel oEmbed identify functions as mappings between input and output sets. The written topic connects this idea to growing visual patterns and the Cartesian plane. Source/metadata review; no full audiovisual review claimed.
AC9M7A06,https://www.youtube.com/watch?v=S_OX3ByvBSc,How to Evaluate Expressions with Two Variables,Khan Academy,7,7,Substitute values into a formula with two variables before investigating how changing an input changes the result.,Why is it helpful to change one variable at a time?,"Use A = l × w in a spreadsheet with w = 3 and l from 1 to 5; describe the outputs, then repeat with w = 6.",https://www.khanacademy.org/math/algebra-basics/alg-basics-algebraic-expressions/alg-basics-substitution/v/evaluating-expressions-in-two-variables,Official Khan lesson description and original oEmbed metadata verified. Substitution is the video component; systematic digital variation is supplied by the original application task and topic lesson. Source/metadata review; no full audiovisual review claimed.
AC9M7SP01,https://www.youtube.com/watch?v=HBSLrN9LWBA,What’s a Net?,Math with Mr. J,7,7,Use a net as a two-dimensional representation of a three-dimensional object.,"What information does a net show clearly, and what is harder to see from it?",Draw a net and a perspective sketch of the same box; compare what each representation makes easy to understand.,https://www.youtube.com/watch?v=HBSLrN9LWBA,Official-source identity carried from the verified Year 5 selection. Independently mapped as the net component of the Year 7 representations outcome. Official creator YouTube result gives title and description: three examples of nets and an explanation of nets. No full playback or current embed test. Public YouTube oEmbed confirmed original creator and exact video title on 2026-09-08; this does not establish audiovisual review or regional playback. Source/metadata review; no full audiovisual review claimed.
AC9M7ST02,https://www.youtube.com/watch?v=LEFE1km5ROY,Stem-and-Leaf Plots,Khan Academy,7,7,Read individual numerical values from a stem-and-leaf plot and use them to describe a data set.,How does the key tell you what each stem and leaf represents?,"Create a stem-and-leaf plot for 12, 16, 18, 21, 24, 24 and 37; include a key and describe its centre, spread and possible outlier.",https://www.khanacademy.org/math/ap-statistics/quantitative-data-ap/histograms-stem-leaf/v/u08-l1-t2-we3-stem-and-leaf-plots,Official Khan lesson explains a basketball score plot; exact original upload verified with oEmbed. Introductory plot reading fits Year 7 despite the source course URL; other displays and software remain in the topic. Source/metadata review; no full audiovisual review claimed.
AC9S7U04,https://www.youtube.com/watch?v=emZftp_UBKs,Forces,Khan Academy,7,7,Identify net force and distinguish balanced from unbalanced forces.,Can forces act on an object even when their combined effect is zero?,Draw force arrows for a book resting on a table and for a trolley being pushed; explain whether the forces balance.,https://www.youtube.com/watch?v=emZftp_UBKs,Official middle-school physics title and description identify net force and balanced/unbalanced cases; original Khan Academy metadata verified with oEmbed. The topic supplies the full mass–motion discussion. Source/metadata review; no full audiovisual review claimed.
AC9S7H01,https://www.youtube.com/watch?v=Jj9iNphbY88,Science in Action: How Science Works,California Academy of Sciences,7,7,Follow an investigation as observations and new evidence guide scientific understanding.,What new evidence makes a scientist reconsider an explanation or ask a different question?,Choose one stage of the spider investigation and explain how evidence changes the next step.,https://www.calacademy.org/explore-science/how-science-works,The Academy’s own page embeds this exact video and describes Charles Griswold’s spider discovery as an example of the process of science; original uploader verified with oEmbed. Source/metadata review; no full audiovisual review claimed.
AC9S7I01;AC9S7I02,https://www.youtube.com/watch?v=3nAETHZTObk,Nature of Science,Amoeba Sisters,7,7,"Explore how evidence, investigable questions and experimental choices support scientific inquiry.",Why is there more than one way to carry out a scientific investigation?,"Plan a paper-helicopter investigation: state a question, prediction, variable to change, variable to measure, controls, repeats and a safety check.",https://www.youtube.com/watch?v=3nAETHZTObk,"Official video description stresses that there is no single universal scientific method and discusses credible evidence; original Amoeba Sisters upload verified with oEmbed. A planning component only; local risks, ethics and Country/Place protocols require the written lesson and teacher guidance. Source/metadata review; no full audiovisual review claimed."
AC9S7I03,https://www.youtube.com/watch?v=ClW4x6OPDPQ,Precision in Measurement,Khan Academy,7,7,Choose a measuring tool with suitable detail and read its scale carefully.,How does the scale on a measuring tool limit the detail you can record?,Compare two ruler scales and decide which would better measure a small leaf; record a measurement with its unit and explain the choice.,https://www.youtube.com/watch?v=ClW4x6OPDPQ,"Official Science Toolkit description covers measurement detail, tool choice and correct reading; original Khan Academy upload verified with oEmbed. No significant-figure calculation lesson is selected. Source/metadata review; no full audiovisual review claimed."
AC9S7I05,https://www.youtube.com/watch?v=dcCjer_RQ9E,How to Measure a Changing Climate,California Academy of Sciences,7,7,See how scientists gather and compare different measurements to investigate patterns.,Why do scientists compare several kinds of data when studying a long-term pattern?,"Use a small temperature data set from your lesson to describe a trend, identify an unusual value and explain what further evidence would help.",https://www.calacademy.org/educators/how-to-measure-a-changing-climate,"Academy page specifies Grades 6–10 and five minutes, with data collection, models and analysis; exact embedded video and original uploader verified. This is a methods example, not a source of current climate statistics. Source/metadata review; no full audiovisual review claimed."
AC9S7I06,https://www.youtube.com/watch?v=dcCjer_RQ9E,How to Measure a Changing Climate,California Academy of Sciences,7,7,Examine measurement uncertainty and ways to reduce it.,Why does uncertainty in a measurement not automatically make a conclusion unreliable?,"Identify one uncertainty in a class investigation, explain its possible effect and propose a practical improvement.",https://www.calacademy.org/educators/how-to-measure-a-changing-climate,"Official Grades 6–10 lesson explicitly discusses uncertainties and reducing them; original upload verified. The source is an illustration of evaluating methods, not a current-data update. Source/metadata review; no full audiovisual review claimed."
AC9S7I07,https://www.youtube.com/watch?v=E91bGT9BjYk,How to Spot a Misleading Graph,TED-Ed,7,7,Evaluate whether a graph presents evidence fairly before using it to support a claim.,How can an axis choice change the impression a graph gives?,Compare two graphs of the same data using different vertical scales; write a cautious claim supported by the actual values and cite the data source.,https://ed.ted.com/lessons/how-to-spot-a-misleading-graph-lea-gaslowitz,Official TED-Ed lesson describes recognising misleading graphs; original TED-Ed upload verified with oEmbed. Evidence evaluation is the component; cultural protocols and ethical use of secondary information remain in the written topic. Source/metadata review; no full audiovisual review claimed.
AC9S7I08,https://www.youtube.com/watch?v=dcCjer_RQ9E,How to Measure a Changing Climate,California Academy of Sciences,7,7,Observe how an educational science video communicates findings through explanations and evidence.,Which language or visual choices help the intended audience understand the science?,"Explain a finding from your own investigation in 100 words for younger students, adding a labelled visual and one clear piece of evidence.",https://www.calacademy.org/educators/how-to-measure-a-changing-climate,"Academy supplies a five-minute Grades 6–10 communication example; original source and upload verified. This is a model text to analyse, not a complete how-to-write lesson. Source/metadata review; no full audiovisual review claimed."
AC9E7LA01,https://www.youtube.com/watch?v=2z6A62BO2zc,I Love My Language!,BBC Learning English,7,7,"Explore how language connects people with their history, culture and identity.",Why might a community want to maintain its language across generations?,"Choose a word, expression or way of speaking important to a community you know and explain the identity it can express without stereotyping its speakers.",https://www.youtube.com/watch?v=2z6A62BO2zc,"Official BBC description concerns a woman keeping her language alive and links language with culture and identity; original BBC Learning English upload verified with oEmbed. Six-minute educational discussion, independently selected for Year 7. Source/metadata review; no full audiovisual review claimed."
AC9E7LA06,https://www.youtube.com/watch?v=ZBhPR7RhhGg,Shifts in Verb Tense,Khan Academy,7,7,Check whether a change of verb tense is justified by the time relationship in a sentence.,"When would a tense shift confuse a reader, and when could it be necessary?","Edit: Yesterday we walk to the park and played football. Explain the change, then write a sentence that deliberately contrasts past and present.",https://www.youtube.com/watch?v=ZBhPR7RhhGg,"Original Khan Academy Praxis upload and title verified with oEmbed; description says David works through a tense question. Selected as a focused grammar example, not as Year 7 test preparation; vocabulary and full audiovisual screening remain to be checked. Source/metadata review; no full audiovisual review claimed."
AC9E7LA09,https://www.youtube.com/watch?v=0yZ0ehTLxoo,Linking Function of the Colon,Khan Academy,7,7,Use a colon to introduce information connected to the first part of a sentence.,How does the information after the colon explain or develop what comes before it?,"Write a complete introductory clause followed by a colon and an explanation, then compare its effect with using brackets for extra information.",https://www.khanacademy.org/humanities/grammar/punctuation-the-colon-semicolon-and-more/introduction-to-colons/v/linking-function-of-the-colon-the-colon-and-semicolon-punctuation-khan-academy,"Official Khan lesson and original upload verified with oEmbed. Colon component only; bracket use remains in the static lesson. Avoid the similarly indexed semicolon video, which is a different upload. Source/metadata review; no full audiovisual review claimed."
AC9E7LY01,https://www.youtube.com/watch?v=q-Y-z6HmRgI,How to Choose Your News,TED-Ed,7,7,Consider how online distribution changes the way readers encounter and evaluate news.,How can sharing speed and source selection affect what a reader believes?,Trace a news claim to its original source and compare the context there with a short social-media summary.,https://ed.ted.com/lessons/how-to-choose-your-news-damon-brown,"Official TED-Ed page describes internet and social-media distribution, facts and opinions, and embeds the exact original upload; oEmbed verified. Discusses enduring media literacy principles, not current platform features. Source/metadata review; no full audiovisual review claimed."
AC9E7LY02,https://www.youtube.com/watch?v=gCfzeONu3Mo,How Miscommunication Happens and How to Avoid It,TED-Ed,7,7,Recognise how assumptions and interpretation can affect a discussion.,How can checking your understanding prevent a disagreement caused by miscommunication?,"In a pair, explain an idea, have your partner paraphrase it, clarify any difference and switch roles.",https://ed.ted.com/lessons/how-to-avoid-miscommunication-katherine-hampsten,"Official TED-Ed lesson describes the causes of miscommunication and communicating more clearly; original upload verified with oEmbed. Supports interaction skills, with spoken-text evaluation left to the topic lesson. Source/metadata review; no full audiovisual review claimed."
AC9E7LY07,https://www.youtube.com/watch?v=1sOgYNgq88E,What’s the Best Way to Give a Presentation?,TED-Ed,7,7,Plan and rehearse a presentation so your delivery supports the intended message.,How can rehearsal help you speak naturally without losing the structure of your ideas?,"Prepare a one-minute explanation of a topic you know, rehearse it twice and adjust your pace, emphasis and pauses for your audience.",https://ed.ted.com/lessons/whats-the-best-way-to-give-a-presentation,"Official TED-Ed episode focuses on planning confident, purposeful delivery and practising a script; exact source embed and original upload verified with oEmbed. It is about eight minutes, longer than some concept clips but directly relevant. Source/metadata review; no full audiovisual review claimed."
AC9S7H03,https://www.youtube.com/watch?v=gcTBEiUTyXE,Renewable Energy: Clean Tech Solutions,California Academy of Sciences,7,7,Explore renewable-energy technologies and why energy storage matters when considering solutions.,What practical challenge must be solved as well as generating renewable electricity?,"Compare two energy options for a school, considering environmental effects, reliability, cost and community needs; state what further evidence you would seek.",https://www.calacademy.org/educators/renewable-energy-clean-tech-solutions,"The Academy’s official page describes renewable technologies and storage and embeds this exact YouTube ID. The separate oEmbed batch was cancelled before a network-approval decision, so live metadata/playback remains unconfirmed. The task adds social and economic evaluation; the video does not cover every consideration. Source/metadata review; no full audiovisual review claimed."
AC9S7H04,https://www.youtube.com/watch?v=dcCjer_RQ9E,How to Measure a Changing Climate,California Academy of Sciences,7,7,Examine how a public science explanation presents evidence and uncertainty to its audience.,How could explaining both evidence and uncertainty help the public make an informed decision?,"Draft a short science message for a school environmental decision, identify its audience and separate the evidence from the recommendation.",https://www.calacademy.org/educators/how-to-measure-a-changing-climate,Academy source identifies a five-minute Grades 6–10 video with climate evidence and uncertainty; exact source embed and original channel verified. A communication case study; policy and regulation coverage remains in the topic lesson. Source/metadata review; no full audiovisual review claimed.
AC9S7I04,https://www.youtube.com/watch?v=hcgThf5mv38,Data and Graphs,Math Antics,7,7,Review how tables and graphs make data easier to organise and interpret.,Which display best suits the kind of data being collected?,"Choose a display for a class investigation, label its variables and units, and explain why that representation is suitable.",https://mathantics.com/lesson/data-and-graphs,Original-source identity carried from the Year 5 record; independently selected as a data-display refresher for Year 7 science. Official creator lesson page and its Watch on YouTube anchor checked; concept identified from lesson title and description. No full playback review. Creator places most material in Years 3–8. Partial support: data displays. Does not replace the lesson’s nominal/ordinal distinctions or spreadsheet procedures. Public YouTube oEmbed confirmed original creator and exact video title on 2026-09-08; this does not establish audiovisual review or regional playback. Source/metadata review; no full audiovisual review claimed.
AC9E7LE01,https://www.youtube.com/watch?v=YRly4zQMZSk,Kirli Saunders Story Talks: Bindi,State Library Victoria,7,7,Hear a Gunai author explain how experience and connection to Country shaped a literary work.,How do Kirli Saunders’s experiences help you understand the concerns and perspective of Bindi?,"Identify one connection between the author’s context and the book’s ideas, then compare it with another text you are studying while keeping the authors’ contexts distinct.",https://www.slv.vic.gov.au/stories/kirli-saunders-story-talks,"State Library Victoria explicitly links and embeds this exact Part Two video, describes she-oak planting and bushfires as influences on Bindi, and provides Auslan interpretation. Source age range is 8–12; the author-context analysis is suitable as a Year 7 entry point. oEmbed timed out; source identity is verified by the Library’s own embed. Discussion mentions bushfires. Source/metadata review; no full audiovisual review claimed."
AC9E7LE05,https://www.youtube.com/watch?v=ZQTQSbjecLg,How to Build a Fictional World,TED-Ed,7,7,Explore how a story’s setting and its rules shape characters and events.,How would changing a rule of the fictional world change what a character can do?,"Choose a story you know, change one feature of its setting and explain how that would affect a character’s choices and the plot.",https://ed.ted.com/lessons/how-to-build-a-fictional-world-kate-messner,"Official TED-Ed lesson describes consistent fictional worlds; original TED-Ed upload confirmed with oEmbed. Selects relationships among setting, people and events, with no requirement to read or watch the works mentioned in examples. Source/metadata review; no full audiovisual review claimed."
AC9E7LY03,https://www.youtube.com/watch?v=dzSbmCxUyuo,The Scale of Formality,Khan Academy,7,7,Compare language choices for different audiences and purposes.,How can changing formality alter the relationship between a writer and reader?,"Express the same request in a message to a friend and a letter to the principal; explain the changes in vocabulary, sentence choices and tone.",https://www.khanacademy.org/humanities/grammar/usage-and-style/style/v/scale-of-formality,"Primary-source identity carried from the Year 5 record; independently mapped to audience, purpose and language effects in Year 7. Official Khan lesson and matching creator YouTube listing checked; indexed transcript contrasts formal and informal word choices. No full playback review. Standard American English examples; follow Australian usage in the task. Public YouTube oEmbed confirmed original creator and exact video title on 2026-09-08; this does not establish audiovisual review or regional playback. Source/metadata review; no full audiovisual review claimed."
AC9E7LY06,https://www.youtube.com/watch?v=RSoRzTtwgP4,How to Write Descriptively,TED-Ed,7,7,Revise descriptive language so readers can imagine a scene clearly.,Which details help a reader experience a scene rather than simply receive information about it?,"Draft a short scene, replace two vague descriptions with precise sensory details and explain the effect of your revisions.",https://ed.ted.com/lessons/how-to-write-fiction-that-comes-alive-nalo-hopkinson,Official TED-Ed lesson describes using language to make fiction vivid; exact original channel and title confirmed with oEmbed. Covers imaginative writing and revision as one strand of the broader written and multimodal outcome. Source/metadata review; no full audiovisual review claimed.
AC9E7LA07,https://www.youtube.com/watch?v=ZHAZT_6BlIY,Film It: Camera Angles,ACMI,7,7,"Explore how high, low and tilted camera angles can influence the viewer’s impression of a character.",How can filming the same subject from above or below change the impression it creates?,"Photograph an ordinary object from eye level, above and below; compare the impressions and explain how the angle contributes.",https://www.acmi.net.au/education/school-program-and-resources/film-it-cinematography/,"ACMI’s own school resource explicitly names and embeds this original ACMI video. Recommended source year range is Year 5–VCE, including Year 7; the source explains the perspective and emotion effects of angles and distance. Primary-source screening; no full audiovisual review or live-player check claimed."
AC9E7LA07,https://www.youtube.com/watch?v=2SdYsCu9M0E,Film It: Shot Types and Sizes,ACMI,7,7,"Compare wide shots, mid-shots and close-ups and consider how distance shapes a viewer’s attention and connection.",What can a close-up communicate that a wide shot may not show?,Sketch three frames of the same scene using different shot sizes; explain what each frame makes the audience notice or feel.,https://www.acmi.net.au/education/school-program-and-resources/film-it-cinematography/,"ACMI’s own school resource explicitly names and embeds this original ACMI video. Recommended source year range is Year 5–VCE, including Year 7; the source explains the perspective and emotion effects of angles and distance. Primary-source screening; no full audiovisual review or live-player check claimed."
AC9S7H02,https://www.youtube.com/watch?v=mcqVvqr9hk4,Ancient astronomy and modern technology combine to tell stories of the night sky,ABC Australia,7,7,Explore a Western Australian example of how cultural knowledge connects observations of the night sky with seasonal knowledge and life on Country.,How do the guides connect sky observations with the needs and knowledge of their local community?,"Identify an observation and a purpose for using it in this story. Explain how local priorities can shape the questions people investigate, and attribute the example to the people featured.",https://www.youtube.com/watch?v=mcqVvqr9hk4,"Root reviewed the complete English transcript, approximately three minutes; Year 8 agent verified the exact original title, ABC Australia author and returned embed HTML using public YouTube oEmbed on 8 September 2026. Story concerns Astrotourism WA, Beemurra Aboriginal Corporation and local elders/guides sharing night-sky knowledge, including seasons, food and directions. No Nation is named in the transcript: do not invent one or universalise this example. This supports the worldview and knowledge-sharing component; classification systems and other elaborations remain in the written lesson. Source/transcript review; no full audiovisual screening claimed."
AC9M8N01,https://www.youtube.com/watch?v=cLP7INqs3JM,Introduction to Rational and Irrational Numbers,Khan Academy,8,8,"Distinguish numbers that can be written as fractions of integers from irrational numbers, including square-root examples.",Why is a calculator decimal only an approximation for some square roots?,"Classify 0.75, the square root of 9, the square root of 2 and pi. Give a reason for each classification.",https://www.youtube.com/watch?v=cLP7INqs3JM,"Official English-language original confirmed, avoiding a similarly titled Urdu version. Supports number classification; applied contexts remain in the written topic. Original author, title and returned embed HTML checked with YouTube oEmbed on 8 September 2026. Source/metadata review; full playback not reviewed."
AC9M8N02,https://www.youtube.com/watch?v=SwqOrUWzDY8,Products and Exponents Raised to an Exponent,Khan Academy,8,8,Reason about powers of products and powers of powers by expanding repeated multiplication. The zero-exponent rule remains in the written topic.,Why do you multiply exponents in a power of a power?,"Expand (2 cubed) squared as repeated multiplication, then express it as one power. Compare it with 2 cubed times 2 squared.",https://www.youtube.com/watch?v=SwqOrUWzDY8,"Official Algebra I explanation of exponent properties. Apply the demonstration to numerical expressions with positive integer exponents; this is supporting coverage, not all exponent laws. Original author, title and returned embed HTML checked with YouTube oEmbed on 8 September 2026. Source/metadata review; full playback not reviewed."
AC9M8N03,https://www.youtube.com/watch?v=Y2-tz27nKoQ,Converting a Fraction to a Repeating Decimal,Khan Academy,8,8,Use division to see why some fractions produce a recurring decimal rather than a terminating decimal.,What happens to the remainder when the same digit pattern begins again?,Convert one third and three eighths to decimals. Explain why one recurs and the other terminates.,https://www.youtube.com/watch?v=Y2-tz27nKoQ,"Official Pre-Algebra example with direct relevance to recurring decimals; US repeating means recurring. Original author, title and returned embed HTML checked with YouTube oEmbed on 8 September 2026. Source/metadata review; full playback not reviewed."
AC9M8N04,https://www.youtube.com/watch?v=_BgblvF90UE,Adding and Subtracting Integers,Math Antics,8,8,Use signs and a number line to reason about integer addition and subtraction. This supports two of the four operations in this topic.,How is subtracting a negative related to adding its opposite?,"Show -3 - (-5) on a number line, then check your answer using addition.",https://www.youtube.com/watch?v=_BgblvF90UE,"Official Math Antics original; middle-school integer explanation. The written topic also covers multiplication, division and other rational numbers. Original author, title and returned embed HTML checked with YouTube oEmbed on 8 September 2026. Source/metadata review; full playback not reviewed."
AC9M8N05,https://www.youtube.com/watch?v=jb_RwR_Eso4,"Tax, Discount and Tip Examples",Khan Academy,8,8,"Calculate percentage changes in practical money problems. Tax and tipping are examples, not statements about Australian requirements.",Which amount is the percentage calculated from in each example?,"A $60 bag has a 15% discount. Calculate the saving and final price, then explain why the result is reasonable.",https://www.youtube.com/watch?v=jb_RwR_Eso4,"Official Khan Academy original. Financial arithmetic only, with US tax and tipping examples labelled as illustrative; the curriculum modelling cycle remains in the written lesson. Original author, title and returned embed HTML checked with YouTube oEmbed on 8 September 2026. Source/metadata review; full playback not reviewed."
AC9M8A01,https://www.youtube.com/watch?v=v-6MShC82ow,The Distributive Property,Math Antics,8,8,Expand and simplify expressions by multiplying across a sum or difference. This is one of the properties used in the topic.,Why must the factor outside the brackets multiply every term inside?,"Expand 3(x + 4), then reverse the steps to factorise 3x + 12. Check both expressions for x = 2.",https://www.youtube.com/watch?v=v-6MShC82ow,"Official algebra-series original, suitable for Year 8 linear expressions. Other algebraic properties remain in the written topic. Original author, title and returned embed HTML checked with YouTube oEmbed on 8 September 2026. Source/metadata review; full playback not reviewed."
AC9M8A02,https://www.youtube.com/watch?v=uk7gS3cZVp4,Graph from a Slope-Intercept Equation,Khan Academy,8,8,Connect the numbers in a linear equation to its straight-line graph. This supports graphing; the topic also teaches equations and inequalities.,Which part of the equation locates the point where the line crosses the vertical axis?,"Make a table for y = 2x + 1 at x = 0, 1, 2. Plot the points and check each pair by substitution.",https://www.youtube.com/watch?v=uk7gS3cZVp4,"Official Algebra I example. US term slope means gradient; no quadratic or simultaneous-equation content is selected. Original author, title and returned embed HTML checked with YouTube oEmbed on 8 September 2026. Source/metadata review; full playback not reviewed."
AC9M8A03,https://www.youtube.com/watch?v=roHvNNFXr4k,Basic Linear Equation Word Problem,Khan Academy,8,8,Translate a practical situation into an equation and interpret its solution. This supports the formulation step before modelling a whole linear relation.,"What does the unknown stand for, and how does each term connect to the situation?",A hire service charges $12 plus $4 per hour. Write a rule for total cost and work out how long a $32 budget allows. State one assumption.,https://www.youtube.com/watch?v=roHvNNFXr4k,"Official Khan Academy 7th-grade original used as an accessible modelling example. The topic extends this to representations of linear functions and reviewing models. Original author, title and returned embed HTML checked with YouTube oEmbed on 8 September 2026. Source/metadata review; full playback not reviewed."
AC9M8A04,https://www.youtube.com/watch?v=uk7gS3cZVp4,Graph from a Slope-Intercept Equation,Khan Academy,8,8,Use a worked graph to investigate how changing a linear equation changes the line. Extend the example using your graphing tool.,Predict what changes and what stays fixed if the constant term increases.,Graph y = 2x + 1 and y = 2x + 3. Record a conjecture about the two lines and test it with another constant.,https://www.youtube.com/watch?v=uk7gS3cZVp4,"Official Algebra I example supports the representation underlying digital investigation; the learner task supplies the conjecture-and-test step. Original author, title and returned embed HTML checked with YouTube oEmbed on 8 September 2026. Source/metadata review; full playback not reviewed."
AC9M8M01,https://www.youtube.com/watch?v=MamrTJ7V_Vg,Finding Area by Rearranging Parts,Khan Academy,8,8,Break or rearrange an irregular shape into familiar pieces without changing its total area. Perimeter needs a separate boundary check.,Why can rearranging pieces preserve area while changing the outer perimeter?,"Draw an L-shaped figure on squared paper. Calculate its area by splitting it in two different ways, then find its perimeter.",https://www.youtube.com/watch?v=MamrTJ7V_Vg,"Official geometry original. Earlier-grade representation is intentionally used as support for Year 8 composite-shape problem solving. Original author, title and returned embed HTML checked with YouTube oEmbed on 8 September 2026. Source/metadata review; full playback not reviewed."
AC9M8M02,https://www.youtube.com/watch?v=ZqzAOZ9pP9Q,Volume of a Triangular Prism and Cube,Khan Academy,8,8,Calculate prism volume by multiplying the area of its cross-section by its length.,"Which measurements form the triangular cross-section, and which measurement is the prism length?","A right triangular prism has a triangle base of 6 cm, perpendicular triangle height of 4 cm and prism length of 10 cm. Calculate its volume and capacity in mL.",https://www.khanacademy.org/math/geometry/hs-geo-solids/hs-geo-solids-intro/v/solid-geometry-volume,"Official geometry example covers triangular prisms and cubes; selected instead of a general volume compilation with additional sphere content. Original author, title and returned embed HTML checked with YouTube oEmbed on 8 September 2026. Source/metadata review; full playback not reviewed."
AC9M8M03,https://www.youtube.com/watch?v=O-cawByg2aA,Circles: Circumference and Area,Math Antics,8,8,Distinguish the distance around a circle from the space inside it and choose the matching formula.,Why do circumference and area use different units?,"For a circle of radius 4 cm, calculate its circumference and area in terms of pi. State the correct units.",https://www.youtube.com/watch?v=O-cawByg2aA,"Official original confirmed. Middle-school circle formula explanation; mathematical pi is retained rather than treated as exactly 3.14. Original author, title and returned embed HTML checked with YouTube oEmbed on 8 September 2026. Source/metadata review; full playback not reviewed."
AC9M8M04,https://www.youtube.com/watch?v=VD9CdHuzOrU,International Time Zones: How Do We Use Them?,Eddie Woo,8,8,Use differences between time zones to compare local times and solve travel-time questions.,How can you keep elapsed travel time separate from the difference between local clock times?,"For a trip, use fixed offsets UTC+10 at departure and UTC+8 at arrival. A flight leaves at 15:30 and lasts 4 hours. Find the local arrival time and show a timeline.",https://www.youtube.com/watch?v=VD9CdHuzOrU,"Official Australian classroom original. Use stated UTC offsets for practice; do not treat historical example offsets as current daylight-saving advice. Original author, title and returned embed HTML checked with YouTube oEmbed on 8 September 2026. Source/metadata review; full playback not reviewed."
AC9M8M05,https://www.youtube.com/watch?v=RQ2nYUBVvqI,Ratios and Rates,Math Antics,8,8,Distinguish a ratio from a rate and interpret a rate with two different units.,What do the units tell you that the numerical answer alone cannot?,"A cyclist covers 24 km in 2 hours. Find the average rate, state its units, and explain what that average does and does not tell you.",https://www.youtube.com/watch?v=RQ2nYUBVvqI,"Official Math Antics original. The learner application uses metric units; the written lesson supplies further rate comparisons. Original author, title and returned embed HTML checked with YouTube oEmbed on 8 September 2026. Source/metadata review; full playback not reviewed."
AC9M8M06,https://www.youtube.com/watch?v=WqhlG3Vakw8,The Pythagorean Theorem,Math Antics,8,8,Find a missing side of a right-angled triangle using the relationship between the three squared side lengths.,How do you identify the hypotenuse before choosing the calculation?,A right-angled triangle has perpendicular sides of 6 cm and 8 cm. Find its hypotenuse and check the squared lengths.,https://www.youtube.com/watch?v=WqhlG3Vakw8,"Official original confirmed. Direct Year 8 Pythagoras concept; longer worked explanation rather than a short clip, but no mid-video stop is required. Original author, title and returned embed HTML checked with YouTube oEmbed on 8 September 2026. Source/metadata review; full playback not reviewed."
AC9M8M07,https://www.youtube.com/watch?v=RQ2nYUBVvqI,Ratios and Rates,Math Antics,8,8,Use ratio and unit-rate ideas to build a model for a practical comparison.,How does converting two offers to the same unit make a comparison fairer?,Compare 750 g for $6 with 1 kg for $7.50 using price per kilogram. State when the cheaper unit price might not be the best purchase.,https://www.youtube.com/watch?v=RQ2nYUBVvqI,"Official original supports the mathematical rate concept. The task adds a financial model and a discussion of its limitations. Original author, title and returned embed HTML checked with YouTube oEmbed on 8 September 2026. Source/metadata review; full playback not reviewed."
AC9M8SP01,https://www.youtube.com/watch?v=aK8i7LKZd9o,Congruent Triangle Rules,Cognito,8,8,Check whether side and angle information is enough to guarantee that two triangles are congruent. Similarity is a separate part of the written topic.,Why is matching three angles not enough to prove congruence?,Sketch two triangles with the same three angles but different sizes. Then list one set of measurements that would guarantee congruence.,https://www.youtube.com/watch?v=aK8i7LKZd9o,"Official Cognito original. GCSE label describes its UK course; the selected triangle rules match the Australian Year 8 outcome. Original author, title and returned embed HTML checked with YouTube oEmbed on 8 September 2026. Source/metadata review; full playback not reviewed."
AC9M8SP02,https://www.youtube.com/watch?v=oIV1zM8qlpk,Why Opposite Angles of a Parallelogram Are Equal,Khan Academy,8,8,Follow a reasoned argument using parallel lines and angle relationships to establish a quadrilateral property.,"Which facts come from the definition of a parallelogram, and which are proved from those facts?",Draw a parallelogram with one angle of 65 degrees. Determine the other angles and explain each step using angle properties.,https://www.youtube.com/watch?v=oIV1zM8qlpk,"Official quadrilateral proof. Supports the angle-properties strand; further congruent-triangle arguments and other quadrilaterals remain in the written topic. Original author, title and returned embed HTML checked with YouTube oEmbed on 8 September 2026. Source/metadata review; full playback not reviewed."
AC9M8SP03,https://www.youtube.com/watch?v=ByBgVdjwDVE,3D Coordinates,Corbettmaths,8,8,Use an ordered triple to locate a point along three perpendicular coordinate directions.,Why does the order of the three coordinates matter?,"Sketch three labelled axes and locate (2, 3, 1). Describe a move of two units in the third direction and give the new coordinates.",https://corbettmaths.com/2013/04/20/3d-coordinates/,"Exact original ID extracted from the creator video page, then verified with oEmbed. Source identifies reading 3D coordinates and typical questions; software use remains in the written topic. Original author, title and returned embed HTML checked with YouTube oEmbed on 8 September 2026. Source/metadata review; full playback not reviewed."
AC9M8SP04,https://www.youtube.com/watch?v=aK8i7LKZd9o,Congruent Triangle Rules,Cognito,8,8,Use triangle-congruence conditions as the checks in a decision algorithm. The video teaches the checks; you design and test the steps.,What information must an algorithm compare before it can return a congruent result?,"Create a flowchart that tests an SSS congruence claim. Try a pair that passes and a pair that fails, then explain why each result follows.",https://www.youtube.com/watch?v=aK8i7LKZd9o,"Official Cognito original reused only for the precise congruence conditions needed by this algorithm outcome. Algorithm design and similarity are not claimed to be taught by the video. Original author, title and returned embed HTML checked with YouTube oEmbed on 8 September 2026. Source/metadata review; full playback not reviewed."
AC9M8ST01,https://www.youtube.com/watch?v=4xQfcwkDr9M,Choosing Sampling Techniques for Particular Problems,Eddie Woo,8,8,Match a sampling approach to a question and consider the practical limits of collecting data.,What makes a convenient sample different from a representative sample?,"To estimate how students travel to school, compare surveying your friends with selecting students randomly from all year levels. State one strength and one limitation of each.",https://www.youtube.com/watch?v=4xQfcwkDr9M,"Official Australian classroom original, short sampling-method examples. Census, experiments and observation remain in the complete written lesson. Original author, title and returned embed HTML checked with YouTube oEmbed on 8 September 2026. Source/metadata review; full playback not reviewed."
AC9M8ST02,https://www.youtube.com/watch?v=aKAw-DyZa6g,Reasonable Samples,Khan Academy,8,8,Check whether a sample can fairly support a statement about a larger population.,How can a sample be large yet still unrepresentative?,Explain whether a survey of only the basketball team could estimate the whole school height distribution. Propose a better sample before analysing the data.,https://www.khanacademy.org/math/statistics-probability/designing-studies/sampling-and-surveys/v/reasonable-samples,"Official original in Khan Academy statistical studies; also listed in its 7th-grade playlist. Sampling selection is supporting coverage; distribution analysis remains in the topic. Original author, title and returned embed HTML checked with YouTube oEmbed on 8 September 2026. Source/metadata review; full playback not reviewed."
AC9M8ST03,https://www.youtube.com/watch?v=y3A0lUkpAko,Sampling Error and Variation,Dr Nic's Maths and Stats,8,8,Recognise the natural differences between random samples and consider how sample size affects that variation.,Why can two well-conducted random samples give different results without anyone making a mistake?,"Model a population with 60 counters in two colours. Draw and replace the whole sample each time. Compare five samples of 10 with five samples of 30, recording each colour proportion and its variation.",https://www.youtube.com/watch?v=y3A0lUkpAko,"Original Dr Nic statistics teaching video confirmed; indexed creator description includes natural sampling variation and the effect of sample size. This is an intuitive introduction, not a confidence-interval calculation lesson. Original author, title and returned embed HTML checked with YouTube oEmbed on 8 September 2026. Source/metadata review; full playback not reviewed."
AC9M8ST04,https://www.youtube.com/watch?v=aKAw-DyZa6g,Reasonable Samples,Khan Academy,8,8,Plan a sample that can support a cautious inference about a population.,What information about the sample would a reader need before trusting the conclusion?,"Plan an anonymous survey about a school learning resource. Define the population, sampling method and question, then state a possible bias and an uncertainty to report.",https://www.khanacademy.org/math/statistics-probability/designing-studies/sampling-and-surveys/v/reasonable-samples,"Official original supports sample quality. Ethics, analysis and reporting are supplied by the written lesson and learner planning task, not claimed as full video coverage. Original author, title and returned embed HTML checked with YouTube oEmbed on 8 September 2026. Source/metadata review; full playback not reviewed."
AC9M8P01,https://www.youtube.com/watch?v=y9T5ol65mSU,Probability of an Event Not Happening,Corbettmaths,8,8,Use the fact that an event and its complement together account for all possible outcomes.,Why does subtracting the probability of an event from one give the probability of its complement?,The probability that a bus is late is 0.18. Find the probability that it is not late and explain why the two probabilities sum to one.,https://corbettmaths.com/2013/05/15/probability-of-not-happening/,"Exact original ID extracted from the creator page, then verified. Direct complementary-event explanation within Year 8 probability. Original author, title and returned embed HTML checked with YouTube oEmbed on 8 September 2026. Source/metadata review; full playback not reviewed."
AC9M8P02,https://www.youtube.com/watch?v=Zxvc6iPKdec,Count Outcomes Using a Tree Diagram,Khan Academy,8,8,List combinations systematically so that no possible outcome is missed or counted twice.,How can you tell whether each complete route through the tree is a different outcome?,Draw a tree for choosing one of three sandwiches and one of two drinks. Use it to calculate the chance of one specified combination when choices are equally likely.,https://www.youtube.com/watch?v=Zxvc6iPKdec,"Official 7th-grade probability original. Supports tree diagrams; two-way tables and Venn representations remain in the written topic. Original author, title and returned embed HTML checked with YouTube oEmbed on 8 September 2026. Source/metadata review; full playback not reviewed."
AC9M8P03,https://www.youtube.com/watch?v=vjGINFbV8Cs,Random Numbers for Experimental Probability,Khan Academy,8,8,Use random numbers to simulate a repeated chance process and estimate an event probability from results.,How does each random number stand for an outcome in the real experiment?,"Simulate two fair coin tosses 30 times using random digits. State your digit rule, estimate the probability of two heads, and compare it with the theoretical value.",https://www.khanacademy.org/math/ap-statistics/probability-ap/randomness-probability-simulation/v/random-numbers-for-experimental-probability,"Official English original; the similarly titled PTq6JB6-W9E is Spanish and was rejected. Although placed in AP Statistics, this selected example uses repeated random-number experiments rather than advanced inference. Original author, title and returned embed HTML checked with YouTube oEmbed on 8 September 2026. Source/metadata review; full playback not reviewed."
AC9S8U01,https://www.youtube.com/watch?v=LdKcTtabr6Y,Introduction to Cells: Animals and Plants,FuseSchool - Global Education,8,8,Compare cell structures and connect their parts to the jobs cells carry out.,Which structures help you distinguish a plant cell from an animal cell?,"Draw a comparison table containing three shared cell structures and two structures characteristic of plant cells, with a function for each.",https://www.youtube.com/watch?v=LdKcTtabr6Y,"Official FuseSchool secondary biology original. General cell structure support, with specialised-cell applications retained in the topic. Original author, title and returned embed HTML checked with YouTube oEmbed on 8 September 2026. Source/metadata review; full playback not reviewed."
AC9S8U02,https://www.youtube.com/watch?v=SzKKYYIlJ-c,Levels of Organisation in an Organism,FuseSchool - Global Education,8,8,"Connect cells, tissues, organs and organ systems rather than treating them as unrelated parts.",How does each level contribute to the job of the level above it?,"Choose a plant or animal organ system from the lesson. Trace one example from specialised cell to tissue, organ and system, explaining its contribution.",https://www.youtube.com/watch?v=SzKKYYIlJ-c,"Official FuseSchool secondary biology original. Supports organisational relationships; detailed structure-function comparisons remain in the written topic. Original author, title and returned embed HTML checked with YouTube oEmbed on 8 September 2026. Source/metadata review; full playback not reviewed."
AC9S8U03,https://www.youtube.com/watch?v=SbIpWHQI-tE,The Continents Are Moving: When Will They Collide?,TED-Ed,8,8,Connect continental movement with the history and future of Earth's changing surface. Specific boundary types are developed in the written lesson.,Which evidence and observations would help scientists distinguish a prediction from a certainty?,Draw one convergent and one divergent boundary. Explain how each could contribute to continents joining or separating over long timescales.,https://ed.ted.com/lessons/the-continents-are-moving-when-will-they-collide-jean-baptiste-p-koehl,"Official TED-Ed lesson by geoscientist Jean-Baptiste P. Koehl; primary TED description links Wegener, plate tectonics and supercontinent models. The full boundary taxonomy is not claimed as video coverage. Original author, title and returned embed HTML checked with YouTube oEmbed on 8 September 2026. Source/metadata review; full playback not reviewed."
AC9S8U04,https://www.youtube.com/watch?v=kXV7D89S9sc,What Is the Rock Cycle?,FuseSchool - Global Education,8,8,"Follow the processes that can change rocks between igneous, sedimentary and metamorphic forms.","Which changes involve melting, and which can happen without melting?",Draw two different routes from an igneous rock to a sedimentary rock and label the processes. Explain why the cycle has no single starting point.,https://www.youtube.com/watch?v=kXV7D89S9sc,"Official FuseSchool original. Rock-process explanation; timescales and choosing rocks for particular uses are additional parts of the written topic. Original author, title and returned embed HTML checked with YouTube oEmbed on 8 September 2026. Source/metadata review; full playback not reviewed."
AC9S8U05,https://www.youtube.com/watch?v=OpxGp2P48kI,STEMonstrations: Kinetic and Potential Energy,NASA Johnson,8,8,Observe a short demonstration of stored energy changing into energy of motion aboard the International Space Station.,"What changes when stored energy is released, and where does the energy go?",Draw an energy-transfer diagram for a stretched elastic band launching a paper object. Describe the stored and moving stages and identify where energy is transferred.,https://www.nasa.gov/stem-content/stemonstrations-kinetic-and-potential-energy/,"Official NASA classroom resource explicitly lists grades 5–8 and 9–12. NASA gives a running time of 2:38. Diagram task avoids an unsupervised practical launch. Original author, title and returned embed HTML checked with YouTube oEmbed on 8 September 2026. Source/metadata review; full playback not reviewed."
AC9S8U06,https://www.youtube.com/watch?v=MaZ7lsc5ub8,"Element, Mixture or Compound?",FuseSchool - Global Education,8,8,"Use particle ideas to distinguish a single element, chemically joined elements and a mixture.",How can the same types of atoms appear in a mixture and in a compound but represent different substances?,"Create particle diagrams for oxygen, water and air. Label which is an element, compound or mixture and explain your choices.",https://www.youtube.com/watch?v=MaZ7lsc5ub8,"Official FuseSchool original. Secondary introductory chemistry; formulas and 3D models are further developed in the written lesson. Original author, title and returned embed HTML checked with YouTube oEmbed on 8 September 2026. Source/metadata review; full playback not reviewed."
AC9S8U07,https://www.youtube.com/watch?v=uRdY262iLs8,STEMonstrations: Physical and Chemical Changes,Learn With NASA,8,8,Compare changes to a material's form with changes that produce different substances.,What evidence would distinguish a new substance from a change of shape or state?,"Classify cutting paper, melting ice and rusting iron. For each, identify the evidence you would use and whether a new substance is involved.",https://www.nasa.gov/stem-content/stemonstrations-physical-and-chemical-changes/,"Official NASA resource with astronaut Sultan Al Neyadi; creator page describes a short K–12 STEMonstration. Students classify examples rather than attempt unsupervised reactions. Energy indicators are further developed in the lesson. Original author, title and returned embed HTML checked with YouTube oEmbed on 8 September 2026. Source/metadata review; full playback not reviewed."
AC9S8H01,https://www.youtube.com/watch?v=SbIpWHQI-tE,The Continents Are Moving: When Will They Collide?,TED-Ed,8,8,Use the development of continental-drift and plate-tectonic ideas as a case study in changing scientific knowledge.,Why can an explanation become stronger when new evidence changes part of it?,"Create a three-step account linking an observation, a proposed explanation and later evidence about moving continents. Distinguish past evidence from future predictions.",https://ed.ted.com/lessons/the-continents-are-moving-when-will-they-collide-jean-baptiste-p-koehl,"Primary TED description connects Wegener's early theory to the modern account and future models. Case-study support only; this is not a claim that all science develops in the same sequence. Original author, title and returned embed HTML checked with YouTube oEmbed on 8 September 2026. Source/metadata review; full playback not reviewed."
AC9S8H02,https://www.youtube.com/watch?v=mcqVvqr9hk4,Ancient Astronomy and Modern Technology Tell Stories of the Night Sky,ABC Australia,8,8,"Explore one locally led Western Australian example of sharing astronomical knowledge, culture and connections to Country.",How do the guides connect observations of the sky with community knowledge and everyday life?,Identify two ways knowledge is shared in this example. Explain why learning about one community does not tell us the traditions of every First Nations community.,https://www.youtube.com/watch?v=mcqVvqr9hk4,"Official ABC Australia report. Root agent read the complete English transcript: Astrotourism WA and Beemurra Aboriginal Corporation, seasonal food sources, directions, cultural identity and local opportunities. No Nation or language-group name is invented. Original author, title and returned embed HTML checked with YouTube oEmbed on 8 September 2026. Complete English transcript reviewed by the root agent; no concerning language evident. Visual frames and full playback remain unreviewed."
AC9S8H03,https://www.youtube.com/watch?v=3_fjEc4aQVk,Which Bag Should You Use?,TED-Ed,8,8,"Compare environmental consequences across the production, use and disposal of different materials.",Why might a choice that looks best on one environmental measure look worse on another?,"Compare two reusable-bag options using a table of environmental, practical and cost considerations. State which evidence you would need before recommending a policy.",https://ed.ted.com/lessons/which-bag-should-you-use-luka-seamus-wright-and-imogen-ellen-napper,"Official TED-Ed lesson by Luka Seamus Wright and Imogen Ellen Napper. Use as an example of evaluating trade-offs, not universal shopping or regulatory advice. Original author, title and returned embed HTML checked with YouTube oEmbed on 8 September 2026. Source/metadata review; full playback not reviewed."
AC9S8H04,https://www.youtube.com/watch?v=GUpd2HJHUt8,Not All Scientific Studies Are Created Equal,TED-Ed,8,8,Examine why a scientific headline can communicate more certainty than the underlying study supports.,What would you want a news report to explain about how a study was conducted?,Rewrite an overconfident science headline so that it accurately states the evidence and one limitation. Explain how the wording could change a reader's decision.,https://ed.ted.com/lessons/not-all-scientific-studies-are-created-equal-david-h-schwartz,"Official TED-Ed critical-science lesson by David H. Schwartz. Health-study examples are analysed as communication evidence, not offered as health advice. Community-policy applications remain in the written topic. Original author, title and returned embed HTML checked with YouTube oEmbed on 8 September 2026. Source/metadata review; full playback not reviewed."
AC9S8I01,https://www.youtube.com/watch?v=3nAETHZTObk,Nature of Science,Amoeba Sisters,8,8,Develop a testable question and a reasoned hypothesis while recognising that science uses more than one fixed method.,What makes a question testable using observations or measurements?,"Turn a question about seed germination into a testable question. Identify the variable you would change, what you would measure and the reason for your prediction.",https://www.youtube.com/watch?v=3nAETHZTObk,"Official secondary-science original. Creator description explicitly rejects one universal scientific method and includes hypotheses, variables and controls. Suitable introductory inquiry concepts for Year 8; detailed ethical protocols remain in the topic. Original author, title and returned embed HTML checked with YouTube oEmbed on 8 September 2026. Source/metadata review; full playback not reviewed."
AC9S8I02,https://www.youtube.com/watch?v=3nAETHZTObk,Nature of Science,Amoeba Sisters,8,8,Identify variables and controls so that an investigation can test a question meaningfully.,Which conditions must be kept consistent to make a comparison interpretable?,"Draft a paper-helicopter investigation plan. State the changed, measured and controlled variables, repeat trials and instructions another group could reproduce. Identify relevant safety checks.",https://www.youtube.com/watch?v=3nAETHZTObk,"Official original provides experimental-design concepts. Country/Place protocols, heritage considerations and local safety review remain with the complete topic and teacher; the video is not presented as those protocols. Original author, title and returned embed HTML checked with YouTube oEmbed on 8 September 2026. Source/metadata review; full playback not reviewed."
AC9S8I03,https://www.youtube.com/watch?v=hRAFPdDppzs,What Is the Difference Between Accuracy and Precision?,TED-Ed,8,8,Distinguish measurements that are consistent from measurements that are close to a reference value.,Could a set of measurements be very similar to each other yet still be wrong?,"A 10.0 cm reference length is measured as 11.1, 11.0 and 11.1 cm. Discuss precision and accuracy, then suggest a check on the measuring setup.",https://ed.ted.com/lessons/what-s-the-difference-between-accuracy-and-precision-matt-anticole,"Official TED-Ed measurement lesson by Matt Anticole. Supports choosing and checking measurement methods; using specific laboratory equipment is taught in the written topic. Original author, title and returned embed HTML checked with YouTube oEmbed on 8 September 2026. Source/metadata review; full playback not reviewed."
AC9S8I04,https://www.youtube.com/watch?v=E91bGT9BjYk,How to Spot a Misleading Graph,TED-Ed,8,8,"Choose labels, scales and context that represent data fairly rather than creating a misleading impression.",How can two graphs of the same data make the change look very different?,Plot one short data set twice with different vertical scales. Explain which representation is more useful for your scientific question and label all units.,https://ed.ted.com/lessons/how-to-spot-a-misleading-graph-lea-gaslowitz,"Official TED-Ed lesson by Lea Gaslowitz. Supports fair representation decisions, with construction conventions retained in the static lesson. A zero origin is not imposed on every type of scientific graph. Original author, title and returned embed HTML checked with YouTube oEmbed on 8 September 2026. Source/metadata review; full playback not reviewed."
AC9S8I05,https://www.youtube.com/watch?v=E91bGT9BjYk,How to Spot a Misleading Graph,TED-Ed,8,8,Read scales and context before concluding that data show a strong trend or a large change.,"Which apparent features of a graph come from the data, and which come from the display choices?",Use a data set from the topic to describe its pattern and any unusual point. Recheck the axes before deciding how strong the pattern is.,https://ed.ted.com/lessons/how-to-spot-a-misleading-graph-lea-gaslowitz,"Official TED-Ed source explains axis distortion and missing context. Supports careful interpretation; it does not claim to teach every anomaly-detection or analysis technique. Original author, title and returned embed HTML checked with YouTube oEmbed on 8 September 2026. Source/metadata review; full playback not reviewed."
AC9S8I06,https://www.youtube.com/watch?v=GUpd2HJHUt8,Not All Scientific Studies Are Created Equal,TED-Ed,8,8,Compare study designs and ask whether a claim follows from the evidence collected.,When would an observed relationship still leave alternative explanations open?,"For a claim that students who sleep longer score higher, distinguish an observation from a causal conclusion. Identify a possible confounding factor and a question for further study.",https://ed.ted.com/lessons/not-all-scientific-studies-are-created-equal-david-h-schwartz,"Official TED-Ed source contrasts observational and experimental studies. Supports assumptions and limitations without teaching advanced statistical tests. Original author, title and returned embed HTML checked with YouTube oEmbed on 8 September 2026. Source/metadata review; full playback not reviewed."
AC9S8I07,https://www.youtube.com/watch?v=v4HhzvSgUpU,Evaluating a Source's Reasoning and Evidence,Khan Academy,8,8,Check whether a source provides relevant evidence and sound reasoning for the claim you want to use.,Does an impressive-sounding source actually provide evidence for this particular claim?,Choose a claim from the science lesson. Write a short argument with one relevant piece of evidence and explain why it supports the conclusion; identify the source.,https://www.youtube.com/watch?v=v4HhzvSgUpU,"Official Khan Academy critical-reading original applied deliberately to scientific argumentation. The written topic remains responsible for scientific content, ethical citation and cultural protocols. Original author, title and returned embed HTML checked with YouTube oEmbed on 8 September 2026. Source/metadata review; full playback not reviewed."
AC9S8I08,https://www.youtube.com/watch?v=gCfzeONu3Mo,How Miscommunication Happens and How to Avoid It,TED-Ed,8,8,Consider how an audience's background and assumptions affect its interpretation of an explanation.,What could you change when a listener understands your words differently from what you intended?,"Explain one science result first to a classmate and then to a younger student. Change the vocabulary and diagram labels, while preserving the evidence and conclusion.",https://ed.ted.com/lessons/how-to-avoid-miscommunication-katherine-hampsten,"Official TED-Ed communication lesson by Katherine Hampsten, deliberately applied to communicating scientific findings. It teaches audience awareness; report formats remain in the science topic. Original author, title and returned embed HTML checked with YouTube oEmbed on 8 September 2026. Source/metadata review; full playback not reviewed."
AC9E8LA01,https://www.youtube.com/watch?v=dzSbmCxUyuo,The Scale of Formality,Khan Academy,8,8,Notice how choices of language can signal the relationship between a speaker and a listener.,Why might the same person choose different wording with a close friend and with a school principal?,Write the same request to a friend and to a principal. Identify two language choices that signal the different roles and relationships.,https://www.khanacademy.org/humanities/grammar/usage-and-style/style/v/scale-of-formality,"Official grammar original, intentionally selected for language and social roles. Its US examples support an internationally applicable concept; the broader power and relationship discussion remains in the topic. Original author, title and returned embed HTML checked with YouTube oEmbed on 8 September 2026. Source/metadata review; full playback not reviewed."
AC9E8LA02,https://www.youtube.com/watch?v=A0edKgL9EgM,The Art of the Metaphor,TED-Ed,8,8,Explore how a comparison can add emotional and evaluative meaning beyond its literal words.,What does a metaphor invite you to feel or notice that a literal description does not?,Describe a busy classroom using one simile and one metaphor. Explain the different impression each creates.,https://ed.ted.com/lessons/jane-hirshfield-the-art-of-the-metaphor,"Official TED-Ed lesson by poet Jane Hirshfield, with source description inspected. Age fit is an editorial judgement for secondary readers; no text or poem has been copied. Original author, title and returned embed HTML checked with YouTube oEmbed on 8 September 2026. Source/metadata review; full playback not reviewed."
AC9E8LA03,https://www.youtube.com/watch?v=Go0Mto2fOXY,What Is a Genre?,Oregon State University,8,8,Recognise genre expectations and how a text can combine elements from more than one genre.,How can one text satisfy the expectations of several genres at once?,Choose an age-appropriate film or story that combines two genres. Identify one structural or language feature from each and explain the effect.,https://liberalarts.oregonstate.edu/wlf/what-genre,"Official university literary guide with complete primary transcript read. It distinguishes genre from medium and explicitly explains hybrid examples such as superhero comedy. Brief generic gothic and superhero references are not detailed violence. Original author, title and returned embed HTML checked with YouTube oEmbed on 8 September 2026. Complete official transcript reviewed; exact ID extracted from the university embed. Visual frames and full playback remain unreviewed."
AC9E8LA04,https://www.youtube.com/watch?v=JC24Qcpyn9E,Choosing the Best Text Evidence,Khan Academy,8,8,Select a relevant example or quotation that actually supports a paragraph's claim. Paragraph cohesion is developed further in the topic.,What makes one quotation more useful for a particular claim than another?,"Write a claim about a text you have read, add one short supporting quotation and explain the connection in your own words. Check that every sentence supports the same point.",https://www.youtube.com/watch?v=JC24Qcpyn9E,"Official Khan Academy secondary reading original. Deliberately focuses on the evidence-and-explanation component of stronger paragraphs, not a full paragraph-structure lesson. Original author, title and returned embed HTML checked with YouTube oEmbed on 8 September 2026. Source/metadata review; full playback not reviewed."
AC9E8LA05,https://www.youtube.com/watch?v=fm7QEiEk83o,Relative Clauses,Khan Academy,8,8,See how a clause can sit within a larger sentence and add information about a noun.,"Which words add information, and what remains if that clause is removed?",Expand this sentence using an embedded relative clause: The student presented her findings. Mark the clause boundaries and check that the main clause remains complete.,https://www.khanacademy.org/humanities/grammar/syntax-sentences-and-clauses/phrases-and-clauses/v/relative-clauses-syntax-khan-academy,"Official grammar original introducing relative clauses through relative pronouns. A selected embedded-clause type supports the broader variety required by the topic. Original author, title and returned embed HTML checked with YouTube oEmbed on 8 September 2026. Source/metadata review; full playback not reviewed."
AC9E8LA06,https://www.youtube.com/watch?v=32e3QlxHq7k,What Is Nominalisation?,Academic English UK,8,8,Notice how turning a verb or adjective into a noun changes what a sentence foregrounds and how formal it sounds.,What becomes the focus when an action is expressed as a noun phrase?,Rewrite Students investigated the water quality using a nominalisation. Compare the two versions and decide which is clearer for your purpose.,https://academic-englishuk.com/nominalisation/,"Original free teaching video linked by its creator and verified. Creator page explains the process and its academic effect. Paid worksheets are not included or required; avoid equating heavier noun phrases with better writing. Original author, title and returned embed HTML checked with YouTube oEmbed on 8 September 2026. Source/metadata review; full playback not reviewed."
AC9E8LA07,https://www.youtube.com/watch?v=rF3ANKEPoko,What Is an Allusion?,Oregon State University,8,8,"Understand how recognising a reference adds another layer of meaning, then apply that idea to a visual text.",What extra meaning becomes available when a reader recognises the work being referenced?,"Describe an allusion in a familiar age-appropriate poster, cartoon or film. Explain what a viewer who knows the reference might understand that another viewer could miss.",https://liberalarts.oregonstate.edu/wlf/what-allusion,"Official university transcript read in full: allusions are purposeful brief references and connect texts with cultural knowledge. The video mainly models literary examples; the written lesson and task transfer that precise mechanism to visual texts. Original author, title and returned embed HTML checked with YouTube oEmbed on 8 September 2026. Complete official transcript reviewed; exact ID extracted from the university embed. Moby-Dick, biblical and gothic literary references are explanatory, not devotional or graphic. Visual frames and full playback remain unreviewed."
AC9E8LA08,https://www.youtube.com/watch?v=fiaPqgwJFo4,Latin and Greek Roots and Affixes,Khan Academy,8,8,Use meaningful word parts to unpack unfamiliar vocabulary found in academic subjects.,How can recognising a root narrow down the meaning of an unfamiliar academic word?,"Break biology, geography and microscope into useful word parts. Check their meanings in a dictionary and use one accurately in an informative sentence.",https://www.youtube.com/watch?v=fiaPqgwJFo4,"Official reading original provides a vocabulary-building strategy accessible to secondary learners. Academic register and subject-specific vocabulary are further developed in the written topic. Original author, title and returned embed HTML checked with YouTube oEmbed on 8 September 2026. Source/metadata review; full playback not reviewed."
AC9E8LA09,https://www.youtube.com/watch?v=th-zyfvwDdI,How to Use a Semicolon,TED-Ed,8,8,Use semicolons to connect related complete ideas and clarify complex lists. Dashes are covered separately in the written topic.,When does a semicolon connect two complete clauses successfully?,"Write two related complete sentences, then join them with a semicolon. Explain why a comma alone would not do the same job.",https://ed.ted.com/lessons/how-to-use-a-semicolon-emma-bryce,"Official TED-Ed lesson by Emma Bryce; exact ID extracted from the official lesson page. Supports the semicolon strand, not the whole punctuation outcome. Original author, title and returned embed HTML checked with YouTube oEmbed on 8 September 2026. Source/metadata review; full playback not reviewed."
AC9E8LE01,https://www.youtube.com/watch?v=omsbv-hbXiM,What Is a Setting?,Oregon State University,8,8,Explore how a literary setting can reveal characters' values and connect them with historical and social circumstances.,How can two characters respond differently to the same place because of their values?,"In a class text, compare two responses to a setting. Support your explanation with a detail from the text and relevant contextual information.",https://liberalarts.oregonstate.edu/wlf/what-setting,"Official primary transcript read: a US literary example explores rural/urban attitudes and resource extraction through The White Heron. This is one world-literature example, not First Nations Australian representation. Australian and First Nations texts remain essential in the full lesson. Original author, title and returned embed HTML checked with YouTube oEmbed on 8 September 2026. Complete official transcript reviewed; it mentions hunting and conservation without graphic detail. Exact ID extracted from university embed; visual frames and full playback remain unreviewed."
AC9E8LE02,https://www.youtube.com/watch?v=l3yWmXbC36s,Analysing Tone Through Word Choice,Khan Academy,8,8,Explain how particular word choices contribute to a text's tone and style.,Which words provide the strongest evidence for your opinion about the writer's tone?,Give a brief opinion about the style of a passage. Support it with two language choices and explain why another reader might describe the tone differently.,https://www.khanacademy.org/ela/8th-grade-reading-and-vocabulary/x435b1de09a877dd7%3Athe-world-beneath-8/x435b1de09a877dd7%3Ainterpreting-words-in-context-8/v/analyzing-tone-through-word-choice-reading,"Official Khan Academy original and official 8th-grade course page verified. Tone and wording are the focused component; other literary devices and text structures remain in the topic. Original author, title and returned embed HTML checked with YouTube oEmbed on 8 September 2026. Source/metadata review; full playback not reviewed."
AC9E8LE03,https://www.youtube.com/watch?v=K_3u0e3XwCQ,Identifying Hidden Viewpoints,Khan Academy,8,8,Look for language that guides a reader towards a viewpoint without stating it directly.,What can selection or omission of details suggest about a writer's perspective?,"Choose a short passage from a class text. Identify a language choice that guides your response, then explain how changing it could position the reader differently.",https://www.youtube.com/watch?v=K_3u0e3XwCQ,"Official critical-reading original. Supports recognising implied viewpoints and reader positioning; image analysis is retained in the written topic. Original author, title and returned embed HTML checked with YouTube oEmbed on 8 September 2026. Source/metadata review; full playback not reviewed."
AC9E8LE04,https://www.youtube.com/watch?v=rF3ANKEPoko,What Is an Allusion?,Oregon State University,8,8,Explain how a brief reference to another work can enrich the meaning and effect of a literary text.,Why might an author rely on a brief reference rather than explain the earlier work in full?,Find an allusion in a class text or one supplied by your teacher. Research its source and explain the extra understanding it adds to the passage.,https://liberalarts.oregonstate.edu/wlf/what-allusion,"Official university guide directly explains allusion as an intertextual mechanism and the effect of shared cultural knowledge. It supports one type of intertextual reference, not every intertextual technique. Original author, title and returned embed HTML checked with YouTube oEmbed on 8 September 2026. Complete official transcript reviewed; exact ID extracted from the university embed. Biblical and gothic references are presented as literary context. Visual frames and full playback remain unreviewed."
AC9E8LE05,https://www.youtube.com/watch?v=l3yWmXbC36s,Analysing Tone Through Word Choice,Khan Academy,8,8,Connect word choices and connotations with a writer's attitude and its effect on meaning.,How would replacing one loaded word with a neutral word change the tone?,Rewrite two sentences from your own draft with a more hopeful tone. Explain which vocabulary or sentence-pattern changes produced the effect.,https://www.khanacademy.org/ela/8th-grade-reading-and-vocabulary/x435b1de09a877dd7%3Athe-world-beneath-8/x435b1de09a877dd7%3Ainterpreting-words-in-context-8/v/analyzing-tone-through-word-choice-reading,"Official 8th-grade reading course contains this original. Supports tone and language analysis; detailed imagery and sentence-pattern analysis continue in the written lesson. Original author, title and returned embed HTML checked with YouTube oEmbed on 8 September 2026. Source/metadata review; full playback not reviewed."
AC9E8LE06,https://www.youtube.com/watch?v=RSoRzTtwgP4,How to Write Descriptively,TED-Ed,8,8,Experiment with concrete details and imagery that help a reader imagine a fictional scene.,Which detail invites the reader to experience the scene rather than just receive information about it?,Write a brief arrival at an unfamiliar school using two senses and one deliberate image. Edit out a detail that distracts from your intended effect.,https://ed.ted.com/lessons/how-to-write-fiction-that-comes-alive-nalo-hopkinson,"Official TED-Ed lesson by novelist Nalo Hopkinson; exact ID confirmed against the creator lesson page. The focus is literary drafting and editing, not copying the writer's examples. Original author, title and returned embed HTML checked with YouTube oEmbed on 8 September 2026. Source/metadata review; full playback not reviewed."
AC9E8LY01,https://www.youtube.com/watch?v=omsbv-hbXiM,What Is a Setting?,Oregon State University,8,8,Read details of place and time as clues to the social or historical circumstances a text reflects.,When does a description of a place reveal more than its physical appearance?,Identify a setting detail in a class text. Explain what it suggests about the text's historical or social context and distinguish textual evidence from your inference.,https://liberalarts.oregonstate.edu/wlf/what-setting,"Official full transcript links a US story's setting with resource extraction and contrasting values. This is an explicit literary-context example; other text types and author contexts remain in the written topic. Original author, title and returned embed HTML checked with YouTube oEmbed on 8 September 2026. Complete official transcript reviewed; hunting and conservation are discussed without graphic detail. Exact ID extracted from university embed; visual frames and full playback remain unreviewed."
AC9E8LY02,https://www.youtube.com/watch?v=gCfzeONu3Mo,How Miscommunication Happens and How to Avoid It,TED-Ed,8,8,Use listening and clarification to check intended meanings before supporting or challenging a spoken claim.,How can checking your interpretation prevent a disagreement based on a misunderstanding?,"With a partner, discuss a school issue. Paraphrase the other person's point and ask one clarifying question before responding with a supported view.",https://ed.ted.com/lessons/how-to-avoid-miscommunication-katherine-hampsten,"Official TED-Ed communication lesson by Katherine Hampsten. Directly relevant to interaction and implied meaning; apply to the specific discussion purpose in the written lesson. Original author, title and returned embed HTML checked with YouTube oEmbed on 8 September 2026. Source/metadata review; full playback not reviewed."
AC9E8LY03,https://www.youtube.com/watch?v=v4HhzvSgUpU,Evaluating a Source's Reasoning and Evidence,Khan Academy,8,8,Examine whether a writer's selected sources and evidence justify an argument.,"Does the evidence support the actual claim, or only a related point?","Identify a claim, supporting source and quotation in an article. Explain whether the evidence is relevant and how its presentation suits the intended audience.",https://www.youtube.com/watch?v=v4HhzvSgUpU,"Official Khan Academy original, focused on sources and reasoning. Audience-related variation in other language features remains in the full topic. Original author, title and returned embed HTML checked with YouTube oEmbed on 8 September 2026. Source/metadata review; full playback not reviewed."
AC9E8LY04,https://www.youtube.com/watch?v=-GY2Cj1w_PY,Part-to-Whole Relationships in Text Structure,Khan Academy,8,8,Connect the purpose of a sentence or paragraph with the meaning of the whole text.,What would be lost if a particular paragraph were moved or removed?,Annotate a short article with each paragraph's role. Explain how the order builds the writer's meaning and test your explanation by proposing one change.,https://www.khanacademy.org/ela/new-6th-grade-reading-and-vocabulary/x8ddea1200317e822%3Acraft-and-structure-6/x8ddea1200317e822%3Aanalyzing-text-structure/v/part-to-whole-relationships-in-text-structure-reading,"Official original covers how smaller textual parts contribute to a whole. Earlier-grade course placement provides accessible support; the learner analysis applies it to a Year 8 text. Original author, title and returned embed HTML checked with YouTube oEmbed on 8 September 2026. Source/metadata review; full playback not reviewed."
AC9E8LY05,https://www.youtube.com/watch?v=J2KHX1Pm5co,What Is Close Reading?,Oregon State University,8,8,"Reread, annotate and test interpretations against details in the text.",How is an observation about the text different from an interpretation of that observation?,"Read a short passage twice. Record two observations, propose an inference and check it against another detail. Revise the inference if the evidence does not support it.",https://liberalarts.oregonstate.edu/wlf/what-close-reading-definition-and-strategies,"Official university transcript read in full: observation and interpretation are recursive, supported by annotation and evidence. This supports monitoring, questioning and inference; the other comprehension strategies remain in the topic. Original author, title and returned embed HTML checked with YouTube oEmbed on 8 September 2026. Complete official transcript reviewed; exact ID extracted from the university embed. Visual frames and full playback remain unreviewed."
AC9E8LY06,https://www.youtube.com/watch?v=RSoRzTtwgP4,How to Write Descriptively,TED-Ed,8,8,Draft and revise an imaginative text with details chosen for a particular reader experience.,How can a precise sensory detail make a scene clearer without adding unnecessary length?,"Plan a brief scene for Year 8 readers, write it, then revise one paragraph for a chosen mood. Explain one detail you added and one you removed.",https://ed.ted.com/lessons/how-to-write-fiction-that-comes-alive-nalo-hopkinson,"Official TED-Ed lesson by Nalo Hopkinson. Explicitly supports the imaginative-writing strand; reflective, informative, persuasive, analytical and multimodal work remain in the complete topic. Original author, title and returned embed HTML checked with YouTube oEmbed on 8 September 2026. Source/metadata review; full playback not reviewed."
AC9E8LY07,https://www.youtube.com/watch?v=3klMM9BkW5o,How to Use Rhetoric to Get What You Want,TED-Ed,8,8,"Plan a persuasive presentation by considering credibility, reasoning and the audience's concerns.",How can you appeal to an audience while keeping the evidence accurate?,"Prepare a one-minute presentation proposing a useful school improvement. Include a clear claim, relevant evidence and one audience connection, then rehearse and revise your delivery.",https://ed.ted.com/lessons/how-to-use-rhetoric-to-get-what-you-want-camille-a-langston,"Official TED-Ed animation by Camille A. Langston, not a TED/TEDx stage talk. Introduces rhetorical choices for a persuasive speech; other presentation purposes and modes remain in the written topic. Original author, title and returned embed HTML checked with YouTube oEmbed on 8 September 2026. Source/metadata review; full playback not reviewed."
AC9E8LY08,https://www.youtube.com/watch?v=fiaPqgwJFo4,Latin and Greek Roots and Affixes,Khan Academy,8,8,Use knowledge of word parts to learn unfamiliar words and strengthen spelling recall.,Which part stays stable when related words change their form or function?,"Build a word family around photograph. Mark the shared parts, check the spelling of each word and write a sentence that demonstrates one meaning.",https://www.youtube.com/watch?v=fiaPqgwJFo4,"Official reading original. Used deliberately as a morphology-based spelling strategy, not as the only spelling knowledge needed in Year 8. Original author, title and returned embed HTML checked with YouTube oEmbed on 8 September 2026. Source/metadata review; full playback not reviewed."
AC9M9N01,https://www.youtube.com/watch?v=cLP7INqs3JM,Introduction to rational and irrational numbers,Khan Academy,9,9,Recognise rational and irrational numbers within the real number system.,What feature distinguishes a repeating decimal from an irrational decimal?,"Classify 0.125, one third and the square root of 7; justify each classification.",https://www.khanacademy.org/math/grade-8-fl-best/x227e06ed62a17eb7%3Arational-irrational-numbers/x227e06ed62a17eb7%3Airrational-numbers/v/introduction-to-rational-and-irrational-numbers,Official Khan lesson summary and indexed original video description checked. Classification support; digital problem-solving remains in the topic lesson. Text/metadata review only; full audiovisual playback not completed.
AC9M9A01,https://www.youtube.com/watch?v=CZ5ne_mX5_I,Multiplying and dividing powers with integer exponents,Khan Academy,9,9,Apply exponent laws when multiplying and dividing powers with integer exponents.,When should exponents be added and when should they be subtracted?,Simplify a to the power 5 times a to the power negative 2; state the restriction when a appears in a denominator.,https://www.youtube.com/watch?v=CZ5ne_mX5_I,"Indexed original Khan description checked; Victorian education resource independently links the exact original ID. Integer-exponent worked examples, not a fractional-exponent extension. Text/metadata review only; full audiovisual playback not completed."
AC9M9A02,https://www.youtube.com/watch?v=eF6zYNzlZKQ,Examples of factoring quadratics with a leading coefficient of 1,Khan Academy,9,9,Factorise monic quadratic expressions by finding suitable factor pairs.,How must the two selected numbers relate to both coefficients?,"Factorise x squared plus 7x plus 12, then expand your factors to check.",https://www.youtube.com/watch?v=eF6zYNzlZKQ,Indexed original Khan title and description checked. Monic factorisation support only; other algebraic manipulation stays in the written lesson. Text/metadata review only; full audiovisual playback not completed.
AC9M9A03,https://www.youtube.com/watch?v=Ez_-RwV9WVo,Midpoint formula,Khan Academy,9,9,Find a midpoint by averaging the coordinates of two endpoints.,Why do we average the x-coordinates and y-coordinates separately?,"Find the midpoint between (2, 7) and (8, 3), then check it on a coordinate grid.",https://www.khanacademy.org/math/geometry/hs-geo-analytic-geometry/hs-geo-distance-and-midpoints/v/midpoint-formula,Official Khan lesson summary and original YouTube title checked. Covers the midpoint component; gradient and distance require the topic lesson. Text/metadata review only; full audiovisual playback not completed.
AC9M9A04,https://www.youtube.com/watch?v=3a7UbMJpeIM,Graphing a Quadratic Function,Khan Academy,9,9,Connect a quadratic equation with its parabolic graph.,Which features of the graph help you identify where the function is zero?,"Graph y = x squared minus 4 using a table, and compare its intercepts with the solutions of x squared minus 4 = 0.",https://www.youtube.com/watch?v=3a7UbMJpeIM,Indexed original Khan title and fundraiser attribution checked. Graphing support; do not treat it as complete coverage of algebraic solution methods. Text/metadata review only; full audiovisual playback not completed.
AC9M9A05,https://www.youtube.com/watch?v=kPzBt5gUFuY,Modeling free fall with quadratic functions,Khan Academy,9,9,Use a quadratic model to describe how a falling object changes height.,"What do the variables mean, and which values make sense in the physical situation?","For h = 20 minus 5t squared, compare the predicted height after 1 second and 2 seconds and identify one simplifying assumption.",https://www.khanacademy.org/math/algebra-1-illustrative-math/x6418b49dfbc9d0c9%3Aquadratic-functions-intro/x6418b49dfbc9d0c9%3Abuilding-quadratic-functions-to-describe-situations-part1/v/modeling-free-fall-with-quadratic-functions,"Official Khan summary, 2:35 lesson listing and indexed original upload checked. A concrete modelling example; financial contexts and model comparison remain in the topic lesson. Text/metadata review only; full audiovisual playback not completed."
AC9M9A06,https://www.youtube.com/watch?v=99v51U3HSCU,Shifting and scaling parabolas,Khan Academy,9,9,Connect changes in a quadratic expression with movement and scaling of its graph.,Which change moves a parabola vertically without changing its shape?,"Use a graphing tool to compare y = x squared, y = x squared plus 3 and y = 2x squared; describe what changes.",https://www.khanacademy.org/math/algebra/x2f8bb11595b61c86%3Aquadratic-functions-equations/x2f8bb11595b61c86%3Atransform-quadratic-functions/v/shifting-and-scaling-parabolas,Official Khan lesson summary and original indexed video checked. Parameter investigation appropriate to Year 9; no calculus needed. Text/metadata review only; full audiovisual playback not completed.
AC9M9M01,https://www.youtube.com/watch?v=gL3HxBQyeg0,Cylinder volume and surface area,Khan Academy,9,9,Distinguish the volume of a cylinder from the area covering its surfaces.,Where do the two circular ends appear in the surface-area calculation?,"For a closed cylinder of radius 3 cm and height 5 cm, calculate volume and total surface area with correct units.",https://www.khanacademy.org/math/geometry/hs-geo-solids/hs-geo-solids-intro/v/cylinder-volume-and-surface-area,Official Khan summary and original upload attribution checked. Cylinder component; right-prism problems remain in the topic lesson. Text/metadata review only; full audiovisual playback not completed.
AC9M9M02,https://www.youtube.com/watch?v=trdbaV4TaAo,Introduction to scientific notation,Khan Academy,9,9,Express very large and very small measurements using powers of ten.,Why must the first factor in standard scientific notation be at least 1 and less than 10?,"Write 0.000032 metres and 47000000 seconds in scientific notation, keeping the units attached.",https://www.youtube.com/watch?v=trdbaV4TaAo,Indexed original Khan introduction description checked. Scientific notation foundation; unit conversion and time-interval applications remain in the topic lesson. Text/metadata review only; full audiovisual playback not completed.
AC9M9SP02,https://www.youtube.com/watch?v=b4ORXN7a0-w,Dilation scale factor examples,Khan Academy,9,9,Use a scale factor to relate an original shape to its enlarged image.,What happens to angles and side-length ratios under an enlargement?,"Enlarge a triangle with sides 3 cm, 4 cm and 5 cm by scale factor 2; compare its perimeter and area with the original.",https://www.youtube.com/watch?v=b4ORXN7a0-w,Original indexed Khan upload attribution and description checked. Dilation is the US term for an enlargement or reduction; task uses Australian terminology. Text/metadata review only; full audiovisual playback not completed.
AC9M9M03,https://www.youtube.com/watch?v=l5VbdqRjTXc,Using trigonometry to solve a right triangle,Khan Academy,9,9,Choose a trigonometric ratio to calculate an unknown side of a right-angled triangle.,How do the known angle and side determine which ratio is useful?,Sketch a right-angled triangle with hypotenuse 10 m and an angle of 35 degrees; calculate the side opposite that angle.,https://www.youtube.com/watch?v=l5VbdqRjTXc,Original Khan indexed description checked: right-triangle side and angle worked example. Focuses on trigonometry within the broader spatial-problem code. Text/metadata review only; full audiovisual playback not completed.
AC9M9M04,https://www.youtube.com/watch?v=ic4SLe82Y8A,Errors in Measurement II: Introduction to Percentage Errors,Eddie Woo,9,9,Relate a measurement error to the size of the quantity being measured.,Why can the same absolute error produce very different percentage errors?,Compare a 0.5 cm possible error in lengths recorded as 10 cm and 100 cm; calculate and interpret the percentages.,https://www.youtube.com/watch?v=ic4SLe82Y8A,"Original indexed Eddie Woo lesson title and channel attribution checked. Australian classroom teacher; measurement-error lesson, not percentage change. Text/metadata review only; full audiovisual playback not completed."
AC9M9M05,https://www.youtube.com/watch?v=kcOwC7uqJNE,Direct Proportion,Corbettmaths,9,9,Build and use a direct-proportion relationship with a constant multiplier.,What assumption allows the same constant of proportionality to apply throughout?,"Model the cost of fabric at 8 dollars per metre, then explain how a delivery fee would change the model.",https://corbettmaths.com/2013/04/04/direct-proportion/,Official creator lesson page and original indexed upload description checked. Direct proportion and its constant; full practical modelling cycle remains in the topic lesson. Text/metadata review only; full audiovisual playback not completed.
AC9M9SP01,https://www.youtube.com/watch?v=QuZMXVJNLCo,"Similarity to define sine, cosine, and tangent",Khan Academy,9,9,Explain why a fixed acute angle gives constant side ratios in similar right-angled triangles.,Why do enlargements change side lengths but leave the three trigonometric ratios unchanged?,Compare opposite-to-hypotenuse ratios in similar right-angled triangles with corresponding lengths doubled; explain the result.,https://www.youtube.com/watch?v=QuZMXVJNLCo,Original indexed Khan trigonometry title and description checked. Similarity-based meaning of ratios; no unit-circle extension required. Text/metadata review only; full audiovisual playback not completed.
AC9M9SP03,https://www.youtube.com/watch?v=WR2R_wrdEVY,Constructing a perpendicular bisector using a compass and straightedge,Khan Academy,9,9,Follow and explain a geometric construction as an ordered sequence of steps.,Which choice of compass radius allows the arcs to intersect on both sides of the segment?,"Write an algorithm for the construction, test it on a second segment and add a decision that catches an unsuitable compass radius.",https://www.youtube.com/watch?v=WR2R_wrdEVY,Original indexed Khan uploader and construction description checked. Provides a concrete construction to turn into an algorithm; does not claim to teach all algorithm design. Text/metadata review only; full audiovisual playback not completed.
AC9M9ST01,https://www.youtube.com/watch?v=PdXDLNNXPik,Techniques for random sampling and avoiding bias,Khan Academy,9,9,Evaluate whether the way a survey sample is chosen can support conclusions about a population.,Which members of the population could a convenient survey location leave out?,"For a survey estimating average student travel time, identify the population, propose a random sampling method and name one possible bias.",https://www.youtube.com/watch?v=PdXDLNNXPik,Original indexed Khan study-design upload checked. Introductory sampling techniques are within Year 9 despite the AP Statistics course label. Text/metadata review only; full audiovisual playback not completed.
AC9M9ST02,https://www.youtube.com/watch?v=PdXDLNNXPik,Techniques for random sampling and avoiding bias,Khan Academy,9,9,Compare sampling methods and the biases they can introduce.,How does a genuinely random sample differ from asking whoever volunteers?,Compare a lunchtime volunteer survey with a random sample from the school roll; explain how each could affect the result.,https://www.youtube.com/watch?v=PdXDLNNXPik,Original indexed Khan study-design upload checked. Sampling component; representation choices remain in the topic lesson. Text/metadata review only; full audiovisual playback not completed.
AC9M9ST03,https://www.youtube.com/watch?v=KXDOOmquZag,Comparing distributions with dot plots,Khan Academy,9,9,Compare two numerical distributions using the features visible in dot plots.,"What can you say about a typical value and the spread, rather than just the fastest observation?","Draw dot plots for 5, 6, 6, 7, 8 and 4, 6, 6, 7, 11; compare centre, spread and the effect of the largest value.",https://www.khanacademy.org/math/statistics-probability/displaying-describing-data/comparing-features-distributions/v/comparing-swim-times-at-the-olympics,Official Khan lesson summary and original video description checked. Accessible worked comparison supporting Year 9 analysis; other displays are in the topic lesson. Text/metadata review only; full audiovisual playback not completed.
AC9M9ST04,https://www.youtube.com/watch?v=E91bGT9BjYk,How to spot a misleading graph,TED-Ed — Lea Gaslowitz,9,9,Evaluate whether a graph communicates its data fairly.,Which design choice could make a small numerical difference look dramatic?,"Draw the same two values on two different vertical scales, then justify a fair display for comparing them.",https://ed.ted.com/lessons/how-to-spot-a-misleading-graph-lea-gaslowitz,"Official TED-Ed lesson summary, named educator and original YouTube description checked. Focuses on scale and fair representation; students still choose a graph appropriate to data type. Text/metadata review only; full audiovisual playback not completed."
AC9M9ST05,https://www.youtube.com/watch?v=PdXDLNNXPik,Techniques for random sampling and avoiding bias,Khan Academy,9,9,Plan a survey whose sampling method makes its conclusions more credible.,How should the intended population influence your choice of sample?,"Plan an investigation of students’ travel times: state a question, sampling method, data display and one limit on your conclusion.",https://www.youtube.com/watch?v=PdXDLNNXPik,Original indexed Khan study-design upload checked. Sample-design component of a broader investigation; no inference formulas added. Text/metadata review only; full audiovisual playback not completed.
AC9M9P01,https://www.youtube.com/watch?v=VjLEoo3hIoM,Dependent probability introduction,Khan Academy,9,9,Understand why probabilities can change when an item is selected without replacement.,"After the first item is removed, what changes in the total and in the favourable outcomes?","Draw a two-stage tree for a bag with 3 red and 2 blue counters, drawing twice without replacement; label every branch.",https://www.khanacademy.org/districts-courses/algebra-1-ops-pilot-textbook/x6e6af225b025de50%3Ach12-data-analysis-and-probability/x6e6af225b025de50%3Aprobability-compound-events/v/introduction-to-dependent-probability,Official Khan dependent-probability lesson and 6:38 listing plus indexed original video checked. Without-replacement component; compare replacement in the topic activity. Text/metadata review only; full audiovisual playback not completed.
AC9M9P02,https://www.youtube.com/watch?v=QE2uR6Z-NcU,Addition rule for probability,Khan Academy,9,9,Use overlap in a Venn diagram to interpret inclusive or in probability.,Why does adding the two event probabilities count the overlap twice?,"In 40 trials, A occurred 18 times, B 15 times and both 6 times. Estimate inclusive-or and exclusive-or probabilities and explain the difference.",https://www.youtube.com/watch?v=QE2uR6Z-NcU,Original indexed Khan description explicitly covers Venn diagrams and the addition rule. Task connects the rule to relative frequencies; other event language stays in the topic lesson. Text/metadata review only; full audiovisual playback not completed.
AC9M9P03,https://www.youtube.com/watch?v=Nos-xOCpQqg,Experimental versus theoretical probability simulation,Khan Academy,9,9,Compare the result of repeated simulated trials with a theoretical probability.,Why can an experimental proportion vary even when the theoretical probability stays fixed?,"Simulate pairs of fair coin tosses, compare the proportions of two heads after 20 and 200 trials, and describe the variation.",https://www.youtube.com/watch?v=Nos-xOCpQqg,Original indexed Khan upload attribution and simulation title checked. Simulation component suitable for Year 9; does not introduce formal sampling distributions. Text/metadata review only; full audiovisual playback not completed.
AC9S9U01,https://www.youtube.com/watch?v=Iz0Q9nTZCw4,Homeostasis and Negative/Positive Feedback,Amoeba Sisters,9,9,Explain negative feedback using body-temperature and blood-glucose regulation.,How does a negative-feedback response oppose the original change?,"Draw a feedback loop for rising body temperature and label stimulus, coordination and response.",https://www.youtube.com/watch?v=Iz0Q9nTZCw4,"Original indexed description checked: temperature, blood glucose and a biological childbirth example of positive feedback. Secondary-school biology; the task focuses on the required negative-feedback mechanism. Text/metadata review only; full audiovisual playback not completed."
AC9S9U02,https://www.youtube.com/watch?v=fcGDUcGjcyk,Asexual and Sexual Reproduction,Amoeba Sisters,9,9,Compare reproduction involving gametes with reproduction that produces genetically similar offspring.,How does the source of genetic information differ between sexual and asexual reproduction?,Compare a plant producing runners with a flowering plant producing seeds; explain one advantage of each reproductive strategy.,https://www.amoebasisters.com/parameciumparlorcomics/asexual-and-sexual-reproduction,"Creator page explicitly links this original YouTube ID; creator recap confirms plantlets, gametes and genetic variation. Reproduction-strategy support, not full organ anatomy. Text/metadata review only; full audiovisual playback not completed."
AC9S9U03,https://www.youtube.com/watch?v=zrD3tMNPjXU,What Is the Carbon Cycle? Part 1,FuseSchool,9,9,Follow carbon as it moves through photosynthesis and respiration.,How can the same carbon atom move from atmospheric carbon dioxide into a living organism?,Draw a carbon pathway from atmosphere to plant to animal and back; label each process and the Earth spheres involved.,https://www.youtube.com/watch?v=zrD3tMNPjXU,Original indexed FuseSchool environmental-chemistry description checked. Biological carbon transfers; the full Earth-system and combustion model remains in the topic lesson. Text/metadata review only; full audiovisual playback not completed.
AC9S9U04,https://www.youtube.com/watch?v=CVsdXKO9xlk,Wave Motion,FuseSchool,9,9,Explain how a wave transfers energy without transporting matter along its whole path.,What moves along the wave and what happens to the particles of the medium?,Sketch a pulse travelling along a rope and show how one marked point moves as the pulse passes.,https://www.youtube.com/watch?v=CVsdXKO9xlk,"Original indexed FuseSchool description checked: energy transfer and waves through solids, liquids and gases. Mechanical-wave model component; limitations and particle models remain in the topic lesson. Text/metadata review only; full audiovisual playback not completed."
AC9S9U05,https://www.youtube.com/watch?v=qTaaErZJJHI,Energy Efficiency,FuseSchool,9,9,Distinguish useful energy output from energy dissipated to the surroundings.,Why can an inefficient device still obey conservation of energy?,A device receives 500 J and transfers 150 J usefully. Calculate its efficiency and account for the remaining energy.,https://www.youtube.com/watch?v=qTaaErZJJHI,Original indexed FuseSchool energy lesson description checked. Describes usefulness and dissipated waste heat rather than energy being destroyed. Text/metadata review only; full audiovisual playback not completed.
AC9S9U06,https://www.youtube.com/watch?v=UtZw9jfIxXM,Stable and Unstable Nuclei,FuseSchool,9,9,Connect nuclear instability with natural radioactive decay towards more stable states.,Why is a nucleus with an unsuitable balance of protons and neutrons unstable?,Draw a labelled atom and distinguish the part involved in radioactive decay from the electrons involved in ordinary chemical change.,https://www.youtube.com/watch?v=UtZw9jfIxXM,Original indexed FuseSchool description checked: nuclear stability and radioactive decay. Covers the decay component; history of the atomic model remains in the written lesson. Text/metadata review only; full audiovisual playback not completed.
AC9S9U07,https://www.youtube.com/watch?v=bSlqA8nedGQ,How to Balance Equations — Part 1,FuseSchool,9,9,Balance simple equations by conserving the number of atoms of each element.,Why do we change coefficients rather than alter the chemical formulas?,Balance hydrogen reacting with oxygen to form water; use an atom count to explain the law of conservation of mass.,https://www.youtube.com/watch?v=bSlqA8nedGQ,"Original indexed FuseSchool description checked: symbolic chemical equations, balancing and conservation of mass. No stoichiometric mole calculations introduced. Text/metadata review only; full audiovisual playback not completed."
AC9S9H01,https://www.youtube.com/watch?v=nIMx0ZBMPxg,Guiding the peer review process at Nature Communications,Nature Portfolio,9,9,See how editors and peer reviewers examine a scientific paper before publication.,What different roles do an editor and a peer reviewer play?,Outline how a proposed finding could be checked before and after publication; explain why publication alone is not proof that a claim is correct.,https://www.nature.com/ncomms/video,Publisher primary video listing names Dr Michelle Trenkmann and describes the matching original video. Real journal process supports publication and peer-review component. Text/metadata review only; full audiovisual playback not completed.
AC9S9H02,https://www.youtube.com/watch?v=xzjowD1KN20,How to Use a Microscope,FuseSchool,9,9,Use microscopy as an example of technology extending what scientists can observe.,What can a microscope reveal that unaided human vision cannot?,Explain how better microscopic observations could change an explanation of disease; identify both the technology and the scientific advance.,https://www.youtube.com/watch?v=xzjowD1KN20,Original indexed FuseSchool microscopy lesson checked; description introduces historical advice and observation. Instrument example only; other science-engineering links remain in the topic lesson. Text/metadata review only; full audiovisual playback not completed.
AC9S9H03,https://www.youtube.com/watch?v=yqUFy-t4MlQ,How We Conquered the Deadly Smallpox Virus,TED-Ed — Simona Zompi,9,9,Examine the adoption of a scientific practice through the history of smallpox prevention.,What evidence and social actions were needed beyond an initial discovery?,"Explain two factors that helped a disease-prevention practice spread, using the historical example and distinguishing evidence from public acceptance.",https://ed.ted.com/lessons/how-we-conquered-the-deadly-smallpox-virus-simona-zompi/digdeeper,"Official TED-Ed lesson summary and original video description checked. Historical disease and vaccination account suitable as a secondary science case study, not a practical experiment or medical advice. Text/metadata review only; full audiovisual playback not completed."
AC9S9H04,https://www.youtube.com/watch?v=yqUFy-t4MlQ,How We Conquered the Deadly Smallpox Virus,TED-Ed — Simona Zompi,9,9,Connect a major community health need with the direction of scientific investigation.,How did the harm caused by smallpox create a reason to investigate prevention?,Identify the societal need driving the research and one ethical question raised by historical testing; compare it with expectations for research today.,https://ed.ted.com/lessons/how-we-conquered-the-deadly-smallpox-virus-simona-zompi/digdeeper,Official TED-Ed summary and original video checked. Historical disease context with ethical discussion; students must not reproduce historical procedures. Text/metadata review only; full audiovisual playback not completed.
AC9S9I01,https://www.youtube.com/watch?v=_TL8LUxHkTg,Experimental Design Review: Before the Bell Biology,Amoeba Sisters,9,9,Connect a testable question and hypothesis with independent and dependent variables.,How would you turn a broad question into a relationship that can be tested?,"Write a reasoned hypothesis about how light intensity affects plant growth, identifying what changes and what is measured.",https://www.youtube.com/watch?v=_TL8LUxHkTg,Original creator description checked: experimental-design vocabulary before biology labs and a design question. Appropriate for secondary science; no advanced statistical tests required. Text/metadata review only; full audiovisual playback not completed.
AC9S9I02,https://www.youtube.com/watch?v=_TL8LUxHkTg,Experimental Design Review: Before the Bell Biology,Amoeba Sisters,9,9,Identify variables and controls needed for a valid comparison.,Which condition would make two groups an unfair comparison?,"Plan a safe seed-growth comparison, stating the changed variable, measured response, controlled conditions and repeated trials.",https://www.youtube.com/watch?v=_TL8LUxHkTg,"Original creator description checked. Variables-and-controls component only; risk assessment, ethics and Country/Place protocols must stay explicit in the topic lesson. Text/metadata review only; full audiovisual playback not completed."
AC9S9I03,https://www.youtube.com/watch?v=MRX2laaTZHY,"Calculating Reliability, Accuracy and Precision",FuseSchool,9,9,Distinguish closeness to an accepted value from agreement among repeated measurements.,Can a set of measurements be tightly grouped but still inaccurate?,"Compare three readings of a known 10.0 g mass: 9.1, 9.1 and 9.2 g. Explain what a calibration check could reveal.",https://www.youtube.com/watch?v=MRX2laaTZHY,Original indexed title/description and official FuseSchool chemical-calculations playlist attribution checked. Measurement-quality component; averaging cannot remove a systematic bias. Text/metadata review only; full audiovisual playback not completed.
AC9S9I04,https://www.youtube.com/watch?v=E91bGT9BjYk,How to Spot a Misleading Graph,TED-Ed — Lea Gaslowitz,9,9,Choose scales and visual representations that communicate scientific data fairly.,How could a graph choice hide variation or exaggerate a difference?,"Design a labelled graph for temperature measured every minute; justify the axes, units and scale.",https://ed.ted.com/lessons/how-to-spot-a-misleading-graph-lea-gaslowitz,"Official TED-Ed lesson summary and educator checked. Graph-design component of scientific data representation; tables, statistics and models remain in the topic lesson. Text/metadata review only; full audiovisual playback not completed."
AC9S9I05,https://www.youtube.com/watch?v=15aWaGYheJs,"CER: Claim, Evidence, Reasoning in Biology",Amoeba Sisters,9,9,Connect patterns in investigation results with a claim and its scientific explanation.,"Which observations count as evidence, and what additional reasoning connects them to a claim?","Using results from your class investigation, identify a pattern, note an anomaly and explain what conclusion the evidence supports.",https://www.youtube.com/watch?v=15aWaGYheJs,"Original indexed Amoeba Sisters description checked: a biological investigation using claim, evidence and reasoning. Interpretation support; no claim of full data-analysis coverage. Text/metadata review only; full audiovisual playback not completed."
AC9S9I06,https://www.youtube.com/watch?v=MRX2laaTZHY,"Calculating Reliability, Accuracy and Precision",FuseSchool,9,9,Evaluate whether consistent measurements are sufficient to support a valid conclusion.,What kind of error could remain even when repeated readings agree?,Critique a conclusion based on repeated readings from an uncalibrated instrument; propose a check and state the remaining uncertainty.,https://www.youtube.com/watch?v=MRX2laaTZHY,Original indexed title/description and official FuseSchool playlist attribution checked. Measurement-quality component; other method-validity and conflicting-evidence checks stay in the topic lesson. Text/metadata review only; full audiovisual playback not completed.
AC9S9I07,https://www.youtube.com/watch?v=15aWaGYheJs,"CER: Claim, Evidence, Reasoning in Biology",Amoeba Sisters,9,9,Build a scientific argument that links relevant evidence to a justified claim.,How does reasoning do more than repeat the evidence?,"Write a claim from class data, select two supporting observations and explain the scientific connection; acknowledge a limitation.",https://www.youtube.com/watch?v=15aWaGYheJs,Original Amoeba Sisters description checked. Scientific argument structure; ethical use of secondary sources and cultural protocols remain in the topic lesson. Text/metadata review only; full audiovisual playback not completed.
AC9S9I08,https://www.youtube.com/watch?v=15aWaGYheJs,"CER: Claim, Evidence, Reasoning in Biology",Amoeba Sisters,9,9,"Organise a clear explanation around a claim, supporting evidence and scientific reasoning.",How could you present the same evidence for a younger audience without changing its meaning?,"Turn an investigation conclusion into a short explanation for Year 6 learners, defining one scientific term and retaining the key evidence.",https://www.youtube.com/watch?v=15aWaGYheJs,"Original Amoeba Sisters description checked. Evidence-based explanation component; audience adaptation is an original application task, not a claim about video coverage. Text/metadata review only; full audiovisual playback not completed."
AC9E9LA01,https://www.youtube.com/watch?v=TXtMB1vwVaM,What Are Dialects?,Oregon State University — Dr Tekla Bude,9,9,"Explore how language varieties signal identity, relationships and social power.",Why can a judgement about someone’s dialect also be a judgement about their social group?,Compare a request to a friend with a request to a principal; explain how your language choices shape the relationship without ranking dialects as inferior.,https://liberalarts.oregonstate.edu/wlf/what-are-dialects-oregon-state-guide-grammar,"Full official transcript read; original YouTube ID obtained from the university embed link. Explicitly addresses language, identity, prestige and power; suitable for secondary English. Text/metadata review only; full audiovisual playback not completed."
AC9E9LA02,https://www.youtube.com/watch?v=A0edKgL9EgM,The Art of the Metaphor,TED-Ed — Jane Hirshfield,9,9,Analyse how a metaphor can express an attitude indirectly.,What judgement or feeling does a metaphor communicate beyond its literal words?,Describe the same school rule as a safety net and as a cage; explain the contrasting evaluations.,https://ed.ted.com/lessons/jane-hirshfield-the-art-of-the-metaphor,"Official TED-Ed lesson summary, educator and original YouTube description checked. Metaphor component; allusion and other evaluative devices remain in the topic lesson. Text/metadata review only; full audiovisual playback not completed."
AC9E9LA03,https://www.youtube.com/watch?v=izMt9fcAzno,What Is a Parody?,Oregon State University — Dr Ehren Pflugfelder,9,9,Examine how an author imitates and changes familiar conventions to create a different effect.,Which recognisable features does a parody need to retain for its changes to make sense?,Invent a short mock announcement about a lost pencil using the structure of a grand public speech; explain which conventions you exaggerated.,https://liberalarts.oregonstate.edu/wlf/what-parody-definition-examples,"Full official transcript read and original ID obtained from university embed. Explores adaptation across writing, performance and other media. Brief US copyright discussion is contextual, not Australian legal advice. Text/metadata review only; full audiovisual playback not completed."
AC9E9LA04,https://www.youtube.com/watch?v=dNlkHtMgcPQ,Beware of Nominalizations: Zombie Nouns,TED-Ed — Helen Sword,9,9,Identify nominalisations and consider when condensed wording helps or obscures a connection between ideas.,When does turning an action into a noun make the sentence harder to follow?,"Rewrite a sentence using the noun investigation to connect to an earlier idea, then check whether the link is clearer.",https://ed.ted.com/lessons/beware-of-nominalizations-aka-zombie-nouns-helen-sword,Official TED-Ed lesson and indexed original @TEDEd upload checked. The video critiques overuse; nominalisation is also useful for cohesion and is not always an error. Other cohesive devices remain in the topic lesson. Text/metadata review only; full audiovisual playback not completed.
AC9E9LA05,https://www.youtube.com/watch?v=DrqILBzGZVE,What Is Syntax in Grammar?,Oregon State University — Dr Tekla Bude,9,9,Analyse how varying expected word order can emphasise ideas and create a literary effect.,What changes when a writer rearranges normal word order while preserving an understandable meaning?,Rewrite a short description with a different opening and one deliberate fragment; explain how each choice changes emphasis.,https://liberalarts.oregonstate.edu/wlf/what-syntax-oregon-state-guide-grammar,"Full official transcript read and ID taken from university embed. Uses grammatical expectations and a Shakespeare example of deliberate variation. Fragment writing is the application, not claimed complete video coverage. Text/metadata review only; full audiovisual playback not completed."
AC9E9LA06,https://www.youtube.com/watch?v=dNlkHtMgcPQ,Beware of Nominalizations: Zombie Nouns,TED-Ed — Helen Sword,9,9,Recognise how actions become abstract nouns and evaluate the resulting clarity.,"Which noun can be unpacked into an action, and what information becomes clearer when you unpack it?",Turn the students decided to revise into a noun phrase beginning the students’ decision; compare what each version foregrounds.,https://ed.ted.com/lessons/beware-of-nominalizations-aka-zombie-nouns-helen-sword,"Official TED-Ed summary and indexed original upload checked. Cautionary style lesson: nominalisations are useful tools when they summarise ideas clearly, not mistakes by definition. Text/metadata review only; full audiovisual playback not completed."
AC9E9LA07,https://www.youtube.com/watch?v=ppNYZq-hYTw,What Does This Symbol Actually Mean?,TED-Ed — Adrian Treharne,9,9,Analyse how the design of a familiar visual symbol carries meanings beyond the object pictured.,How can a small change to a symbol change what it suggests about people and access?,"Design a symbol for an inclusive school activity, then explain two visual choices and a possible misinterpretation.",https://ed.ted.com/lessons/what-does-this-symbol-actually-mean-adrian-treharne,Official TED-Ed summary and original video description checked. International Symbol of Access case study supports still-image symbolism; moving-image analysis stays in the topic lesson. Text/metadata review only; full audiovisual playback not completed.
AC9E9LA08,https://www.youtube.com/watch?v=RSoRzTtwgP4,How to Write Descriptively,TED-Ed — Nalo Hopkinson,9,9,Examine how precise descriptive vocabulary shapes the atmosphere of a scene.,Which words make the reader experience the scene instead of receiving a general label?,Describe an empty corridor twice: once to create anticipation and once to create calm. Explain three vocabulary changes.,https://ed.ted.com/lessons/how-to-write-fiction-that-comes-alive-nalo-hopkinson,"Official TED-Ed lesson summary, educator and original video description checked; official Writers Workshop playlist corroborates title. Supports vocabulary and mood, with tone and style developed in the topic lesson. Text/metadata review only; full audiovisual playback not completed."
AC9E9LA09,https://www.youtube.com/watch?v=opp259YvaoE,APA In-Text Citations Explained in 4 Minutes,Scribbr,9,9,"See how punctuation separates author, date and location information in one formal citation style.",Which punctuation marks distinguish the quoted words from the citation information?,"Using source details supplied by your teacher, format one quotation and citation; explain how the reader can locate the original.",https://www.scribbr.com/apa-style/in-text-citation/,"Official Scribbr guide read and exact ID obtained from its embedded video link. APA is a worked example, not a mandated Australian Curriculum citation style; follow the style required for the task. Text/metadata review only; full audiovisual playback not completed."
AC9E9LE01,https://www.youtube.com/watch?v=omsbv-hbXiM,What Is a Setting?,Oregon State University — Dr Raymond Malewitz,9,9,Analyse how a literary place connects a character’s situation with a wider historical and social context.,How does a description of place reveal a conflict beyond the individual character?,"In a class-selected First Nations Australian or other literary text, connect a setting detail to its specific context and support your analysis with evidence.",https://liberalarts.oregonstate.edu/wlf/what-setting,"Full official transcript read and ID from university embed checked. US White Heron example links rural setting, resource extraction and worldview. It does not replace First Nations Australian voices or the contextual teaching required by this code. Text/metadata review only; full audiovisual playback not completed."
AC9E9LE02,https://www.youtube.com/watch?v=J2KHX1Pm5co,What Is Close Reading?,Oregon State University — Clare Braun,9,9,Move from an initial impression to an interpretation grounded in specific textual evidence.,How can rereading a pattern or an unexpected detail change your first interpretation?,"Record your first response to a class text, reread it closely and explain one change in your response using evidence from the whole text.",https://liberalarts.oregonstate.edu/wlf/what-close-reading-definition-and-strategies,"Full official transcript read; exact ID from university embed. Observe, annotate and interpret process supports subsequent analysis; personal response is supplied by the student. Text/metadata review only; full audiovisual playback not completed."
AC9E9LE03,https://www.youtube.com/watch?v=JwhouCNq-Fc,What Makes a Poem a Poem?,TED-Ed — Melissa Kovacs,9,9,Identify features of poetry and consider how they contribute to a reader’s preference.,"Which feature of poetry appeals to you, and why might another reader respond differently?",Compare a poem and a short prose passage chosen in class; explain your preference through two specific features rather than subject matter alone.,https://ed.ted.com/lessons/what-makes-a-poem-a-poem-melissa-kovacs,Official TED-Ed lesson summary and indexed original @TEDEd upload checked. A poetry example for evaluating preference; not a claim that all readers prefer the same features. Text/metadata review only; full audiovisual playback not completed.
AC9E9LE04,https://www.youtube.com/watch?v=A0edKgL9EgM,The Art of the Metaphor,TED-Ed — Jane Hirshfield,9,9,Evaluate how imagery and metaphor contribute to the aesthetic appeal of a literary style.,What makes a comparison vivid or surprising without making it confusing?,"Choose one metaphor in a class poem and evaluate how its image, sound or associations contribute to the poet’s style.",https://ed.ted.com/lessons/jane-hirshfield-the-art-of-the-metaphor,Official TED-Ed description and educator checked. Metaphor-focused evaluation of literary style; other stylistic features remain in the written lesson. Text/metadata review only; full audiovisual playback not completed.
AC9E9LE05,https://www.youtube.com/watch?v=4IOsFCieGQA,What Is an Allegory?,Oregon State University — Dr Tekla Bude,9,9,Analyse how a story or image can convey ideas through a sustained representational pattern.,How is an allegorical reading different from treating a picture as a literal record?,Invent a short scenario in which a team crossing a river represents cooperation; explain the connections and one possible alternative interpretation.,https://liberalarts.oregonstate.edu/wlf/what-allegory,"Full official transcript read and exact original ID obtained from university embed. Uses Inside Out, a historical painting and a photograph of dogs. Allegory component; metonymy and intertextuality remain in the topic lesson. Text/metadata review only; full audiovisual playback not completed."
AC9E9LE06,https://www.youtube.com/watch?v=izMt9fcAzno,What Is a Parody?,Oregon State University — Dr Ehren Pflugfelder,9,9,Experiment with a recognisable style and deliberately alter it for a chosen audience.,How does the purpose of a parody affect what its creator exaggerates?,Create an original mock heroic description of an everyday school task; edit the vocabulary and structure so the intended humour is clear.,https://liberalarts.oregonstate.edu/wlf/what-parody-definition-examples,Full official transcript read; exact university embed ID checked. Parody provides one form of literary experimentation. Task uses original invented wording and makes no rights-clearance claim. Text/metadata review only; full audiovisual playback not completed.
AC9E9LY01,https://www.youtube.com/watch?v=omsbv-hbXiM,What Is a Setting?,Oregon State University — Dr Raymond Malewitz,9,9,Connect representations of place and people with historical and social circumstances.,"How do two characters view the same setting differently, and what does that reveal about context?",Compare two descriptions of the same place in a class text; explain how each speaker’s circumstances shape the representation.,https://liberalarts.oregonstate.edu/wlf/what-setting,Full official transcript read and original university embed ID checked. Historical rural/urban case study; compare its analytical method with the contexts in the SkillrHub lesson. Text/metadata review only; full audiovisual playback not completed.
AC9E9LY02,https://www.youtube.com/watch?v=3klMM9BkW5o,How to Use Rhetoric to Get What You Want,TED-Ed — Camille A. Langston,9,9,"Listen for appeals to credibility, reasoning and emotion in a persuasive speech.",How does the speaker invite a particular audience to respond?,"Discuss a short class-selected speech: identify one persuasive choice, cite the moment and respond respectfully to a different interpretation.",https://ed.ted.com/lessons/how-to-use-rhetoric-to-get-what-you-want-camille-a-langston,"Official TED-Ed lesson, educator and original video description checked. Rhetorical analysis supports listening; discussion and interaction are the follow-up activity. Text/metadata review only; full audiovisual playback not completed."
AC9E9LY03,https://www.youtube.com/watch?v=3klMM9BkW5o,How to Use Rhetoric to Get What You Want,TED-Ed — Camille A. Langston,9,9,Evaluate how persuasive language presents an issue from a particular perspective.,Can an emotional appeal be effective while still requiring evidence for its claim?,"Write two opening sentences about a school proposal from different viewpoints, then explain how each positions the audience.",https://ed.ted.com/lessons/how-to-use-rhetoric-to-get-what-you-want-camille-a-langston,"Official TED-Ed lesson and indexed original upload checked. Ethos, logos and pathos offer a specific lens for evaluating perspective; not a substitute for source evidence. Text/metadata review only; full audiovisual playback not completed."
AC9E9LY04,https://www.youtube.com/watch?v=I0SMvLu2D1Y,How to Write Strong Essay Body Paragraphs,Scribbr,9,9,"Connect a paragraph’s purpose, evidence and explanation within a larger argument.",How does the order of the evidence and explanation guide the reader’s understanding?,"Reorder a paragraph from your draft, then explain which sequence makes the reasoning clearest and why.",https://www.scribbr.com/research-paper/paragraph-structure/,Official Scribbr paragraph guide and original indexed video description checked. Argumentative-paragraph example; not a compulsory template for every text type. Text/metadata review only; full audiovisual playback not completed.
AC9E9LY05,https://www.youtube.com/watch?v=J2KHX1Pm5co,What Is Close Reading?,Oregon State University — Clare Braun,9,9,"Use rereading, annotation and inference to develop and compare evidence-based interpretations.",What is the difference between a directly observed detail and an interpretation based on that detail?,Compare two short class texts on the same idea; annotate supporting details and explain a similarity and a difference in viewpoint.,https://liberalarts.oregonstate.edu/wlf/what-close-reading-definition-and-strategies,Full official transcript read and exact university embed ID checked. Close-reading strategies support comparison; comparison across two texts is the original application task. Text/metadata review only; full audiovisual playback not completed.
AC9E9LY06,https://www.youtube.com/watch?v=ZQTQSbjecLg,How to Build a Fictional World,TED-Ed — Kate Messner,9,9,Plan a coherent fictional setting whose rules shape characters and events.,How do consistent rules help a reader believe an invented world?,"Plan a short narrative setting with three clear rules, then revise a scene so its details follow those rules and suit your audience.",https://ed.ted.com/lessons/how-to-build-a-fictional-world-kate-messner,"Official TED-Ed summary, educator and original YouTube description checked. Imaginative-writing planning component; other purposes, modes and publishing steps remain in the topic lesson. Text/metadata review only; full audiovisual playback not completed."
AC9E9LY07,https://www.youtube.com/watch?v=JHl4yUQMBYA,Keeping Your Audience Engaged,Toastmasters International,9,9,"Use vocal variety, clear speech structure and rehearsal to sustain an audience’s attention.",How can a change in your voice help listeners recognise an important part of your message?,"Rehearse a one-minute explanation twice, varying pace and emphasis; ask a listener which version makes the main point clearer.",https://www.toastmasters.org/Resources/Video-Library/keeping-your-audience-engaged,"Official Toastmasters lesson description checked: vocal variety, speech structure, practice and authenticity. Exact original YouTube ID obtained from the creator page embed; original indexed upload description corroborates purpose. Replaces the TED Talk to avoid TED-specific licensing conditions. Text/metadata review only; full audiovisual playback not completed."
AC9E9LY08,https://www.youtube.com/watch?v=TXtMB1vwVaM,What Are Dialects?,Oregon State University — Dr Tekla Bude,9,9,Understand dialect and accent as context for interpreting distinctive written voices respectfully.,"How does an accent differ from a dialect, and why should neither be treated as a sign of intelligence?",Examine an invented line of dialogue in your own voice; explain how a deliberate spelling choice could represent speech and how you would avoid caricature.,https://liberalarts.oregonstate.edu/wlf/what-are-dialects-oregon-state-guide-grammar,Full official transcript read and original university embed ID checked. Dialect/accent context supports the spelling-effects code; deliberate spelling and humour are developed in the topic lesson. Text/metadata review only; full audiovisual playback not completed.
AC9M10N01,https://www.youtube.com/watch?v=9a5vHXsUvUw,The infinite life of pi - Reynaldo Lopes,TED-Ed,10,10,Why pi is an exact mathematical constant even though its decimal representation must be approximated.,Why can a short decimal approximation never contain all of pi?,Calculate the total area of 100 circles of radius 3 cm using pi and then 3.14. Compare the totals before rounding.,https://ed.ted.com/lessons/the-infinite-life-of-pi-reynaldo-lopes,"2026-09-08: YouTube oEmbed confirmed original creator, title and embeddable player metadata. Creator metadata and available source text reviewed; not a full audiovisual review. Supports the exact-versus-approximate distinction; repeated-calculation error is developed in the SkillrHub task."
AC9M10A01,https://www.youtube.com/watch?v=2ZzuZvz33X0,Solving a quadratic equation by factoring,Khan Academy,10,10,Using factorisation and the zero-product property to solve a quadratic equation.,Why does a product equal to zero allow two separate equations?,"Expand (x - 2)(x + 5), then solve x² + 3x - 10 = 0 and check both answers.",https://www.youtube.com/watch?v=2ZzuZvz33X0,"2026-09-08: YouTube oEmbed confirmed original creator, title and embeddable player metadata. Creator metadata and available source text reviewed; not a full audiovisual review. Partial outcome: quadratic factorisation; exponent-law practice remains in the main lesson."
AC9M10A02,https://www.youtube.com/watch?v=wYrxKGt_bLg,Systems of equations with elimination (and manipulation),Khan Academy,10,10,Multiplying and combining equations to eliminate a variable.,Why must every term be multiplied when an equation is scaled?,Solve 2x + 3y = 12 and 3x - 2y = 5; check the solution in both equations and on a graph.,https://www.youtube.com/watch?v=wYrxKGt_bLg,"2026-09-08: YouTube oEmbed confirmed original creator, title and embeddable player metadata. Creator metadata and available source text reviewed; not a full audiovisual review. Uses systems of equations for Australian simultaneous equations; inequalities remain in the main lesson."
AC9M10A03,https://www.youtube.com/watch?v=9SOSfRNCQZQ,Graphing exponential functions,Khan Academy,10,10,Connecting an exponential expression with its table and graph.,What happens to the output when the input increases by one?,Make a table and graph of y = 2ˣ for x from -2 to 3; identify where y = 8.,https://www.youtube.com/watch?v=9SOSfRNCQZQ,"2026-09-08: YouTube oEmbed confirmed original creator, title and embeddable player metadata. Creator metadata and available source text reviewed; not a full audiovisual review. Selected for algebra–graph connections within Year 10, not advanced logarithmic solving."
AC9M10A04,https://www.youtube.com/watch?v=m5Tf6vgoJtQ,Exponential growth and decay word problems,Khan Academy,10,10,Interpreting a repeated percentage change as an exponential model.,How does the multiplication factor show growth or decay?,Model a 2000-dollar bicycle losing 15% of its value each year. State one reason the model may eventually be unrealistic.,https://www.khanacademy.org/math/algebra-home/alg-exp-and-log/alg-intro-to-rate-of-exponential-growth-and-decay/v/word-problem-solving-exponential-growth-and-decay,"2026-09-08: YouTube oEmbed confirmed original creator, title and embeddable player metadata. Creator metadata and available source text reviewed; not a full audiovisual review. Financial examples are mathematical models, not financial advice; linear/quadratic model selection remains in the lesson."
AC9M10A05,https://www.youtube.com/watch?v=MDav5OMpCto,Shifting functions,Khan Academy,10,10,Predicting how changing a function expression translates its graph.,How can you check a predicted shift using a point on the original graph?,"Use a graphing tool to compare y = x², y = (x - 2)² and y = x² + 2; write and test a translation conjecture.",https://www.youtube.com/watch?v=MDav5OMpCto,"2026-09-08: YouTube oEmbed confirmed original creator, title and embeddable player metadata. Creator metadata and available source text reviewed; not a full audiovisual review. Supports a digital conjecture investigation; does not claim to teach every function or bisection."
AC9M10M01,https://www.youtube.com/watch?v=SQCk0jO8cpA,Volumes of Composite Solids,Eddie Woo,10,10,Splitting a composite solid into familiar solids before calculating volume.,"Which dimensions belong to each component, and which volumes must be added or subtracted?","Sketch a cylinder joined to a hemisphere, label dimensions and write a volume calculation with consistent units.",https://www.youtube.com/watch?v=SQCk0jO8cpA,"2026-09-08: YouTube oEmbed confirmed original creator, title and embeddable player metadata. Creator metadata and available source text reviewed; not a full audiovisual review. Australian secondary mathematics educator, original @misterwootube upload. Volume focus; surface area remains in the lesson."
AC9M10M02,https://www.youtube.com/watch?v=sBhEi4L91Sg,Logarithmic scale,Khan Academy,10,10,Reading equal multiplicative steps on a logarithmic scale.,What does equal spacing mean on a logarithmic scale compared with a linear scale?,"Place 1, 10, 100 and 1000 on a base-10 logarithmic axis; explain the change from 10 to 1000.",https://www.khanacademy.org/math/algebra-home/alg-exp-and-log/alg-logarithmic-scale/v/logarithmic-scale,"2026-09-08: YouTube oEmbed confirmed original creator, title and embeddable player metadata. Creator metadata and available source text reviewed; not a full audiovisual review. "
AC9M10M03,https://www.youtube.com/watch?v=Sja5rEqmpa4,Angles Of Elevation & Depression,FuseSchool - Global Education,10,10,Drawing the horizontal reference line for an angle of elevation or depression.,Why is an angle measured from a horizontal line rather than a vertical line?,Draw a 30° angle of elevation from a point 20 m from a tower. Choose a trigonometric ratio to estimate its height above eye level.,https://www.youtube.com/watch?v=Sja5rEqmpa4,"2026-09-08: YouTube oEmbed confirmed original creator, title and embeddable player metadata. Creator metadata and available source text reviewed; not a full audiovisual review. "
AC9M10M04,https://www.youtube.com/watch?v=hRAFPdDppzs,What's the difference between accuracy and precision? - Matt Anticole,TED-Ed,10,10,Distinguishing consistent measurements from measurements close to the true value.,Can repeated measurements be precise but inaccurate?,A ruler reads every length 2 mm too large. Explain how this affects the calculated perimeter of a rectangle.,https://ed.ted.com/lessons/what-s-the-difference-between-accuracy-and-precision-matt-anticole,"2026-09-08: YouTube oEmbed confirmed original creator, title and embeddable player metadata. Creator metadata and available source text reviewed; not a full audiovisual review. Measurement-error companion; propagation calculations are in the main lesson."
AC9M10SP01,https://www.youtube.com/watch?v=6s1CI3uuhko,Proof: Sum of measures of angles in a triangle are 180,Khan Academy,10,10,Using a parallel line and known angle relationships to construct a deductive proof.,Which steps depend on a theorem rather than on measuring the diagram?,Draw a different triangle and write a reason for each step proving its angle sum is 180°.,https://www.khanacademy.org/math/geometry-essentials/x4ed6fe35e53aafaa%3Acongruence/x4ed6fe35e53aafaa%3Atheorems-concerning-triangle-properties/v/proof-sum-of-measures-of-angles-in-a-triangle-are-180,"2026-09-08: YouTube oEmbed confirmed original creator, title and embeddable player metadata. Creator metadata and available source text reviewed; not a full audiovisual review. Familiar theorem used to model Year 10 proof, not merely to recall the angle sum."
AC9M10SP02,https://www.youtube.com/watch?v=nZwSo4vfw6c,How the Königsberg bridge problem changed mathematics - Dan Van der Vieren,TED-Ed,10,10,Replacing a real route problem with vertices and edges in a network.,"Which details of the city matter to the network, and which can be ignored?",Draw a network for four rooms linked by doorways; explain whether every room can be reached.,https://www.youtube.com/watch?v=nZwSo4vfw6c,"2026-09-08: YouTube oEmbed confirmed original creator, title and embeddable player metadata. Creator metadata and available source text reviewed; not a full audiovisual review. "
AC9M10ST01,https://www.youtube.com/watch?v=sxYrzzy3cq8,How statistics can be misleading - Mark Liddell,TED-Ed,10,10,How grouping data can reverse an apparent statistical relationship.,Why might an overall percentage tell a different story from the subgroup percentages?,"Find a statistical claim and list the groups, sample sizes and missing context you would check before accepting it.",https://ed.ted.com/lessons/how-statistics-can-be-misleading-mark-liddell,"2026-09-08: YouTube oEmbed confirmed original creator, title and embeddable player metadata. Creator metadata and available source text reviewed; not a full audiovisual review. Simpson’s paradox is used qualitatively to evaluate media claims; no advanced formal statistics required."
AC9M10ST02,https://www.youtube.com/watch?v=lT3LRjtSbJc,Example: Comparing distributions,Khan Academy,10,10,"Comparing distributions through shape, centre, spread and outliers.",Why is comparing only the averages not enough to describe two distributions?,"Compare two boxplots using median, interquartile range, overall spread and possible outliers; explain one feature a boxplot does not reveal.",https://www.youtube.com/watch?v=lT3LRjtSbJc,"2026-09-08: YouTube oEmbed confirmed original creator, title and embeddable player metadata. Creator metadata and available source text reviewed; not a full audiovisual review. AP Statistics label but introductory descriptive comparison fits Year 10. Constructing boxplots remains in the main lesson."
AC9M10ST03,https://www.youtube.com/watch?v=30LcZqRfPRY,"Bivariate relationship linearity, strength and direction",Khan Academy,10,10,"Describing the direction, strength and form of a scatterplot relationship.",How can a relationship be strong without being linear?,"Sketch strong positive linear, weak negative linear and strong curved relationships; describe each without claiming causation.",https://www.khanacademy.org/math/algebra-1-fl-best/x91c6a5a4a9698230%3Awriting-linear-functions/x91c6a5a4a9698230%3Afitting-trend-lines-to-scatterplots/v/bivariate-relationship-linearity-strength-and-direction,"2026-09-08: YouTube oEmbed confirmed original creator, title and embeddable player metadata. Creator metadata and available source text reviewed; not a full audiovisual review. AP Statistics branding, but this introductory descriptive concept directly matches Year 10."
AC9M10ST04,https://www.youtube.com/watch?v=_ETPMszULXc,Two-way relative frequency tables,Khan Academy,10,10,Comparing conditional proportions in a two-way table.,Why can raw counts mislead when the groups have different sizes?,Create a two-way table for travel method and year group; compare row percentages and describe a possible association.,https://www.khanacademy.org/math/algebra-1-eureka-squared-aligned/x15446f63b23e2a07%3Aequations-and-inequalities-in-two-variables/x15446f63b23e2a07%3Abivariate-categorical-data-and-conditional-relative-frequency-tables/v/two-way-relative-frequency-tables,"2026-09-08: YouTube oEmbed confirmed original creator, title and embeddable player metadata. Creator metadata and available source text reviewed; not a full audiovisual review. Original Grade 8 label is a concept prerequisite, applied here to Year 10 interpretation."
AC9M10P01,https://www.youtube.com/watch?v=6xPkG2pA-TU,Calculating conditional probability,Khan Academy,10,10,Restricting the sample space after learning that an event has occurred.,What changes in the denominator when a condition is given?,"For a standard six-sided die, find the probability of a number greater than 3 given that the result is even; explain the restricted outcomes.",https://www.khanacademy.org/math/statistics-probability/probability-library/conditional-probability-independence/v/calculating-conditional-probability,"2026-09-08: YouTube oEmbed confirmed original creator, title and embeddable player metadata. Creator metadata and available source text reviewed; not a full audiovisual review. "
AC9S10U02,https://www.youtube.com/watch?v=mZt1Gn0R22Q,Myths and misconceptions about evolution - Alex Gendler,TED-Ed,10,10,Explaining natural selection without assuming organisms choose to change or evolution has a goal.,How does selection act on variation that is already present in a population?,"Explain how antibiotic resistance can become more common using variation, inheritance and differential survival.",https://www.youtube.com/watch?v=mZt1Gn0R22Q,"2026-09-08: YouTube oEmbed confirmed original creator, title and embeddable player metadata. Creator metadata and available source text reviewed; not a full audiovisual review. Evolution mechanism companion; fossil and molecular evidence are developed in the lesson."
AC9S10U03,https://www.youtube.com/watch?v=DmUiCweDic4,"The beginning of the universe, for beginners - Tom Whyntie",TED-Ed,10,10,How the expanding universe and early-universe physics support a scientific origin model.,How do scientists investigate the early universe when they cannot observe its beginning directly?,List two observations used to test the Big Bang model and explain what each observation supports.,https://ed.ted.com/lessons/the-beginning-of-the-universe-for-beginners-tom-whyntie,"2026-09-08: YouTube oEmbed confirmed original creator, title and embeddable player metadata. Creator metadata and available source text reviewed; not a full audiovisual review. TED-Ed lesson by a CERN physicist; qualitative model and evidence focus."
AC9S10U04,https://www.youtube.com/watch?v=ztWHqUFJRTs,Climate change: Earth's giant game of Tetris - Joss Fong,TED-Ed,10,10,Using a model of the carbon cycle to explain how extra greenhouse gases change Earth’s energy balance.,"Where does the Tetris analogy help explain accumulation, and where does the analogy have limits?","Draw carbon transfers among air, water, living things and rocks; explain how an increase in atmospheric carbon dioxide affects outgoing energy.",https://www.youtube.com/watch?v=ztWHqUFJRTs,"2026-09-08: YouTube oEmbed confirmed original creator, title and embeddable player metadata. Creator metadata and available source text reviewed; not a full audiovisual review. Stable mechanism companion from 2014; do not use any dated numerical values as current climate statistics."
AC9S10U05,https://www.youtube.com/watch?v=0efXaBr_JcU,Newton's Second Law,FuseSchool - Global Education,10,10,"Connecting resultant force, mass and acceleration through F = ma.",What happens to acceleration when force doubles and mass is unchanged?,Calculate the acceleration of a 4 kg trolley under an 8 N resultant force; then explain the result if its mass doubles.,https://www.youtube.com/watch?v=0efXaBr_JcU,"2026-09-08: YouTube oEmbed confirmed original creator, title and embeddable player metadata. Creator metadata and available source text reviewed; not a full audiovisual review. Second-law focus; all three laws are taught in the main lesson."
AC9S10U06,https://www.youtube.com/watch?v=P6DMEgE8CK8,How Does The Periodic Table Work,FuseSchool - Global Education,10,10,Relating the arrangement of the periodic table to atomic structure and recurring properties.,What does the position of an element tell you about its atomic structure?,"Compare sodium and magnesium using atomic number, electron arrangement and their positions in the table.",https://www.youtube.com/watch?v=P6DMEgE8CK8,"2026-09-08: YouTube oEmbed confirmed original creator, title and embeddable player metadata. Creator metadata and available source text reviewed; not a full audiovisual review. "
AC9S10U07,https://www.youtube.com/watch?v=ExHV_cFWYSM,Rates of Reaction - Part 2,FuseSchool - Global Education,10,10,Explaining how changing conditions affects the rate of a chemical reaction.,How does a change in conditions alter the frequency of successful particle collisions?,Predict how crushing a solid reactant changes its reaction rate and identify a variable to keep constant.,https://www.youtube.com/watch?v=ExHV_cFWYSM,"2026-09-08: YouTube oEmbed confirmed original creator, title and embeddable player metadata. Creator metadata and available source text reviewed; not a full audiovisual review. Reaction-rate focus; synthesis, decomposition and displacement patterns remain in the lesson. Use explanation, not unsupervised home chemical experiments."
AC9S10H01,https://www.youtube.com/watch?v=rOCQZ7QnoN0,Peer Review in 3 Minutes,libncsu,10,10,How peer reviewers examine research before publication.,"What can peer review check, and why is publication still not proof that a claim is correct?","Trace a research claim from study to review to publication, then name a later finding that could require revision.",https://www.youtube.com/watch?v=rOCQZ7QnoN0,"2026-09-08: YouTube oEmbed confirmed original creator, title and embeddable player metadata. Creator metadata and available source text reviewed; not a full audiovisual review. Original North Carolina State University Libraries channel; accessible introduction to scholarly publication."
AC9S10I01,https://www.youtube.com/watch?v=3nAETHZTObk,Nature of Science,Amoeba Sisters,10,10,Turning observations into testable explanations and evidence-based investigations.,What makes a hypothesis testable rather than just an opinion?,Write a reasoned hypothesis about light and seedling growth; identify the measured outcome and a result that would challenge the hypothesis.,https://www.youtube.com/watch?v=3nAETHZTObk,"2026-09-08: YouTube oEmbed confirmed original creator, title and embeddable player metadata. Creator metadata and available source text reviewed; not a full audiovisual review. General secondary science introduction applied to Year 10 experimental reasoning."
AC9S10I02,https://www.youtube.com/watch?v=J9kCgWAuB0Y,"Variables in Science: Independent, Dependent and Controlled!",BioMan Biology,10,10,"Distinguishing what is changed, measured and controlled in an investigation.",How would changing two factors at once weaken the conclusion?,"Plan a safe paper-helicopter investigation: identify variables, repeats, measurement method and one risk control.",https://www.youtube.com/watch?v=J9kCgWAuB0Y,"2026-09-08: YouTube oEmbed confirmed original creator, title and embeddable player metadata. Creator metadata and available source text reviewed; not a full audiovisual review. Official creator confirmed as BioMan Biology, not Amoeba Sisters. Supports valid design; ethics and Country/Place protocols remain in the lesson."
AC9S10I03,https://www.youtube.com/watch?v=hRAFPdDppzs,What's the difference between accuracy and precision? - Matt Anticole,TED-Ed,10,10,Selecting measurements that are both appropriately precise and close to the true value.,Would repeating a measurement remove a consistent calibration error?,"Choose an instrument for a small length, state its resolution and explain how repeats and calibration improve the data.",https://ed.ted.com/lessons/what-s-the-difference-between-accuracy-and-precision-matt-anticole,"2026-09-08: YouTube oEmbed confirmed original creator, title and embeddable player metadata. Creator metadata and available source text reviewed; not a full audiovisual review. "
AC9S10I04,https://www.youtube.com/watch?v=s_w3EJ2Jzw0,"Comparing dot plots, histograms, and box plots",Khan Academy,10,10,Choosing a representation that makes the relevant pattern in data visible.,What information is kept or lost when the same data are displayed in different ways?,Choose a table and graph for a class investigation and justify why the display fits the variables.,https://www.youtube.com/watch?v=s_w3EJ2Jzw0,"2026-09-08: YouTube oEmbed confirmed original creator, title and embeddable player metadata. Creator metadata and available source text reviewed; not a full audiovisual review. Maths prerequisite reused deliberately for scientific data communication, with a science-specific task."
AC9S10I05,https://www.youtube.com/watch?v=30LcZqRfPRY,"Bivariate relationship linearity, strength and direction",Khan Academy,10,10,"Looking for form, direction, strength and unusual points in paired data.",How can one unusual point affect your description of the overall trend?,"Plot light exposure against plant growth, describe the trend and identify an anomaly that needs checking.",https://www.youtube.com/watch?v=30LcZqRfPRY,"2026-09-08: YouTube oEmbed confirmed original creator, title and embeddable player metadata. Creator metadata and available source text reviewed; not a full audiovisual review. Descriptive scatterplot concept only; data quality and causal explanations remain in the science lesson."
AC9E10LA01,https://www.youtube.com/watch?v=_Z_FOtfKyfo,What makes a language... a language? - Martin Hilpert,TED-Ed,10,10,How social and political judgements influence whether a language variety is recognised or marginalised.,Why can the labels language and dialect depend on more than mutual understanding?,Explain how calling a community’s speech a lesser or incorrect form could exclude its speakers; rewrite that description respectfully.,https://ed.ted.com/lessons/what-makes-a-language-a-language-martin-hilpert,"2026-09-08: YouTube oEmbed confirmed original creator, title and embeddable player metadata. Creator metadata and available source text reviewed; not a full audiovisual review. Language-status case study for empowerment and exclusion. Replaces a TED Talk to keep the selection under the TED-Ed YouTube standard-policy provision."
AC9E10LA02;AC9E10LY03,https://www.youtube.com/watch?v=3klMM9BkW5o,How to use rhetoric to get what you want - Camille A. Langston,TED-Ed,10,10,"Identifying appeals to credibility, reason and emotion in evaluative language.",What does an emotional appeal suggest about the values an audience is expected to share?,"Annotate a persuasive paragraph: identify an appeal, the value it assumes and whether that value is explicit or implied.",https://ed.ted.com/lessons/how-to-use-rhetoric-to-get-what-you-want-camille-a-langston,"2026-09-08: YouTube oEmbed confirmed original creator, title and embeddable player metadata. Creator metadata and available source text reviewed; not a full audiovisual review. A rhetoric lens for value analysis, not a complete list of evaluative language features."
AC9E10LA03;AC9E10LY04,https://www.youtube.com/watch?v=3klMM9BkW5o,How to use rhetoric to get what you want - Camille A. Langston,TED-Ed,10,10,Evaluating how a persuasive text organises appeals for an audience and purpose.,Why might a writer establish credibility before presenting evidence?,Reorder three points in an argument and explain which order better serves its audience and purpose.,https://ed.ted.com/lessons/how-to-use-rhetoric-to-get-what-you-want-camille-a-langston,"2026-09-08: YouTube oEmbed confirmed original creator, title and embeddable player metadata. Creator metadata and available source text reviewed; not a full audiovisual review. Persuasive text example; other genres remain in the topic guide."
AC9E10LA05;AC9E10LA06,https://www.youtube.com/watch?v=xjKruwAfZWk,How to make your writing suspenseful - Victoria Smith,TED-Ed,10,10,How sentence choices and the timing of information can control tension and pacing.,How can delaying a detail change the reader’s expectation?,Rewrite a short scene twice using different sentence lengths and information order; explain the effect of each version.,https://ed.ted.com/lessons/how-to-make-your-writing-suspenseful-victoria-smith,"2026-09-08: YouTube oEmbed confirmed original creator, title and embeddable player metadata. Creator metadata and available source text reviewed; not a full audiovisual review. Year 10 creative-writing companion; suspense examples and imagery require the normal audiovisual review before publication."
AC9E10LA08,https://www.youtube.com/watch?v=Dz8E8UOBFJQ,The Power of Simple Words - Terin Izil,TED-Ed,10,10,Choosing precise words that communicate meaning rather than merely sounding impressive.,When does a longer word make a meaning less clear?,"Revise an academic paragraph: retain necessary technical terms, define one for the audience and replace two vague or inflated expressions.",https://ed.ted.com/lessons/the-power-of-simple-words,"2026-09-08: YouTube oEmbed confirmed original creator, title and embeddable player metadata. Creator metadata and available source text reviewed; not a full audiovisual review. Supports precision and audience awareness; it does not suggest removing essential academic vocabulary."
AC9E10LE01,https://www.youtube.com/watch?v=ctaPAm14L10,How fiction can change reality - Jessica Wise,TED-Ed,10,10,How fictional representations can influence a reader’s understanding of people and society.,How could meeting a viewpoint through a character change a reader’s assumptions?,"Choose a studied literary text and explain how one representation reflects its context, using evidence from the text.",https://ed.ted.com/lessons/jessica-wise-how-fiction-can-change-reality,"2026-09-08: YouTube oEmbed confirmed original creator, title and embeddable player metadata. Creator metadata and available source text reviewed; not a full audiovisual review. General world-literature companion; First Nations Australian perspectives and relevant cultural protocols must come from the studied texts and main lesson."
AC9E10LE03;AC9E10LE07,https://www.youtube.com/watch?v=JwhouCNq-Fc,What makes a poem … a poem? - Melissa Kovacs,TED-Ed,10,10,"Evaluating how poetic form, language and sound create an aesthetic response.",Which poetic feature shapes your response beyond the literal meaning of the words?,Choose a short studied poem; evaluate the effect of one sound feature and one structural choice using textual evidence.,https://ed.ted.com/lessons/what-makes-a-poem-a-poem-melissa-kovacs,"2026-09-08: YouTube oEmbed confirmed original creator, title and embeddable player metadata. Creator metadata and available source text reviewed; not a full audiovisual review. Poetry lens only; do not reproduce copyrighted poem text from the video."
AC9E10LE04,https://www.youtube.com/watch?v=6a6kbU88wu0,How to recognize a dystopia - Alex Gendler,TED-Ed,10,10,"How dystopian fiction questions social values, power and ideas of a perfect society.","Whose freedom is limited in a dystopia, and how does the story position the audience to judge that?","Evaluate a moral position in a studied dystopian passage, distinguishing the character’s position from the text’s overall stance.",https://www.youtube.com/watch?v=6a6kbU88wu0,"2026-09-08: YouTube oEmbed confirmed original creator, title and embeddable player metadata. Creator metadata and available source text reviewed; not a full audiovisual review. Secondary-school literary genre with authoritarianism and oppression themes; appropriate Year 10 concept, with full audiovisual review outstanding."
AC9E10LE06,https://www.youtube.com/watch?v=flthk8SNiiE,Three anti-social skills to improve your writing - Nadia Kalman,TED-Ed,10,10,How distinctive dialogue helps create a recognisable literary voice.,How can the way a character speaks reveal more than the literal information in their words?,"Compare a character’s voice in a studied novel with a film or poem: evaluate how vocabulary, rhythm and delivery influence your emotional response.",https://ed.ted.com/lessons/three-anti-social-skills-to-improve-your-writing-nadia-kalman,"2026-09-08: YouTube oEmbed confirmed original creator, title and embeddable player metadata. Creator metadata and available source text reviewed; not a full audiovisual review. Dialogue lens for comparing literary voice; protest-voice examples remain in the main lesson. Use public or fictional speech for the task. Replaces a TED Talk with a TED-Ed animation."
AC9E10LE08;AC9E10LY06,https://www.youtube.com/watch?v=RSoRzTtwgP4,How to write descriptively - Nalo Hopkinson,TED-Ed,10,10,Selecting sensory detail and language deliberately when crafting a literary voice.,Which detail helps a reader experience the scene instead of just receiving a label?,Write a short scene with a sustained viewpoint and voice; revise two details to suit your intended audience.,https://ed.ted.com/lessons/how-to-write-fiction-that-comes-alive-nalo-hopkinson,"2026-09-08: YouTube oEmbed confirmed original creator, title and embeddable player metadata. Creator metadata and available source text reviewed; not a full audiovisual review. Creative-writing strand; other purposes and multimodal editing remain in the main lesson."
AC9E10LY01,https://www.youtube.com/watch?v=q-Y-z6HmRgI,How to choose your news - Damon Brown,TED-Ed,10,10,"Examining how selection, framing and source choices shape representations in news.",How could two reports of the same event lead readers towards different interpretations?,"Compare two headlines about one event; identify what each foregrounds, omits and assumes about its audience.",https://ed.ted.com/lessons/how-to-choose-your-news-damon-brown,"2026-09-08: YouTube oEmbed confirmed original creator, title and embeddable player metadata. Creator metadata and available source text reviewed; not a full audiovisual review. Media-literacy principles, not a recommendation to rely on any historical news example as current."
AC9E10LY02;AC9E10LY07,https://www.youtube.com/watch?v=3klMM9BkW5o,How to use rhetoric to get what you want - Camille A. Langston,TED-Ed,10,10,Listening for rhetorical appeals and planning a purposeful spoken argument.,"How does the balance of credibility, evidence and emotion change for different audiences?",Prepare a one-minute speech for a school audience; rehearse it and ask a partner to explain which appeal was most effective and why.,https://ed.ted.com/lessons/how-to-use-rhetoric-to-get-what-you-want-camille-a-langston,"2026-09-08: YouTube oEmbed confirmed original creator, title and embeddable player metadata. Creator metadata and available source text reviewed; not a full audiovisual review. Spoken persuasion strand; discussion interaction skills stay in the topic lesson."
AC9M10M05,https://www.youtube.com/watch?v=FPKIueFZxxQ,Similar Figures | Similar Triangles,Khan Academy India - English,10,10,Using similarity and corresponding lengths to reason about scale.,Which lengths must be compared when establishing a scale factor?,Model a tree’s height using its shadow and a metre stick’s shadow. State the assumptions that make the triangles similar and explain a possible measurement error.,https://www.youtube.com/watch?v=FPKIueFZxxQ,"2026-09-08: YouTube oEmbed confirmed original creator, title and embeddable player metadata. Creator metadata and available source text reviewed; not a full audiovisual review. English-language Grade 10 lesson; geometric similarity supports the modelling task, rather than teaching a complete modelling cycle."
AC9M10SP03,https://www.youtube.com/watch?v=GazC3A4OQTE,Dijkstra's Algorithm - Computerphile,Computerphile,10,10,Tracing an algorithm to find a shortest route through a weighted network.,Why does the algorithm repeatedly compare tentative route lengths?,"Draw a five-vertex route network, trace the shortest-path steps, then change one edge weight and test whether the best route changes.",https://www.youtube.com/watch?v=GazC3A4OQTE,"2026-09-08: YouTube oEmbed confirmed original creator, title and embeddable player metadata. Creator metadata and available source text reviewed; not a full audiovisual review. Dr Mike Pound’s graph-based explanation supports the code’s efficient-route elaboration. Algorithm vocabulary is more demanding; use with the worked lesson and do not require programming."
AC9M10ST05,https://www.youtube.com/watch?v=sxYrzzy3cq8,How statistics can be misleading - Mark Liddell,TED-Ed,10,10,How subgroup composition can limit conclusions drawn from aggregated bivariate data.,What should you investigate before attributing an overall difference to just one factor?,Plan an investigation of travel method and journey length; record a possible third variable and explain how it could limit your conclusions.,https://ed.ted.com/lessons/how-statistics-can-be-misleading-mark-liddell,"2026-09-08: YouTube oEmbed confirmed original creator, title and embeddable player metadata. Creator metadata and available source text reviewed; not a full audiovisual review. Simpson’s paradox is a qualitative example of an inference limitation. Replaces a TEDx Talk to avoid its additional usage conditions."
AC9M10P02,https://www.youtube.com/watch?v=4Lb-6rxZxx0,Monty Hall Problem - Numberphile,Numberphile,10,10,Explaining a counter-intuitive conditional-probability problem that can be tested by simulation.,What information does the host have when opening a losing door?,"Simulate 60 games where the host always opens a losing unchosen door and always offers a switch. Compare staying and switching, then discuss sample variation.",https://www.youtube.com/watch?v=4Lb-6rxZxx0,"2026-09-08: YouTube oEmbed confirmed original creator, title and embeddable player metadata. Creator metadata and available source text reviewed; not a full audiovisual review. Direct match to the curriculum’s three-door-problem elaboration; simulation rules are stated explicitly in the task."
AC9S10U01,https://www.youtube.com/watch?v=zrKdz93WlVk,Mitosis vs. Meiosis: Side by Side Comparison,Amoeba Sisters,10,10,"Comparing the purposes, divisions and chromosome outcomes of mitosis and meiosis.",Why must the chromosome number be reduced when gametes are formed?,"Make a comparison table for mitosis and meiosis: purpose, divisions, resulting cells and chromosome number. Explain how meiosis supports variation.",https://www.youtube.com/watch?v=zrKdz93WlVk,"2026-09-08: YouTube oEmbed confirmed original creator, title and embeddable player metadata. Creator metadata and available source text reviewed; not a full audiovisual review. Creator’s official announcement identifies this exact upload. Mendelian inheritance and DNA/gene relationships remain in the main lesson."
AC9S10H02,https://www.youtube.com/watch?v=CNbnLgetqHs,The accident that changed the world - Allison Ramsey and Mary Staicu,TED-Ed,10,10,How a scientific observation became a useful technology through later research and production developments.,Why was discovering a useful substance different from producing enough of it for widespread use?,"Make a short chain linking observation, laboratory research, production technology and a new medical capability in the penicillin story.",https://ed.ted.com/lessons/the-accident-that-changed-the-world-allison-ramsey-and-mary-staicu,"2026-09-08: YouTube oEmbed confirmed original creator, title and embeddable player metadata. Creator metadata and available source text reviewed; not a full audiovisual review. Historical research/technology case study; scientific information, not personal medical advice."
AC9S10H03,https://www.youtube.com/watch?v=ZvhFeGEDFC8,How can we solve the antibiotic resistance crisis? - Gerry Wright,TED-Ed,10,10,"How scientific understanding, public behaviour and practical incentives influence responses to antibiotic resistance.",Why is scientific knowledge alone insufficient to change how antibiotics are used?,"Identify one scientific, one economic and one social factor that could affect adoption of a responsible antibiotic policy.",https://ed.ted.com/lessons/how-can-we-solve-the-antibiotic-resistance-crisis-gerry-wright,"2026-09-08: YouTube oEmbed confirmed original creator, title and embeddable player metadata. Creator metadata and available source text reviewed; not a full audiovisual review. 2020 case study: use the enduring adoption/incentives question, not absolute claims about the current drug-development pipeline."
AC9S10H04,https://www.youtube.com/watch?v=ZvhFeGEDFC8,How can we solve the antibiotic resistance crisis? - Gerry Wright,TED-Ed,10,10,How a social need and research incentives can pull scientific research in different directions.,Why might an urgently needed medicine still attract too little research investment?,"Propose a research-funding priority for antibiotic resistance and justify it using public need, costs and likely benefit.",https://ed.ted.com/lessons/how-can-we-solve-the-antibiotic-resistance-crisis-gerry-wright,"2026-09-08: YouTube oEmbed confirmed original creator, title and embeddable player metadata. Creator metadata and available source text reviewed; not a full audiovisual review. Specific funding/priorities case, not a complete treatment of genetic testing or Australian historical policies. Avoid treating 2020 pipeline claims as current."
AC9S10I06,https://www.youtube.com/watch?v=i60wwZDA1CI,"The method that can ""prove"" almost anything - James A. Smith",TED-Ed,10,10,How selective analysis can create apparently convincing results and weaken reproducibility.,Why can repeatedly testing the same data until something looks significant be misleading?,Evaluate a study that reports only its most favourable result. Name two changes that would make its methods and conclusions more trustworthy.,https://ed.ted.com/lessons/the-method-that-can-prove-almost-anything-james-a-smith,"2026-09-08: YouTube oEmbed confirmed original creator, title and embeddable player metadata. Creator metadata and available source text reviewed; not a full audiovisual review. P-hacking is introduced qualitatively; students are not expected to calculate p-values as a Year 10 core requirement."
AC9S10I07,https://www.youtube.com/watch?v=i60wwZDA1CI,"The method that can ""prove"" almost anything - James A. Smith",TED-Ed,10,10,Checking how evidence was selected before using it to support a scientific argument.,What evidence would you need to judge whether a reported result was selectively chosen?,"Write a claim–evidence–reasoning paragraph that includes a limitation and a conflicting result, with an accurate source citation.",https://ed.ted.com/lessons/the-method-that-can-prove-almost-anything-james-a-smith,"2026-09-08: YouTube oEmbed confirmed original creator, title and embeddable player metadata. Creator metadata and available source text reviewed; not a full audiovisual review. Evidence-quality companion; source permissions and First Nations cultural protocols remain in the main lesson."
AC9S10I08,https://www.youtube.com/watch?v=E91bGT9BjYk,How to spot a misleading graph - Lea Gaslowitz,TED-Ed,10,10,Choosing graph scales and visual features that communicate data honestly.,How can an axis choice exaggerate a difference without changing the recorded numbers?,Create a labelled results graph and a caption for a school audience; explain how your scale and wording prevent a misleading impression.,https://www.youtube.com/watch?v=E91bGT9BjYk,"2026-09-08: YouTube oEmbed confirmed original creator, title and embeddable player metadata. Creator metadata and available source text reviewed; not a full audiovisual review. Scientific visual communication strand; other text types remain in the topic guide."
AC9E10LA04,https://www.youtube.com/watch?v=6gku-vSf9Rk,Smooth: writing paragraph transitions,mistersato411,10,10,Building cohesion by linking the ideas of adjacent paragraphs.,How is an effective transition connected to the argument rather than just a linking word?,Revise the ending and opening of two adjacent paragraphs so their relationship is clear; explain how a nearby image could strengthen or distract from the link.,https://www.youtube.com/watch?v=6gku-vSf9Rk,"2026-09-08: YouTube oEmbed confirmed original creator, title and embeddable player metadata. Creator metadata and available source text reviewed; not a full audiovisual review. Original secondary English teacher channel; paragraph-cohesion focus. Image integration is applied in the task, not claimed as video coverage."
AC9E10LA07,https://www.youtube.com/watch?v=E91bGT9BjYk,How to spot a misleading graph - Lea Gaslowitz,TED-Ed,10,10,Evaluating how visual design choices shape representations in a still image.,"How do scale, framing and visual emphasis influence what a viewer concludes?",Compare two graphic representations of the same figures; evaluate the impression each creates and justify one design improvement.,https://www.youtube.com/watch?v=E91bGT9BjYk,"2026-09-08: YouTube oEmbed confirmed original creator, title and embeddable player metadata. Creator metadata and available source text reviewed; not a full audiovisual review. A precise still-image/nonfiction example; moving-image techniques remain in the main English lesson."
AC9E10LA09,https://www.youtube.com/watch?v=th-zyfvwDdI,How to use a semicolon - Emma Bryce,TED-Ed,10,10,Choosing a semicolon to connect related independent clauses.,How does a semicolon change the relationship between ideas compared with a full stop?,"Write a pair of related clauses, join them with a semicolon, then try a full stop or dash and explain how the rhythm and emphasis change.",https://ed.ted.com/lessons/how-to-use-a-semicolon-emma-bryce,"2026-09-08: YouTube oEmbed confirmed original creator, title and embeddable player metadata. Creator metadata and available source text reviewed; not a full audiovisual review. The video says period; SkillrHub task uses Australian full stop. Author experimentation is applied after the standard construction is understood."
AC9E10LE02,https://www.youtube.com/watch?v=HoXyw909Qu0,Who decides what art means? - Hayley Levitt,TED-Ed,10,10,Considering how author intention and audience interpretation contribute to meaning.,Can two supported interpretations coexist even when the author intended only one?,"Respond to a partner’s interpretation of a studied text: identify supporting evidence, add another reading and explain what changed in your own view.",https://ed.ted.com/lessons/who-decides-what-art-means-hayley-levitt,"2026-09-08: YouTube oEmbed confirmed original creator, title and embeddable player metadata. Creator metadata and available source text reviewed; not a full audiovisual review. Interpretation theory extends across artistic forms; the task applies it to literature."
AC9E10LE05,https://www.youtube.com/watch?v=Hhk4N9A0oCA,What makes a hero? - Matthew Winkler,TED-Ed,10,10,Recognising a recurring narrative structure and comparing how different stories adapt it.,"Which turning point changes a character’s role, and why might an author alter the usual pattern?","Compare two studied stories: identify one shared structural pattern and one deliberate difference, then explain how the difference changes interpretation.",https://ed.ted.com/lessons/what-makes-a-hero-matthew-winkler,"2026-09-08: YouTube oEmbed confirmed original creator, title and embeddable player metadata. Creator metadata and available source text reviewed; not a full audiovisual review. One intertextual/archetypal lens, not a rule that every culture or story must follow the hero’s journey."
AC9E10LY05,https://www.youtube.com/watch?v=HoXyw909Qu0,Who decides what art means? - Hayley Levitt,TED-Ed,10,10,Questioning assumptions when interpreting abstract meaning and author intention.,What evidence helps distinguish an interpretation from an unsupported guess?,"Read a challenging passage, summarise its literal meaning, ask two questions, make an inference and check that inference against textual evidence.",https://ed.ted.com/lessons/who-decides-what-art-means-hayley-levitt,"2026-09-08: YouTube oEmbed confirmed original creator, title and embeddable player metadata. Creator metadata and available source text reviewed; not a full audiovisual review. An interpretation case for applying comprehension strategies; not a step-by-step strategy tutorial."
AC9E10LY08,https://www.youtube.com/watch?v=0mbuwZK0lr8,Making sense of spelling - Gina Cooke,TED-Ed,10,10,"Connecting spelling with word structure, meaning and history.",Why can two related words preserve similar spelling even when their sounds differ?,Explain the standard spelling and deliberate change in light/lite on a fictional label; invent one other wordplay example and discuss its intended effect.,https://www.youtube.com/watch?v=0mbuwZK0lr8,"2026-09-08: YouTube oEmbed confirmed original creator, title and embeddable player metadata. Creator metadata and available source text reviewed; not a full audiovisual review. Word-structure companion applied to the curriculum’s deliberate spelling-effects elaboration."
AC9E3LY08,https://www.youtube.com/watch?v=Eq_5-qaT4xA,How to introduce the four types of joins in cursive handwriting,Oxford Education,3,3,See diagonal and horizontal joins demonstrated by a handwriting author. Use the letter style taught at your school.,How does the join move from one clearly formed letter to the next?,"With a grown-up or teacher, choose two joins used in your school handwriting model. Practise three short words and check letter size and spacing.",https://www.oxfordowl.co.uk/for-school/nelson-handwriting--3,"Original Oxford Education upload and oEmbed verified in Year4 review. Primary Oxford handwriting pages place diagonal and horizontal joining at ages7–9; actual code is Australian Year3 ages8–9. Short author demonstration uses UK Nelson forms, so school-specific Australian model takes precedence. Source/text/metadata reviewed; not full audiovisual playback."
