"skill_code","skill_title","bank","row_type","question_id","current_question","current_options","current_correct_answer","current_explanation","suggested_replacement_question","suggested_replacement_options","suggested_correct_answer","notes"
"AC9M2A01","Additive Patterns","practice","existing","AC9M2A01-P-001","At the bead table, the bead pattern is 3, 5, 7, __. What comes next?","A. 9 | B. 7 | C. 11","9","The pattern adds 2 each time, so the next number is 9. Hint: Check the jump between each pair of numbers.","","","",""
"AC9M2A01","Additive Patterns","practice","existing","AC9M2A01-P-002","At the bead table, what number is missing? 3, __, 7, 9.","A. 4 | B. 5 | C. 7","5","Every number increases by 2. The missing number is 5. Hint: Start at 3 and add 2.","","","",""
"AC9M2A01","Additive Patterns","practice","existing","AC9M2A01-P-003","At the bead table, what is the rule for 3, 5, 7, 9?","A. Add 3 | B. Take away 2 | C. Add 2","Add 2","Each term is 2 more than the one before it. Hint: Work out one jump, then check the other jumps.","","","",""
"AC9M2A01","Additive Patterns","practice","existing","AC9M2A01-P-004","At the bead table, the countdown is 32, 30, 28, __. What comes next?","A. 26 | B. 27 | C. 30","26","The pattern takes away 2 each time, so 26 comes next. Hint: Check how much each number decreases.","","","",""
"AC9M2A01","Additive Patterns","practice","existing","AC9M2A01-P-005","At the bead table, which pattern adds 2 every time?","A. 3, 5, 8 | B. 3, 5, 7 | C. 3, 1, -1","3, 5, 7","Only 3, 5, 7 has the same +2 jump each time. Hint: Check both jumps in every choice.","","","",""
"AC9M2A01","Additive Patterns","practice","existing","AC9M2A01-P-006","At the bead table, a pattern starts at 4 and adds 2. Which number is the third term?","A. 6 | B. 10 | C. 8","8","The terms are 4, 6, 8. Hint: The starting number is the first term. Add 2 twice.","","","",""
"AC9M2A01","Additive Patterns","practice","existing","AC9M2A01-P-007","At the bead table, which number does not belong in 3, 5, 8, 9?","A. 8 | B. 5 | C. 9","8","8 breaks the add-2 rule. It should be 7. Hint: Predict each term using the rule.","","","",""
"AC9M2A01","Additive Patterns","practice","existing","AC9M2A01-P-008","At the bead table, the shape pattern has 2, 4, 6 dots. It grows by the same amount. How many dots come next?","A. 7 | B. 8 | C. 9","8","The number of dots grows by 2, so 8 dots come next. Hint: Count how many new dots are added each time.","","","",""
"AC9M2A01","Additive Patterns","practice","existing","AC9M2A01-P-009","On the number steps, the step pattern is 7, 10, 13, __. What comes next?","A. 13 | B. 19 | C. 16","16","The pattern adds 3 each time, so the next number is 16. Hint: Check the jump between each pair of numbers.","","","",""
"AC9M2A01","Additive Patterns","practice","existing","AC9M2A01-P-010","On the number steps, what number is missing? 7, __, 13, 16.","A. 10 | B. 9 | C. 13","10","Every number increases by 3. The missing number is 10. Hint: Start at 7 and add 3.","","","",""
"AC9M2A01","Additive Patterns","practice","existing","AC9M2A01-P-011","On the number steps, what is the rule for 7, 10, 13, 16?","A. Add 4 | B. Add 3 | C. Take away 3","Add 3","Each term is 3 more than the one before it. Hint: Work out one jump, then check the other jumps.","","","",""
"AC9M2A01","Additive Patterns","practice","existing","AC9M2A01-P-012","On the number steps, the countdown is 37, 34, 31, __. What comes next?","A. 29 | B. 34 | C. 28","28","The pattern takes away 3 each time, so 28 comes next. Hint: Check how much each number decreases.","","","",""
"AC9M2A01","Additive Patterns","practice","existing","AC9M2A01-P-013","On the number steps, which pattern adds 3 every time?","A. 7, 10, 13 | B. 7, 10, 14 | C. 7, 4, 1","7, 10, 13","Only 7, 10, 13 has the same +3 jump each time. Hint: Check both jumps in every choice.","","","",""
"AC9M2A01","Additive Patterns","practice","existing","AC9M2A01-P-014","On the number steps, a pattern starts at 8 and adds 3. Which number is the third term?","A. 11 | B. 14 | C. 17","14","The terms are 8, 11, 14. Hint: The starting number is the first term. Add 3 twice.","","","",""
"AC9M2A01","Additive Patterns","practice","existing","AC9M2A01-P-015","On the number steps, which number does not belong in 7, 10, 14, 16?","A. 10 | B. 16 | C. 14","14","14 breaks the add-3 rule. It should be 13. Hint: Predict each term using the rule.","","","",""
"AC9M2A01","Additive Patterns","practice","existing","AC9M2A01-P-016","On the number steps, the shape pattern has 3, 5, 7 dots. It grows by the same amount. How many dots come next?","A. 9 | B. 8 | C. 10","9","The number of dots grows by 2, so 9 dots come next. Hint: Count how many new dots are added each time.","","","",""
"AC9M2A01","Additive Patterns","practice","existing","AC9M2A01-P-017","With the shell cards, the shell pattern is 11, 15, 19, __. What comes next?","A. 19 | B. 23 | C. 27","23","The pattern adds 4 each time, so the next number is 23. Hint: Check the jump between each pair of numbers.","","","",""
"AC9M2A01","Additive Patterns","practice","existing","AC9M2A01-P-018","With the shell cards, what number is missing? 11, __, 19, 23.","A. 14 | B. 19 | C. 15","15","Every number increases by 4. The missing number is 15. Hint: Start at 11 and add 4.","","","",""
"AC9M2A01","Additive Patterns","practice","existing","AC9M2A01-P-019","With the shell cards, what is the rule for 11, 15, 19, 23?","A. Add 4 | B. Add 5 | C. Take away 4","Add 4","Each term is 4 more than the one before it. Hint: Work out one jump, then check the other jumps.","","","",""
"AC9M2A01","Additive Patterns","practice","existing","AC9M2A01-P-020","With the shell cards, the countdown is 42, 38, 34, __. What comes next?","A. 31 | B. 30 | C. 38","30","The pattern takes away 4 each time, so 30 comes next. Hint: Check how much each number decreases.","","","",""
"AC9M2A01","Additive Patterns","practice","existing","AC9M2A01-P-021","With the shell cards, which pattern adds 4 every time?","A. 11, 15, 20 | B. 11, 7, 3 | C. 11, 15, 19","11, 15, 19","Only 11, 15, 19 has the same +4 jump each time. Hint: Check both jumps in every choice.","","","",""
"AC9M2A01","Additive Patterns","practice","existing","AC9M2A01-P-022","With the shell cards, a pattern starts at 12 and adds 4. Which number is the third term?","A. 20 | B. 16 | C. 24","20","The terms are 12, 16, 20. Hint: The starting number is the first term. Add 4 twice.","","","",""
"AC9M2A01","Additive Patterns","practice","existing","AC9M2A01-P-023","With the shell cards, which number does not belong in 11, 15, 20, 23?","A. 15 | B. 20 | C. 23","20","20 breaks the add-4 rule. It should be 19. Hint: Predict each term using the rule.","","","",""
"AC9M2A01","Additive Patterns","practice","existing","AC9M2A01-P-024","With the shell cards, the shape pattern has 4, 6, 8 dots. It grows by the same amount. How many dots come next?","A. 9 | B. 11 | C. 10","10","The number of dots grows by 2, so 10 dots come next. Hint: Count how many new dots are added each time.","","","",""
"AC9M2A01","Additive Patterns","practice","placeholder","AC9M2A01-P-025","","","","","","","","Add practice question 25 of 48 for AC9M2A01."
"AC9M2A01","Additive Patterns","practice","placeholder","AC9M2A01-P-026","","","","","","","","Add practice question 26 of 48 for AC9M2A01."
"AC9M2A01","Additive Patterns","practice","placeholder","AC9M2A01-P-027","","","","","","","","Add practice question 27 of 48 for AC9M2A01."
"AC9M2A01","Additive Patterns","practice","placeholder","AC9M2A01-P-028","","","","","","","","Add practice question 28 of 48 for AC9M2A01."
"AC9M2A01","Additive Patterns","practice","placeholder","AC9M2A01-P-029","","","","","","","","Add practice question 29 of 48 for AC9M2A01."
"AC9M2A01","Additive Patterns","practice","placeholder","AC9M2A01-P-030","","","","","","","","Add practice question 30 of 48 for AC9M2A01."
"AC9M2A01","Additive Patterns","practice","placeholder","AC9M2A01-P-031","","","","","","","","Add practice question 31 of 48 for AC9M2A01."
"AC9M2A01","Additive Patterns","practice","placeholder","AC9M2A01-P-032","","","","","","","","Add practice question 32 of 48 for AC9M2A01."
"AC9M2A01","Additive Patterns","practice","placeholder","AC9M2A01-P-033","","","","","","","","Add practice question 33 of 48 for AC9M2A01."
"AC9M2A01","Additive Patterns","practice","placeholder","AC9M2A01-P-034","","","","","","","","Add practice question 34 of 48 for AC9M2A01."
"AC9M2A01","Additive Patterns","practice","placeholder","AC9M2A01-P-035","","","","","","","","Add practice question 35 of 48 for AC9M2A01."
"AC9M2A01","Additive Patterns","practice","placeholder","AC9M2A01-P-036","","","","","","","","Add practice question 36 of 48 for AC9M2A01."
"AC9M2A01","Additive Patterns","practice","placeholder","AC9M2A01-P-037","","","","","","","","Add practice question 37 of 48 for AC9M2A01."
"AC9M2A01","Additive Patterns","practice","placeholder","AC9M2A01-P-038","","","","","","","","Add practice question 38 of 48 for AC9M2A01."
"AC9M2A01","Additive Patterns","practice","placeholder","AC9M2A01-P-039","","","","","","","","Add practice question 39 of 48 for AC9M2A01."
"AC9M2A01","Additive Patterns","practice","placeholder","AC9M2A01-P-040","","","","","","","","Add practice question 40 of 48 for AC9M2A01."
"AC9M2A01","Additive Patterns","practice","placeholder","AC9M2A01-P-041","","","","","","","","Add practice question 41 of 48 for AC9M2A01."
"AC9M2A01","Additive Patterns","practice","placeholder","AC9M2A01-P-042","","","","","","","","Add practice question 42 of 48 for AC9M2A01."
"AC9M2A01","Additive Patterns","practice","placeholder","AC9M2A01-P-043","","","","","","","","Add practice question 43 of 48 for AC9M2A01."
"AC9M2A01","Additive Patterns","practice","placeholder","AC9M2A01-P-044","","","","","","","","Add practice question 44 of 48 for AC9M2A01."
"AC9M2A01","Additive Patterns","practice","placeholder","AC9M2A01-P-045","","","","","","","","Add practice question 45 of 48 for AC9M2A01."
"AC9M2A01","Additive Patterns","practice","placeholder","AC9M2A01-P-046","","","","","","","","Add practice question 46 of 48 for AC9M2A01."
"AC9M2A01","Additive Patterns","practice","placeholder","AC9M2A01-P-047","","","","","","","","Add practice question 47 of 48 for AC9M2A01."
"AC9M2A01","Additive Patterns","practice","placeholder","AC9M2A01-P-048","","","","","","","","Add practice question 48 of 48 for AC9M2A01."
"AC9M2A01","Additive Patterns","test","existing","AC9M2A01-T-001","At the block station, the block pattern is 15, 20, 25, __. What comes next?","A. 30 | B. 25 | C. 35","30","The pattern adds 5 each time, so the next number is 30. Hint: Check the jump between each pair of numbers.","","","",""
"AC9M2A01","Additive Patterns","test","existing","AC9M2A01-T-002","At the block station, what number is missing? 15, __, 25, 30.","A. 19 | B. 20 | C. 25","20","Every number increases by 5. The missing number is 20. Hint: Start at 15 and add 5.","","","",""
"AC9M2A01","Additive Patterns","test","existing","AC9M2A01-T-003","At the block station, what is the rule for 15, 20, 25, 30?","A. Add 6 | B. Take away 5 | C. Add 5","Add 5","Each term is 5 more than the one before it. Hint: Work out one jump, then check the other jumps.","","","",""
"AC9M2A01","Additive Patterns","test","existing","AC9M2A01-T-004","At the block station, the countdown is 47, 42, 37, __. What comes next?","A. 32 | B. 33 | C. 42","32","The pattern takes away 5 each time, so 32 comes next. Hint: Check how much each number decreases.","","","",""
"AC9M2A01","Additive Patterns","test","existing","AC9M2A01-T-005","At the block station, which pattern adds 5 every time?","A. 15, 20, 26 | B. 15, 20, 25 | C. 15, 10, 5","15, 20, 25","Only 15, 20, 25 has the same +5 jump each time. Hint: Check both jumps in every choice.","","","",""
"AC9M2A01","Additive Patterns","test","existing","AC9M2A01-T-006","At the block station, a pattern starts at 16 and adds 5. Which number is the third term?","A. 21 | B. 31 | C. 26","26","The terms are 16, 21, 26. Hint: The starting number is the first term. Add 5 twice.","","","",""
"AC9M2A01","Additive Patterns","test","existing","AC9M2A01-T-007","At the block station, which number does not belong in 15, 20, 26, 30?","A. 26 | B. 20 | C. 30","26","26 breaks the add-5 rule. It should be 25. Hint: Predict each term using the rule.","","","",""
"AC9M2A01","Additive Patterns","test","existing","AC9M2A01-T-008","At the block station, the shape pattern has 5, 7, 9 dots. It grows by the same amount. How many dots come next?","A. 10 | B. 11 | C. 12","11","The number of dots grows by 2, so 11 dots come next. Hint: Count how many new dots are added each time.","","","",""
"AC9M2A01","Additive Patterns","test","existing","AC9M2A01-T-009","In the flag game, the flag pattern is 19, 21, 23, __. What comes next?","A. 23 | B. 27 | C. 25","25","The pattern adds 2 each time, so the next number is 25. Hint: Check the jump between each pair of numbers.","","","",""
"AC9M2A01","Additive Patterns","test","existing","AC9M2A01-T-010","In the flag game, what number is missing? 19, __, 23, 25.","A. 21 | B. 20 | C. 23","21","Every number increases by 2. The missing number is 21. Hint: Start at 19 and add 2.","","","",""
"AC9M2A01","Additive Patterns","test","existing","AC9M2A01-T-011","In the flag game, what is the rule for 19, 21, 23, 25?","A. Add 3 | B. Add 2 | C. Take away 2","Add 2","Each term is 2 more than the one before it. Hint: Work out one jump, then check the other jumps.","","","",""
"AC9M2A01","Additive Patterns","test","existing","AC9M2A01-T-012","In the flag game, the countdown is 52, 50, 48, __. What comes next?","A. 47 | B. 50 | C. 46","46","The pattern takes away 2 each time, so 46 comes next. Hint: Check how much each number decreases.","","","",""
"AC9M2A01","Additive Patterns","test","existing","AC9M2A01-T-013","In the flag game, which pattern adds 2 every time?","A. 19, 21, 23 | B. 19, 21, 24 | C. 19, 17, 15","19, 21, 23","Only 19, 21, 23 has the same +2 jump each time. Hint: Check both jumps in every choice.","","","",""
"AC9M2A01","Additive Patterns","test","existing","AC9M2A01-T-014","In the flag game, a pattern starts at 20 and adds 2. Which number is the third term?","A. 22 | B. 24 | C. 26","24","The terms are 20, 22, 24. Hint: The starting number is the first term. Add 2 twice.","","","",""
"AC9M2A01","Additive Patterns","test","existing","AC9M2A01-T-015","In the flag game, which number does not belong in 19, 21, 24, 25?","A. 21 | B. 25 | C. 24","24","24 breaks the add-2 rule. It should be 23. Hint: Predict each term using the rule.","","","",""
"AC9M2A01","Additive Patterns","test","existing","AC9M2A01-T-016","In the flag game, the shape pattern has 6, 8, 10 dots. It grows by the same amount. How many dots come next?","A. 12 | B. 11 | C. 13","12","The number of dots grows by 2, so 12 dots come next. Hint: Count how many new dots are added each time.","","","",""
"AC9M2A02","Addition Facts to 20 and Related Subtraction","practice","existing","AC9M2A02-P-001","In the shell game, what is 4 + 5?","A. 8 | B. 9 | C. 10","9","4 and 5 make 9. Hint: Start with 4 and count on 5.","","","",""
"AC9M2A02","Addition Facts to 20 and Related Subtraction","practice","existing","AC9M2A02-P-002","In the shell game, what is 9 − 4?","A. 4 | B. 6 | C. 5","5","9 has parts 4 and 5, so 9 − 4 = 5. Hint: Think: 4 plus what makes 9?","","","",""
"AC9M2A02","Addition Facts to 20 and Related Subtraction","practice","existing","AC9M2A02-P-003","In the shell game, which subtraction fact belongs with 4 + 5 = 9?","A. 9 − 4 = 5 | B. 9 − 5 = 5 | C. 4 − 5 = 1","9 − 4 = 5","The same whole and parts make 9 − 4 = 5. Hint: The largest number is the whole. Start subtraction with it.","","","",""
"AC9M2A02","Addition Facts to 20 and Related Subtraction","practice","existing","AC9M2A02-P-004","In the shell game, use make ten. What is 8 + 4?","A. 14 | B. 12 | C. 11","12","8 needs 2 to make 10. Add the rest to get 12. Hint: Move 2 from 4 to make 10 first.","","","",""
"AC9M2A02","Addition Facts to 20 and Related Subtraction","practice","existing","AC9M2A02-P-005","In the shell game, you know 4 + 4 = 8. What is 4 + 5?","A. 8 | B. 10 | C. 9","9","4 + 5 is one more than the double 4 + 4. Hint: Use the double, then add one.","","","",""
"AC9M2A02","Addition Facts to 20 and Related Subtraction","practice","existing","AC9M2A02-P-006","In the shell game, which fact helps you solve 9 − 5?","A. 5 + 4 = 9 | B. 5 + 9 = 14 | C. 9 + 4 = 13","5 + 4 = 9","The related addition fact is 5 + 4 = 9. Hint: Use the same two parts and whole.","","","",""
"AC9M2A02","Addition Facts to 20 and Related Subtraction","practice","existing","AC9M2A02-P-007","In the shell game, mia has 4 shells and finds 5 more. How many shells does she have now?","A. 1 | B. 9 | C. 10","9","The shells join, so 4 + 5 = 9. Hint: The word “more” tells you to join the groups.","","","",""
"AC9M2A02","Addition Facts to 20 and Related Subtraction","practice","existing","AC9M2A02-P-008","In the shell game, there are 12 birds. 5 fly away. How many birds stay?","A. 17 | B. 6 | C. 7","7","The birds leave, so 12 − 5 = 7. Hint: Start with all the birds and take away the ones that flew away.","","","",""
"AC9M2A02","Addition Facts to 20 and Related Subtraction","practice","existing","AC9M2A02-P-009","At the ten-frame table, what is 5 + 6?","A. 11 | B. 10 | C. 12","11","5 and 6 make 11. Hint: Start with 5 and count on 6.","","","",""
"AC9M2A02","Addition Facts to 20 and Related Subtraction","practice","existing","AC9M2A02-P-010","At the ten-frame table, what is 11 − 5?","A. 5 | B. 6 | C. 7","6","11 has parts 5 and 6, so 11 − 5 = 6. Hint: Think: 5 plus what makes 11?","","","",""
"AC9M2A02","Addition Facts to 20 and Related Subtraction","practice","existing","AC9M2A02-P-011","At the ten-frame table, which subtraction fact belongs with 5 + 6 = 11?","A. 11 − 6 = 6 | B. 5 − 6 = 1 | C. 11 − 5 = 6","11 − 5 = 6","The same whole and parts make 11 − 5 = 6. Hint: The largest number is the whole. Start subtraction with it.","","","",""
"AC9M2A02","Addition Facts to 20 and Related Subtraction","practice","existing","AC9M2A02-P-012","At the ten-frame table, use make ten. What is 9 + 5?","A. 14 | B. 15 | C. 13","14","9 needs 1 to make 10. Add the rest to get 14. Hint: Move 1 from 5 to make 10 first.","","","",""
"AC9M2A02","Addition Facts to 20 and Related Subtraction","practice","existing","AC9M2A02-P-013","At the ten-frame table, you know 5 + 5 = 10. What is 5 + 6?","A. 10 | B. 11 | C. 12","11","5 + 6 is one more than the double 5 + 5. Hint: Use the double, then add one.","","","",""
"AC9M2A02","Addition Facts to 20 and Related Subtraction","practice","existing","AC9M2A02-P-014","At the ten-frame table, which fact helps you solve 11 − 6?","A. 6 + 11 = 17 | B. 11 + 5 = 16 | C. 6 + 5 = 11","6 + 5 = 11","The related addition fact is 6 + 5 = 11. Hint: Use the same two parts and whole.","","","",""
"AC9M2A02","Addition Facts to 20 and Related Subtraction","practice","existing","AC9M2A02-P-015","At the ten-frame table, mia has 5 shells and finds 6 more. How many shells does she have now?","A. 11 | B. 1 | C. 12","11","The shells join, so 5 + 6 = 11. Hint: The word “more” tells you to join the groups.","","","",""
"AC9M2A02","Addition Facts to 20 and Related Subtraction","practice","existing","AC9M2A02-P-016","At the ten-frame table, there are 14 birds. 6 fly away. How many birds stay?","A. 20 | B. 8 | C. 7","8","The birds leave, so 14 − 6 = 8. Hint: Start with all the birds and take away the ones that flew away.","","","",""
"AC9M2A02","Addition Facts to 20 and Related Subtraction","practice","existing","AC9M2A02-P-017","With the number cards, what is 6 + 7?","A. 12 | B. 14 | C. 13","13","6 and 7 make 13. Hint: Start with 6 and count on 7.","","","",""
"AC9M2A02","Addition Facts to 20 and Related Subtraction","practice","existing","AC9M2A02-P-018","With the number cards, what is 13 − 6?","A. 7 | B. 6 | C. 8","7","13 has parts 6 and 7, so 13 − 6 = 7. Hint: Think: 6 plus what makes 13?","","","",""
"AC9M2A02","Addition Facts to 20 and Related Subtraction","practice","existing","AC9M2A02-P-019","With the number cards, which subtraction fact belongs with 6 + 7 = 13?","A. 13 − 7 = 7 | B. 13 − 6 = 7 | C. 6 − 7 = 1","13 − 6 = 7","The same whole and parts make 13 − 6 = 7. Hint: The largest number is the whole. Start subtraction with it.","","","",""
"AC9M2A02","Addition Facts to 20 and Related Subtraction","practice","existing","AC9M2A02-P-020","With the number cards, use make ten. What is 8 + 6?","A. 16 | B. 13 | C. 14","14","8 needs 2 to make 10. Add the rest to get 14. Hint: Move 2 from 6 to make 10 first.","","","",""
"AC9M2A02","Addition Facts to 20 and Related Subtraction","practice","existing","AC9M2A02-P-021","With the number cards, you know 6 + 6 = 12. What is 6 + 7?","A. 13 | B. 12 | C. 14","13","6 + 7 is one more than the double 6 + 6. Hint: Use the double, then add one.","","","",""
"AC9M2A02","Addition Facts to 20 and Related Subtraction","practice","existing","AC9M2A02-P-022","With the number cards, which fact helps you solve 13 − 7?","A. 7 + 13 = 20 | B. 7 + 6 = 13 | C. 13 + 6 = 19","7 + 6 = 13","The related addition fact is 7 + 6 = 13. Hint: Use the same two parts and whole.","","","",""
"AC9M2A02","Addition Facts to 20 and Related Subtraction","practice","existing","AC9M2A02-P-023","With the number cards, mia has 6 shells and finds 7 more. How many shells does she have now?","A. 1 | B. 14 | C. 13","13","The shells join, so 6 + 7 = 13. Hint: The word “more” tells you to join the groups.","","","",""
"AC9M2A02","Addition Facts to 20 and Related Subtraction","practice","existing","AC9M2A02-P-024","With the number cards, there are 16 birds. 7 fly away. How many birds stay?","A. 9 | B. 23 | C. 8","9","The birds leave, so 16 − 7 = 9. Hint: Start with all the birds and take away the ones that flew away.","","","",""
"AC9M2A02","Addition Facts to 20 and Related Subtraction","practice","placeholder","AC9M2A02-P-025","","","","","","","","Add practice question 25 of 48 for AC9M2A02."
"AC9M2A02","Addition Facts to 20 and Related Subtraction","practice","placeholder","AC9M2A02-P-026","","","","","","","","Add practice question 26 of 48 for AC9M2A02."
"AC9M2A02","Addition Facts to 20 and Related Subtraction","practice","placeholder","AC9M2A02-P-027","","","","","","","","Add practice question 27 of 48 for AC9M2A02."
"AC9M2A02","Addition Facts to 20 and Related Subtraction","practice","placeholder","AC9M2A02-P-028","","","","","","","","Add practice question 28 of 48 for AC9M2A02."
"AC9M2A02","Addition Facts to 20 and Related Subtraction","practice","placeholder","AC9M2A02-P-029","","","","","","","","Add practice question 29 of 48 for AC9M2A02."
"AC9M2A02","Addition Facts to 20 and Related Subtraction","practice","placeholder","AC9M2A02-P-030","","","","","","","","Add practice question 30 of 48 for AC9M2A02."
"AC9M2A02","Addition Facts to 20 and Related Subtraction","practice","placeholder","AC9M2A02-P-031","","","","","","","","Add practice question 31 of 48 for AC9M2A02."
"AC9M2A02","Addition Facts to 20 and Related Subtraction","practice","placeholder","AC9M2A02-P-032","","","","","","","","Add practice question 32 of 48 for AC9M2A02."
"AC9M2A02","Addition Facts to 20 and Related Subtraction","practice","placeholder","AC9M2A02-P-033","","","","","","","","Add practice question 33 of 48 for AC9M2A02."
"AC9M2A02","Addition Facts to 20 and Related Subtraction","practice","placeholder","AC9M2A02-P-034","","","","","","","","Add practice question 34 of 48 for AC9M2A02."
"AC9M2A02","Addition Facts to 20 and Related Subtraction","practice","placeholder","AC9M2A02-P-035","","","","","","","","Add practice question 35 of 48 for AC9M2A02."
"AC9M2A02","Addition Facts to 20 and Related Subtraction","practice","placeholder","AC9M2A02-P-036","","","","","","","","Add practice question 36 of 48 for AC9M2A02."
"AC9M2A02","Addition Facts to 20 and Related Subtraction","practice","placeholder","AC9M2A02-P-037","","","","","","","","Add practice question 37 of 48 for AC9M2A02."
"AC9M2A02","Addition Facts to 20 and Related Subtraction","practice","placeholder","AC9M2A02-P-038","","","","","","","","Add practice question 38 of 48 for AC9M2A02."
"AC9M2A02","Addition Facts to 20 and Related Subtraction","practice","placeholder","AC9M2A02-P-039","","","","","","","","Add practice question 39 of 48 for AC9M2A02."
"AC9M2A02","Addition Facts to 20 and Related Subtraction","practice","placeholder","AC9M2A02-P-040","","","","","","","","Add practice question 40 of 48 for AC9M2A02."
"AC9M2A02","Addition Facts to 20 and Related Subtraction","practice","placeholder","AC9M2A02-P-041","","","","","","","","Add practice question 41 of 48 for AC9M2A02."
"AC9M2A02","Addition Facts to 20 and Related Subtraction","practice","placeholder","AC9M2A02-P-042","","","","","","","","Add practice question 42 of 48 for AC9M2A02."
"AC9M2A02","Addition Facts to 20 and Related Subtraction","practice","placeholder","AC9M2A02-P-043","","","","","","","","Add practice question 43 of 48 for AC9M2A02."
"AC9M2A02","Addition Facts to 20 and Related Subtraction","practice","placeholder","AC9M2A02-P-044","","","","","","","","Add practice question 44 of 48 for AC9M2A02."
"AC9M2A02","Addition Facts to 20 and Related Subtraction","practice","placeholder","AC9M2A02-P-045","","","","","","","","Add practice question 45 of 48 for AC9M2A02."
"AC9M2A02","Addition Facts to 20 and Related Subtraction","practice","placeholder","AC9M2A02-P-046","","","","","","","","Add practice question 46 of 48 for AC9M2A02."
"AC9M2A02","Addition Facts to 20 and Related Subtraction","practice","placeholder","AC9M2A02-P-047","","","","","","","","Add practice question 47 of 48 for AC9M2A02."
"AC9M2A02","Addition Facts to 20 and Related Subtraction","practice","placeholder","AC9M2A02-P-048","","","","","","","","Add practice question 48 of 48 for AC9M2A02."
"AC9M2A02","Addition Facts to 20 and Related Subtraction","test","existing","AC9M2A02-T-001","During the bird count, what is 7 + 5?","A. 11 | B. 12 | C. 13","12","7 and 5 make 12. Hint: Start with 7 and count on 5.","","","",""
"AC9M2A02","Addition Facts to 20 and Related Subtraction","test","existing","AC9M2A02-T-002","During the bird count, what is 12 − 7?","A. 7 | B. 6 | C. 5","5","12 has parts 7 and 5, so 12 − 7 = 5. Hint: Think: 7 plus what makes 12?","","","",""
"AC9M2A02","Addition Facts to 20 and Related Subtraction","test","existing","AC9M2A02-T-003","During the bird count, which subtraction fact belongs with 7 + 5 = 12?","A. 12 − 7 = 5 | B. 12 − 5 = 8 | C. 7 − 5 = 2","12 − 7 = 5","The same whole and parts make 12 − 7 = 5. Hint: The largest number is the whole. Start subtraction with it.","","","",""
"AC9M2A02","Addition Facts to 20 and Related Subtraction","test","existing","AC9M2A02-T-004","During the bird count, use make ten. What is 9 + 7?","A. 17 | B. 16 | C. 15","16","9 needs 1 to make 10. Add the rest to get 16. Hint: Move 1 from 7 to make 10 first.","","","",""
"AC9M2A02","Addition Facts to 20 and Related Subtraction","test","existing","AC9M2A02-T-005","During the bird count, you know 7 + 7 = 14. What is 7 + 8?","A. 14 | B. 16 | C. 15","15","7 + 8 is one more than the double 7 + 7. Hint: Use the double, then add one.","","","",""
"AC9M2A02","Addition Facts to 20 and Related Subtraction","test","existing","AC9M2A02-T-006","During the bird count, which fact helps you solve 12 − 5?","A. 5 + 7 = 12 | B. 5 + 12 = 17 | C. 12 + 7 = 19","5 + 7 = 12","The related addition fact is 5 + 7 = 12. Hint: Use the same two parts and whole.","","","",""
"AC9M2A02","Addition Facts to 20 and Related Subtraction","test","existing","AC9M2A02-T-007","During the bird count, mia has 7 shells and finds 5 more. How many shells does she have now?","A. 2 | B. 12 | C. 13","12","The shells join, so 7 + 5 = 12. Hint: The word “more” tells you to join the groups.","","","",""
"AC9M2A02","Addition Facts to 20 and Related Subtraction","test","existing","AC9M2A02-T-008","During the bird count, there are 15 birds. 5 fly away. How many birds stay?","A. 20 | B. 9 | C. 10","10","The birds leave, so 15 − 5 = 10. Hint: Start with all the birds and take away the ones that flew away.","","","",""
"AC9M2A02","Addition Facts to 20 and Related Subtraction","test","existing","AC9M2A02-T-009","At the sticker station, what is 8 + 6?","A. 14 | B. 13 | C. 15","14","8 and 6 make 14. Hint: Start with 8 and count on 6.","","","",""
"AC9M2A02","Addition Facts to 20 and Related Subtraction","test","existing","AC9M2A02-T-010","At the sticker station, what is 14 − 8?","A. 8 | B. 6 | C. 7","6","14 has parts 8 and 6, so 14 − 8 = 6. Hint: Think: 8 plus what makes 14?","","","",""
"AC9M2A02","Addition Facts to 20 and Related Subtraction","test","existing","AC9M2A02-T-011","At the sticker station, which subtraction fact belongs with 8 + 6 = 14?","A. 14 − 6 = 9 | B. 8 − 6 = 2 | C. 14 − 8 = 6","14 − 8 = 6","The same whole and parts make 14 − 8 = 6. Hint: The largest number is the whole. Start subtraction with it.","","","",""
"AC9M2A02","Addition Facts to 20 and Related Subtraction","test","existing","AC9M2A02-T-012","At the sticker station, use make ten. What is 8 + 8?","A. 16 | B. 18 | C. 15","16","8 needs 2 to make 10. Add the rest to get 16. Hint: Move 2 from 8 to make 10 first.","","","",""
"AC9M2A02","Addition Facts to 20 and Related Subtraction","test","existing","AC9M2A02-T-013","At the sticker station, you know 8 + 8 = 16. What is 8 + 9?","A. 16 | B. 17 | C. 18","17","8 + 9 is one more than the double 8 + 8. Hint: Use the double, then add one.","","","",""
"AC9M2A02","Addition Facts to 20 and Related Subtraction","test","existing","AC9M2A02-T-014","At the sticker station, which fact helps you solve 14 − 6?","A. 6 + 14 = 20 | B. 14 + 8 = 22 | C. 6 + 8 = 14","6 + 8 = 14","The related addition fact is 6 + 8 = 14. Hint: Use the same two parts and whole.","","","",""
"AC9M2A02","Addition Facts to 20 and Related Subtraction","test","existing","AC9M2A02-T-015","At the sticker station, mia has 8 shells and finds 6 more. How many shells does she have now?","A. 14 | B. 2 | C. 15","14","The shells join, so 8 + 6 = 14. Hint: The word “more” tells you to join the groups.","","","",""
"AC9M2A02","Addition Facts to 20 and Related Subtraction","test","existing","AC9M2A02-T-016","At the sticker station, there are 17 birds. 6 fly away. How many birds stay?","A. 23 | B. 11 | C. 10","11","The birds leave, so 17 − 6 = 11. Hint: Start with all the birds and take away the ones that flew away.","","","",""
"AC9M2A03","Twos Facts, Doubling and Halving","practice","existing","AC9M2A03-P-001","At the sock table, how many counters are in 3 pairs?","A. 3 | B. 8 | C. 6","6","3 pairs means 3 groups of 2, so there are 6. Hint: Skip-count by twos 3 times.","","","",""
"AC9M2A03","Twos Facts, Doubling and Halving","practice","existing","AC9M2A03-P-002","At the sock table, what is double 5?","A. 10 | B. 5 | C. 9","10","Double means two equal groups. 5 + 5 = 10. Hint: Say the number twice, then add.","","","",""
"AC9M2A03","Twos Facts, Doubling and Halving","practice","existing","AC9M2A03-P-003","At the sock table, what is half of 10?","A. 8 | B. 5 | C. 6","5","Half means split 10 into 2 equal groups. Each group has 5. Hint: Share one at a time into two groups.","","","",""
"AC9M2A03","Twos Facts, Doubling and Halving","practice","existing","AC9M2A03-P-004","At the sock table, which division fact matches 3 × 2 = 6?","A. 6 ÷ 3 = 3 | B. 6 − 2 = 4 | C. 6 ÷ 2 = 3","6 ÷ 2 = 3","6 shared into 2 equal groups gives 3 in each group. Hint: Use the total 6, then divide it into 2 groups.","","","",""
"AC9M2A03","Twos Facts, Doubling and Halving","practice","existing","AC9M2A03-P-005","At the sock table, count by twos: 2, 4, 6, 8, __. What comes next?","A. 10 | B. 9 | C. 12","10","Counting by twos adds 2. After 8 comes 10. Hint: Say the next even number.","","","",""
"AC9M2A03","Twos Facts, Doubling and Halving","practice","existing","AC9M2A03-P-006","At the sock table, 10 socks make pairs. How many pairs are there?","A. 10 | B. 5 | C. 7","5","Each pair uses 2 socks, so 10 ÷ 2 = 5 pairs. Hint: Circle the socks two at a time.","","","",""
"AC9M2A03","Twos Facts, Doubling and Halving","practice","existing","AC9M2A03-P-007","At the sock table, there are 4 bikes. Each bike has 2 wheels. How many wheels are there?","A. 4 | B. 9 | C. 8","8","4 groups of 2 wheels make 8 wheels. Hint: Draw 2 wheels for each bike, then count them.","","","",""
"AC9M2A03","Twos Facts, Doubling and Halving","practice","existing","AC9M2A03-P-008","At the sock table, which shows half of 12?","A. 6 and 6 | B. 5 and 7 | C. 12 and 12","6 and 6","Two equal parts of 6 make 12. Hint: Halves must be equal and join to make the whole.","","","",""
"AC9M2A03","Twos Facts, Doubling and Halving","practice","existing","AC9M2A03-P-009","With the bike cards, how many counters are in 4 pairs?","A. 4 | B. 8 | C. 10","8","4 pairs means 4 groups of 2, so there are 8. Hint: Skip-count by twos 4 times.","","","",""
"AC9M2A03","Twos Facts, Doubling and Halving","practice","existing","AC9M2A03-P-010","With the bike cards, what is double 6?","A. 6 | B. 11 | C. 12","12","Double means two equal groups. 6 + 6 = 12. Hint: Say the number twice, then add.","","","",""
"AC9M2A03","Twos Facts, Doubling and Halving","practice","existing","AC9M2A03-P-011","With the bike cards, what is half of 12?","A. 6 | B. 10 | C. 7","6","Half means split 12 into 2 equal groups. Each group has 6. Hint: Share one at a time into two groups.","","","",""
"AC9M2A03","Twos Facts, Doubling and Halving","practice","existing","AC9M2A03-P-012","With the bike cards, which division fact matches 4 × 2 = 8?","A. 8 ÷ 4 = 4 | B. 8 ÷ 2 = 4 | C. 8 − 2 = 6","8 ÷ 2 = 4","8 shared into 2 equal groups gives 4 in each group. Hint: Use the total 8, then divide it into 2 groups.","","","",""
"AC9M2A03","Twos Facts, Doubling and Halving","practice","existing","AC9M2A03-P-013","With the bike cards, count by twos: 4, 6, 8, 10, __. What comes next?","A. 11 | B. 14 | C. 12","12","Counting by twos adds 2. After 10 comes 12. Hint: Say the next even number.","","","",""
"AC9M2A03","Twos Facts, Doubling and Halving","practice","existing","AC9M2A03-P-014","With the bike cards, 12 socks make pairs. How many pairs are there?","A. 6 | B. 12 | C. 8","6","Each pair uses 2 socks, so 12 ÷ 2 = 6 pairs. Hint: Circle the socks two at a time.","","","",""
"AC9M2A03","Twos Facts, Doubling and Halving","practice","existing","AC9M2A03-P-015","With the bike cards, there are 5 bikes. Each bike has 2 wheels. How many wheels are there?","A. 5 | B. 10 | C. 11","10","5 groups of 2 wheels make 10 wheels. Hint: Draw 2 wheels for each bike, then count them.","","","",""
"AC9M2A03","Twos Facts, Doubling and Halving","practice","existing","AC9M2A03-P-016","With the bike cards, which shows half of 14?","A. 6 and 8 | B. 14 and 14 | C. 7 and 7","7 and 7","Two equal parts of 7 make 14. Hint: Halves must be equal and join to make the whole.","","","",""
"AC9M2A03","Twos Facts, Doubling and Halving","practice","existing","AC9M2A03-P-017","In the counter game, how many counters are in 5 pairs?","A. 10 | B. 5 | C. 12","10","5 pairs means 5 groups of 2, so there are 10. Hint: Skip-count by twos 5 times.","","","",""
"AC9M2A03","Twos Facts, Doubling and Halving","practice","existing","AC9M2A03-P-018","In the counter game, what is double 7?","A. 7 | B. 14 | C. 13","14","Double means two equal groups. 7 + 7 = 14. Hint: Say the number twice, then add.","","","",""
"AC9M2A03","Twos Facts, Doubling and Halving","practice","existing","AC9M2A03-P-019","In the counter game, what is half of 14?","A. 12 | B. 8 | C. 7","7","Half means split 14 into 2 equal groups. Each group has 7. Hint: Share one at a time into two groups.","","","",""
"AC9M2A03","Twos Facts, Doubling and Halving","practice","existing","AC9M2A03-P-020","In the counter game, which division fact matches 5 × 2 = 10?","A. 10 ÷ 2 = 5 | B. 10 ÷ 5 = 5 | C. 10 − 2 = 8","10 ÷ 2 = 5","10 shared into 2 equal groups gives 5 in each group. Hint: Use the total 10, then divide it into 2 groups.","","","",""
"AC9M2A03","Twos Facts, Doubling and Halving","practice","existing","AC9M2A03-P-021","In the counter game, count by twos: 6, 8, 10, 12, __. What comes next?","A. 13 | B. 14 | C. 16","14","Counting by twos adds 2. After 12 comes 14. Hint: Say the next even number.","","","",""
"AC9M2A03","Twos Facts, Doubling and Halving","practice","existing","AC9M2A03-P-022","In the counter game, 14 socks make pairs. How many pairs are there?","A. 14 | B. 9 | C. 7","7","Each pair uses 2 socks, so 14 ÷ 2 = 7 pairs. Hint: Circle the socks two at a time.","","","",""
"AC9M2A03","Twos Facts, Doubling and Halving","practice","existing","AC9M2A03-P-023","In the counter game, there are 6 bikes. Each bike has 2 wheels. How many wheels are there?","A. 12 | B. 6 | C. 13","12","6 groups of 2 wheels make 12 wheels. Hint: Draw 2 wheels for each bike, then count them.","","","",""
"AC9M2A03","Twos Facts, Doubling and Halving","practice","existing","AC9M2A03-P-024","In the counter game, which shows half of 16?","A. 7 and 9 | B. 8 and 8 | C. 16 and 16","8 and 8","Two equal parts of 8 make 16. Hint: Halves must be equal and join to make the whole.","","","",""
"AC9M2A03","Twos Facts, Doubling and Halving","practice","placeholder","AC9M2A03-P-025","","","","","","","","Add practice question 25 of 48 for AC9M2A03."
"AC9M2A03","Twos Facts, Doubling and Halving","practice","placeholder","AC9M2A03-P-026","","","","","","","","Add practice question 26 of 48 for AC9M2A03."
"AC9M2A03","Twos Facts, Doubling and Halving","practice","placeholder","AC9M2A03-P-027","","","","","","","","Add practice question 27 of 48 for AC9M2A03."
"AC9M2A03","Twos Facts, Doubling and Halving","practice","placeholder","AC9M2A03-P-028","","","","","","","","Add practice question 28 of 48 for AC9M2A03."
"AC9M2A03","Twos Facts, Doubling and Halving","practice","placeholder","AC9M2A03-P-029","","","","","","","","Add practice question 29 of 48 for AC9M2A03."
"AC9M2A03","Twos Facts, Doubling and Halving","practice","placeholder","AC9M2A03-P-030","","","","","","","","Add practice question 30 of 48 for AC9M2A03."
"AC9M2A03","Twos Facts, Doubling and Halving","practice","placeholder","AC9M2A03-P-031","","","","","","","","Add practice question 31 of 48 for AC9M2A03."
"AC9M2A03","Twos Facts, Doubling and Halving","practice","placeholder","AC9M2A03-P-032","","","","","","","","Add practice question 32 of 48 for AC9M2A03."
"AC9M2A03","Twos Facts, Doubling and Halving","practice","placeholder","AC9M2A03-P-033","","","","","","","","Add practice question 33 of 48 for AC9M2A03."
"AC9M2A03","Twos Facts, Doubling and Halving","practice","placeholder","AC9M2A03-P-034","","","","","","","","Add practice question 34 of 48 for AC9M2A03."
"AC9M2A03","Twos Facts, Doubling and Halving","practice","placeholder","AC9M2A03-P-035","","","","","","","","Add practice question 35 of 48 for AC9M2A03."
"AC9M2A03","Twos Facts, Doubling and Halving","practice","placeholder","AC9M2A03-P-036","","","","","","","","Add practice question 36 of 48 for AC9M2A03."
"AC9M2A03","Twos Facts, Doubling and Halving","practice","placeholder","AC9M2A03-P-037","","","","","","","","Add practice question 37 of 48 for AC9M2A03."
"AC9M2A03","Twos Facts, Doubling and Halving","practice","placeholder","AC9M2A03-P-038","","","","","","","","Add practice question 38 of 48 for AC9M2A03."
"AC9M2A03","Twos Facts, Doubling and Halving","practice","placeholder","AC9M2A03-P-039","","","","","","","","Add practice question 39 of 48 for AC9M2A03."
"AC9M2A03","Twos Facts, Doubling and Halving","practice","placeholder","AC9M2A03-P-040","","","","","","","","Add practice question 40 of 48 for AC9M2A03."
"AC9M2A03","Twos Facts, Doubling and Halving","practice","placeholder","AC9M2A03-P-041","","","","","","","","Add practice question 41 of 48 for AC9M2A03."
"AC9M2A03","Twos Facts, Doubling and Halving","practice","placeholder","AC9M2A03-P-042","","","","","","","","Add practice question 42 of 48 for AC9M2A03."
"AC9M2A03","Twos Facts, Doubling and Halving","practice","placeholder","AC9M2A03-P-043","","","","","","","","Add practice question 43 of 48 for AC9M2A03."
"AC9M2A03","Twos Facts, Doubling and Halving","practice","placeholder","AC9M2A03-P-044","","","","","","","","Add practice question 44 of 48 for AC9M2A03."
"AC9M2A03","Twos Facts, Doubling and Halving","practice","placeholder","AC9M2A03-P-045","","","","","","","","Add practice question 45 of 48 for AC9M2A03."
"AC9M2A03","Twos Facts, Doubling and Halving","practice","placeholder","AC9M2A03-P-046","","","","","","","","Add practice question 46 of 48 for AC9M2A03."
"AC9M2A03","Twos Facts, Doubling and Halving","practice","placeholder","AC9M2A03-P-047","","","","","","","","Add practice question 47 of 48 for AC9M2A03."
"AC9M2A03","Twos Facts, Doubling and Halving","practice","placeholder","AC9M2A03-P-048","","","","","","","","Add practice question 48 of 48 for AC9M2A03."
"AC9M2A03","Twos Facts, Doubling and Halving","test","existing","AC9M2A03-T-001","At the doubles station, how many counters are in 6 pairs?","A. 6 | B. 14 | C. 12","12","6 pairs means 6 groups of 2, so there are 12. Hint: Skip-count by twos 6 times.","","","",""
"AC9M2A03","Twos Facts, Doubling and Halving","test","existing","AC9M2A03-T-002","At the doubles station, what is double 8?","A. 16 | B. 8 | C. 15","16","Double means two equal groups. 8 + 8 = 16. Hint: Say the number twice, then add.","","","",""
"AC9M2A03","Twos Facts, Doubling and Halving","test","existing","AC9M2A03-T-003","At the doubles station, what is half of 16?","A. 14 | B. 8 | C. 9","8","Half means split 16 into 2 equal groups. Each group has 8. Hint: Share one at a time into two groups.","","","",""
"AC9M2A03","Twos Facts, Doubling and Halving","test","existing","AC9M2A03-T-004","At the doubles station, which division fact matches 6 × 2 = 12?","A. 12 ÷ 6 = 6 | B. 12 − 2 = 10 | C. 12 ÷ 2 = 6","12 ÷ 2 = 6","12 shared into 2 equal groups gives 6 in each group. Hint: Use the total 12, then divide it into 2 groups.","","","",""
"AC9M2A03","Twos Facts, Doubling and Halving","test","existing","AC9M2A03-T-005","At the doubles station, count by twos: 8, 10, 12, 14, __. What comes next?","A. 16 | B. 15 | C. 18","16","Counting by twos adds 2. After 14 comes 16. Hint: Say the next even number.","","","",""
"AC9M2A03","Twos Facts, Doubling and Halving","test","existing","AC9M2A03-T-006","At the doubles station, 16 socks make pairs. How many pairs are there?","A. 16 | B. 8 | C. 10","8","Each pair uses 2 socks, so 16 ÷ 2 = 8 pairs. Hint: Circle the socks two at a time.","","","",""
"AC9M2A03","Twos Facts, Doubling and Halving","test","existing","AC9M2A03-T-007","At the doubles station, there are 7 bikes. Each bike has 2 wheels. How many wheels are there?","A. 7 | B. 15 | C. 14","14","7 groups of 2 wheels make 14 wheels. Hint: Draw 2 wheels for each bike, then count them.","","","",""
"AC9M2A03","Twos Facts, Doubling and Halving","test","existing","AC9M2A03-T-008","At the doubles station, which shows half of 18?","A. 9 and 9 | B. 8 and 10 | C. 18 and 18","9 and 9","Two equal parts of 9 make 18. Hint: Halves must be equal and join to make the whole.","","","",""
"AC9M2A03","Twos Facts, Doubling and Halving","test","existing","AC9M2A03-T-009","During the pair challenge, how many counters are in 7 pairs?","A. 7 | B. 14 | C. 16","14","7 pairs means 7 groups of 2, so there are 14. Hint: Skip-count by twos 7 times.","","","",""
"AC9M2A03","Twos Facts, Doubling and Halving","test","existing","AC9M2A03-T-010","During the pair challenge, what is double 9?","A. 9 | B. 17 | C. 18","18","Double means two equal groups. 9 + 9 = 18. Hint: Say the number twice, then add.","","","",""
"AC9M2A03","Twos Facts, Doubling and Halving","test","existing","AC9M2A03-T-011","During the pair challenge, what is half of 18?","A. 9 | B. 16 | C. 10","9","Half means split 18 into 2 equal groups. Each group has 9. Hint: Share one at a time into two groups.","","","",""
"AC9M2A03","Twos Facts, Doubling and Halving","test","existing","AC9M2A03-T-012","During the pair challenge, which division fact matches 7 × 2 = 14?","A. 14 ÷ 7 = 7 | B. 14 ÷ 2 = 7 | C. 14 − 2 = 12","14 ÷ 2 = 7","14 shared into 2 equal groups gives 7 in each group. Hint: Use the total 14, then divide it into 2 groups.","","","",""
"AC9M2A03","Twos Facts, Doubling and Halving","test","existing","AC9M2A03-T-013","During the pair challenge, count by twos: 10, 12, 14, 16, __. What comes next?","A. 17 | B. 20 | C. 18","18","Counting by twos adds 2. After 16 comes 18. Hint: Say the next even number.","","","",""
"AC9M2A03","Twos Facts, Doubling and Halving","test","existing","AC9M2A03-T-014","During the pair challenge, 18 socks make pairs. How many pairs are there?","A. 9 | B. 18 | C. 11","9","Each pair uses 2 socks, so 18 ÷ 2 = 9 pairs. Hint: Circle the socks two at a time.","","","",""
"AC9M2A03","Twos Facts, Doubling and Halving","test","existing","AC9M2A03-T-015","During the pair challenge, there are 8 bikes. Each bike has 2 wheels. How many wheels are there?","A. 8 | B. 16 | C. 17","16","8 groups of 2 wheels make 16 wheels. Hint: Draw 2 wheels for each bike, then count them.","","","",""
"AC9M2A03","Twos Facts, Doubling and Halving","test","existing","AC9M2A03-T-016","During the pair challenge, which shows half of 20?","A. 9 and 11 | B. 20 and 20 | C. 10 and 10","10 and 10","Two equal parts of 10 make 20. Hint: Halves must be equal and join to make the whole.","","","",""
"AC9M2M01","Measuring Length, Capacity and Mass","practice","existing","AC9M2M01-P-001","At the art table, a pencil is 4 paperclips long. A brush is 7 paperclips long. Which is longer?","A. The brush | B. The pencil | C. They are the same length","The brush","The brush measures 7 paperclips and the pencil measures 4. 7 is greater than 4. Hint: Compare the number of equal paperclips.","","","",""
"AC9M2M01","Measuring Length, Capacity and Mass","practice","existing","AC9M2M01-P-002","At the art table, which is the fair way to measure a book with blocks?","A. Use big and small blocks together | B. Use equal blocks with no gaps | C. Leave gaps between the blocks","Use equal blocks with no gaps","Equal blocks placed end to end give a fair measure. Hint: Check that every unit is the same size and touches the next one.","","","",""
"AC9M2M01","Measuring Length, Capacity and Mass","practice","existing","AC9M2M01-P-003","At the art table, a jug holds 7 cups. A bottle holds 4 cups. Which holds more?","A. The bottle | B. They hold the same amount | C. The jug","The jug","The jug holds 7 cups, which is more than 4 cups. Hint: Capacity tells how much a container can hold. Compare the cup counts.","","","",""
"AC9M2M01","Measuring Length, Capacity and Mass","practice","existing","AC9M2M01-P-004","At the art table, a lunchbox balances with 7 cubes. An apple balances with 4 cubes. Which is heavier?","A. The lunchbox | B. The apple | C. They have the same mass","The lunchbox","The lunchbox needs 7 equal cubes to balance, so it has more mass than the apple with 4. Hint: The heavier object balances with more of the same cubes.","","","",""
"AC9M2M01","Measuring Length, Capacity and Mass","practice","existing","AC9M2M01-P-005","At the art table, you need to measure a tiny button. Which unit will give the most accurate answer?","A. Large books | B. Small beads | C. A mix of beads and books","Small beads","Small equal beads fit the tiny length more closely. Hint: Choose a unit that is smaller than the object and can repeat without gaps.","","","",""
"AC9M2M01","Measuring Length, Capacity and Mass","practice","existing","AC9M2M01-P-006","At the art table, sam measures a ribbon as 7 cubes. Lee measures the same ribbon as 10 tiny counters. Why are the numbers different?","A. The ribbon changed length | B. Lee counted backwards | C. The units are different sizes","The units are different sizes","Smaller units are needed more times, so the count can be larger. Hint: The object stays the same. Compare the size of each measuring unit.","","","",""
"AC9M2M01","Measuring Length, Capacity and Mass","practice","existing","AC9M2M01-P-007","At the art table, which tool helps compare how heavy two classroom objects are?","A. A balance scale | B. A calendar | C. A measuring cup","A balance scale","A balance scale compares mass by showing which side is heavier. Hint: Think about a tool with two sides that can tip.","","","",""
"AC9M2M01","Measuring Length, Capacity and Mass","practice","existing","AC9M2M01-P-008","At the art table, a row of 4 tiles has one gap between two tiles. Is 4 tiles a fair length measure?","A. Yes, gaps do not matter | B. No, the gap makes it unfair | C. Yes, because all tiles are colourful","No, the gap makes it unfair","A gap leaves part of the length unmeasured, so the result is not fair. Hint: Units must touch end to end.","","","",""
"AC9M2M01","Measuring Length, Capacity and Mass","practice","existing","AC9M2M01-P-009","In the reading corner, a pencil is 5 paperclips long. A brush is 8 paperclips long. Which is longer?","A. The pencil | B. They are the same length | C. The brush","The brush","The brush measures 8 paperclips and the pencil measures 5. 8 is greater than 5. Hint: Compare the number of equal paperclips.","","","",""
"AC9M2M01","Measuring Length, Capacity and Mass","practice","existing","AC9M2M01-P-010","In the reading corner, which is the fair way to measure a book with blocks?","A. Use equal blocks with no gaps | B. Use big and small blocks together | C. Leave gaps between the blocks","Use equal blocks with no gaps","Equal blocks placed end to end give a fair measure. Hint: Check that every unit is the same size and touches the next one.","","","",""
"AC9M2M01","Measuring Length, Capacity and Mass","practice","existing","AC9M2M01-P-011","In the reading corner, a jug holds 8 cups. A bottle holds 5 cups. Which holds more?","A. The bottle | B. The jug | C. They hold the same amount","The jug","The jug holds 8 cups, which is more than 5 cups. Hint: Capacity tells how much a container can hold. Compare the cup counts.","","","",""
"AC9M2M01","Measuring Length, Capacity and Mass","practice","existing","AC9M2M01-P-012","In the reading corner, a lunchbox balances with 8 cubes. An apple balances with 5 cubes. Which is heavier?","A. The apple | B. They have the same mass | C. The lunchbox","The lunchbox","The lunchbox needs 8 equal cubes to balance, so it has more mass than the apple with 5. Hint: The heavier object balances with more of the same cubes.","","","",""
"AC9M2M01","Measuring Length, Capacity and Mass","practice","existing","AC9M2M01-P-013","In the reading corner, you need to measure a tiny button. Which unit will give the most accurate answer?","A. Small beads | B. Large books | C. A mix of beads and books","Small beads","Small equal beads fit the tiny length more closely. Hint: Choose a unit that is smaller than the object and can repeat without gaps.","","","",""
"AC9M2M01","Measuring Length, Capacity and Mass","practice","existing","AC9M2M01-P-014","In the reading corner, sam measures a ribbon as 8 cubes. Lee measures the same ribbon as 11 tiny counters. Why are the numbers different?","A. The ribbon changed length | B. The units are different sizes | C. Lee counted backwards","The units are different sizes","Smaller units are needed more times, so the count can be larger. Hint: The object stays the same. Compare the size of each measuring unit.","","","",""
"AC9M2M01","Measuring Length, Capacity and Mass","practice","existing","AC9M2M01-P-015","In the reading corner, which tool helps compare how heavy two classroom objects are?","A. A calendar | B. A measuring cup | C. A balance scale","A balance scale","A balance scale compares mass by showing which side is heavier. Hint: Think about a tool with two sides that can tip.","","","",""
"AC9M2M01","Measuring Length, Capacity and Mass","practice","existing","AC9M2M01-P-016","In the reading corner, a row of 5 tiles has one gap between two tiles. Is 5 tiles a fair length measure?","A. No, the gap makes it unfair | B. Yes, gaps do not matter | C. Yes, because all tiles are colourful","No, the gap makes it unfair","A gap leaves part of the length unmeasured, so the result is not fair. Hint: Units must touch end to end.","","","",""
"AC9M2M01","Measuring Length, Capacity and Mass","practice","existing","AC9M2M01-P-017","At the water station, a pencil is 6 paperclips long. A brush is 9 paperclips long. Which is longer?","A. The pencil | B. The brush | C. They are the same length","The brush","The brush measures 9 paperclips and the pencil measures 6. 9 is greater than 6. Hint: Compare the number of equal paperclips.","","","",""
"AC9M2M01","Measuring Length, Capacity and Mass","practice","existing","AC9M2M01-P-018","At the water station, which is the fair way to measure a book with blocks?","A. Use big and small blocks together | B. Leave gaps between the blocks | C. Use equal blocks with no gaps","Use equal blocks with no gaps","Equal blocks placed end to end give a fair measure. Hint: Check that every unit is the same size and touches the next one.","","","",""
"AC9M2M01","Measuring Length, Capacity and Mass","practice","existing","AC9M2M01-P-019","At the water station, a jug holds 9 cups. A bottle holds 6 cups. Which holds more?","A. The jug | B. The bottle | C. They hold the same amount","The jug","The jug holds 9 cups, which is more than 6 cups. Hint: Capacity tells how much a container can hold. Compare the cup counts.","","","",""
"AC9M2M01","Measuring Length, Capacity and Mass","practice","existing","AC9M2M01-P-020","At the water station, a lunchbox balances with 9 cubes. An apple balances with 6 cubes. Which is heavier?","A. The apple | B. The lunchbox | C. They have the same mass","The lunchbox","The lunchbox needs 9 equal cubes to balance, so it has more mass than the apple with 6. Hint: The heavier object balances with more of the same cubes.","","","",""
"AC9M2M01","Measuring Length, Capacity and Mass","practice","existing","AC9M2M01-P-021","At the water station, you need to measure a tiny button. Which unit will give the most accurate answer?","A. Large books | B. A mix of beads and books | C. Small beads","Small beads","Small equal beads fit the tiny length more closely. Hint: Choose a unit that is smaller than the object and can repeat without gaps.","","","",""
"AC9M2M01","Measuring Length, Capacity and Mass","practice","existing","AC9M2M01-P-022","At the water station, sam measures a ribbon as 9 cubes. Lee measures the same ribbon as 12 tiny counters. Why are the numbers different?","A. The units are different sizes | B. The ribbon changed length | C. Lee counted backwards","The units are different sizes","Smaller units are needed more times, so the count can be larger. Hint: The object stays the same. Compare the size of each measuring unit.","","","",""
"AC9M2M01","Measuring Length, Capacity and Mass","practice","existing","AC9M2M01-P-023","At the water station, which tool helps compare how heavy two classroom objects are?","A. A calendar | B. A balance scale | C. A measuring cup","A balance scale","A balance scale compares mass by showing which side is heavier. Hint: Think about a tool with two sides that can tip.","","","",""
"AC9M2M01","Measuring Length, Capacity and Mass","practice","existing","AC9M2M01-P-024","At the water station, a row of 6 tiles has one gap between two tiles. Is 6 tiles a fair length measure?","A. Yes, gaps do not matter | B. Yes, because all tiles are colourful | C. No, the gap makes it unfair","No, the gap makes it unfair","A gap leaves part of the length unmeasured, so the result is not fair. Hint: Units must touch end to end.","","","",""
"AC9M2M01","Measuring Length, Capacity and Mass","practice","placeholder","AC9M2M01-P-025","","","","","","","","Add practice question 25 of 48 for AC9M2M01."
"AC9M2M01","Measuring Length, Capacity and Mass","practice","placeholder","AC9M2M01-P-026","","","","","","","","Add practice question 26 of 48 for AC9M2M01."
"AC9M2M01","Measuring Length, Capacity and Mass","practice","placeholder","AC9M2M01-P-027","","","","","","","","Add practice question 27 of 48 for AC9M2M01."
"AC9M2M01","Measuring Length, Capacity and Mass","practice","placeholder","AC9M2M01-P-028","","","","","","","","Add practice question 28 of 48 for AC9M2M01."
"AC9M2M01","Measuring Length, Capacity and Mass","practice","placeholder","AC9M2M01-P-029","","","","","","","","Add practice question 29 of 48 for AC9M2M01."
"AC9M2M01","Measuring Length, Capacity and Mass","practice","placeholder","AC9M2M01-P-030","","","","","","","","Add practice question 30 of 48 for AC9M2M01."
"AC9M2M01","Measuring Length, Capacity and Mass","practice","placeholder","AC9M2M01-P-031","","","","","","","","Add practice question 31 of 48 for AC9M2M01."
"AC9M2M01","Measuring Length, Capacity and Mass","practice","placeholder","AC9M2M01-P-032","","","","","","","","Add practice question 32 of 48 for AC9M2M01."
"AC9M2M01","Measuring Length, Capacity and Mass","practice","placeholder","AC9M2M01-P-033","","","","","","","","Add practice question 33 of 48 for AC9M2M01."
"AC9M2M01","Measuring Length, Capacity and Mass","practice","placeholder","AC9M2M01-P-034","","","","","","","","Add practice question 34 of 48 for AC9M2M01."
"AC9M2M01","Measuring Length, Capacity and Mass","practice","placeholder","AC9M2M01-P-035","","","","","","","","Add practice question 35 of 48 for AC9M2M01."
"AC9M2M01","Measuring Length, Capacity and Mass","practice","placeholder","AC9M2M01-P-036","","","","","","","","Add practice question 36 of 48 for AC9M2M01."
"AC9M2M01","Measuring Length, Capacity and Mass","practice","placeholder","AC9M2M01-P-037","","","","","","","","Add practice question 37 of 48 for AC9M2M01."
"AC9M2M01","Measuring Length, Capacity and Mass","practice","placeholder","AC9M2M01-P-038","","","","","","","","Add practice question 38 of 48 for AC9M2M01."
"AC9M2M01","Measuring Length, Capacity and Mass","practice","placeholder","AC9M2M01-P-039","","","","","","","","Add practice question 39 of 48 for AC9M2M01."
"AC9M2M01","Measuring Length, Capacity and Mass","practice","placeholder","AC9M2M01-P-040","","","","","","","","Add practice question 40 of 48 for AC9M2M01."
"AC9M2M01","Measuring Length, Capacity and Mass","practice","placeholder","AC9M2M01-P-041","","","","","","","","Add practice question 41 of 48 for AC9M2M01."
"AC9M2M01","Measuring Length, Capacity and Mass","practice","placeholder","AC9M2M01-P-042","","","","","","","","Add practice question 42 of 48 for AC9M2M01."
"AC9M2M01","Measuring Length, Capacity and Mass","practice","placeholder","AC9M2M01-P-043","","","","","","","","Add practice question 43 of 48 for AC9M2M01."
"AC9M2M01","Measuring Length, Capacity and Mass","practice","placeholder","AC9M2M01-P-044","","","","","","","","Add practice question 44 of 48 for AC9M2M01."
"AC9M2M01","Measuring Length, Capacity and Mass","practice","placeholder","AC9M2M01-P-045","","","","","","","","Add practice question 45 of 48 for AC9M2M01."
"AC9M2M01","Measuring Length, Capacity and Mass","practice","placeholder","AC9M2M01-P-046","","","","","","","","Add practice question 46 of 48 for AC9M2M01."
"AC9M2M01","Measuring Length, Capacity and Mass","practice","placeholder","AC9M2M01-P-047","","","","","","","","Add practice question 47 of 48 for AC9M2M01."
"AC9M2M01","Measuring Length, Capacity and Mass","practice","placeholder","AC9M2M01-P-048","","","","","","","","Add practice question 48 of 48 for AC9M2M01."
"AC9M2M01","Measuring Length, Capacity and Mass","test","existing","AC9M2M01-T-001","In the lunch area, a pencil is 7 paperclips long. A brush is 10 paperclips long. Which is longer?","A. The brush | B. The pencil | C. They are the same length","The brush","The brush measures 10 paperclips and the pencil measures 7. 10 is greater than 7. Hint: Compare the number of equal paperclips.","","","",""
"AC9M2M01","Measuring Length, Capacity and Mass","test","existing","AC9M2M01-T-002","In the lunch area, which is the fair way to measure a book with blocks?","A. Use big and small blocks together | B. Use equal blocks with no gaps | C. Leave gaps between the blocks","Use equal blocks with no gaps","Equal blocks placed end to end give a fair measure. Hint: Check that every unit is the same size and touches the next one.","","","",""
"AC9M2M01","Measuring Length, Capacity and Mass","test","existing","AC9M2M01-T-003","In the lunch area, a jug holds 10 cups. A bottle holds 7 cups. Which holds more?","A. The bottle | B. They hold the same amount | C. The jug","The jug","The jug holds 10 cups, which is more than 7 cups. Hint: Capacity tells how much a container can hold. Compare the cup counts.","","","",""
"AC9M2M01","Measuring Length, Capacity and Mass","test","existing","AC9M2M01-T-004","In the lunch area, a lunchbox balances with 10 cubes. An apple balances with 7 cubes. Which is heavier?","A. The lunchbox | B. The apple | C. They have the same mass","The lunchbox","The lunchbox needs 10 equal cubes to balance, so it has more mass than the apple with 7. Hint: The heavier object balances with more of the same cubes.","","","",""
"AC9M2M01","Measuring Length, Capacity and Mass","test","existing","AC9M2M01-T-005","In the lunch area, you need to measure a tiny button. Which unit will give the most accurate answer?","A. Large books | B. Small beads | C. A mix of beads and books","Small beads","Small equal beads fit the tiny length more closely. Hint: Choose a unit that is smaller than the object and can repeat without gaps.","","","",""
"AC9M2M01","Measuring Length, Capacity and Mass","test","existing","AC9M2M01-T-006","In the lunch area, sam measures a ribbon as 10 cubes. Lee measures the same ribbon as 13 tiny counters. Why are the numbers different?","A. The ribbon changed length | B. Lee counted backwards | C. The units are different sizes","The units are different sizes","Smaller units are needed more times, so the count can be larger. Hint: The object stays the same. Compare the size of each measuring unit.","","","",""
"AC9M2M01","Measuring Length, Capacity and Mass","test","existing","AC9M2M01-T-007","In the lunch area, which tool helps compare how heavy two classroom objects are?","A. A balance scale | B. A calendar | C. A measuring cup","A balance scale","A balance scale compares mass by showing which side is heavier. Hint: Think about a tool with two sides that can tip.","","","",""
"AC9M2M01","Measuring Length, Capacity and Mass","test","existing","AC9M2M01-T-008","In the lunch area, a row of 7 tiles has one gap between two tiles. Is 7 tiles a fair length measure?","A. Yes, gaps do not matter | B. No, the gap makes it unfair | C. Yes, because all tiles are colourful","No, the gap makes it unfair","A gap leaves part of the length unmeasured, so the result is not fair. Hint: Units must touch end to end.","","","",""
"AC9M2M01","Measuring Length, Capacity and Mass","test","existing","AC9M2M01-T-009","At the science table, a pencil is 8 paperclips long. A brush is 11 paperclips long. Which is longer?","A. The pencil | B. They are the same length | C. The brush","The brush","The brush measures 11 paperclips and the pencil measures 8. 11 is greater than 8. Hint: Compare the number of equal paperclips.","","","",""
"AC9M2M01","Measuring Length, Capacity and Mass","test","existing","AC9M2M01-T-010","At the science table, which is the fair way to measure a book with blocks?","A. Use equal blocks with no gaps | B. Use big and small blocks together | C. Leave gaps between the blocks","Use equal blocks with no gaps","Equal blocks placed end to end give a fair measure. Hint: Check that every unit is the same size and touches the next one.","","","",""
"AC9M2M01","Measuring Length, Capacity and Mass","test","existing","AC9M2M01-T-011","At the science table, a jug holds 11 cups. A bottle holds 8 cups. Which holds more?","A. The bottle | B. The jug | C. They hold the same amount","The jug","The jug holds 11 cups, which is more than 8 cups. Hint: Capacity tells how much a container can hold. Compare the cup counts.","","","",""
"AC9M2M01","Measuring Length, Capacity and Mass","test","existing","AC9M2M01-T-012","At the science table, a lunchbox balances with 11 cubes. An apple balances with 8 cubes. Which is heavier?","A. The apple | B. They have the same mass | C. The lunchbox","The lunchbox","The lunchbox needs 11 equal cubes to balance, so it has more mass than the apple with 8. Hint: The heavier object balances with more of the same cubes.","","","",""
"AC9M2M01","Measuring Length, Capacity and Mass","test","existing","AC9M2M01-T-013","At the science table, you need to measure a tiny button. Which unit will give the most accurate answer?","A. Small beads | B. Large books | C. A mix of beads and books","Small beads","Small equal beads fit the tiny length more closely. Hint: Choose a unit that is smaller than the object and can repeat without gaps.","","","",""
"AC9M2M01","Measuring Length, Capacity and Mass","test","existing","AC9M2M01-T-014","At the science table, sam measures a ribbon as 11 cubes. Lee measures the same ribbon as 14 tiny counters. Why are the numbers different?","A. The ribbon changed length | B. The units are different sizes | C. Lee counted backwards","The units are different sizes","Smaller units are needed more times, so the count can be larger. Hint: The object stays the same. Compare the size of each measuring unit.","","","",""
"AC9M2M01","Measuring Length, Capacity and Mass","test","existing","AC9M2M01-T-015","At the science table, which tool helps compare how heavy two classroom objects are?","A. A calendar | B. A measuring cup | C. A balance scale","A balance scale","A balance scale compares mass by showing which side is heavier. Hint: Think about a tool with two sides that can tip.","","","",""
"AC9M2M01","Measuring Length, Capacity and Mass","test","existing","AC9M2M01-T-016","At the science table, a row of 8 tiles has one gap between two tiles. Is 8 tiles a fair length measure?","A. No, the gap makes it unfair | B. Yes, gaps do not matter | C. Yes, because all tiles are colourful","No, the gap makes it unfair","A gap leaves part of the length unmeasured, so the result is not fair. Hint: Units must touch end to end.","","","",""
"AC9M2M02","Halves, Quarters and Eighths in Everyday Measures","practice","existing","AC9M2M02-P-001","At lunch, which picture would show one half of the sandwich?","A. 1 of 3 equal parts shaded | B. 1 of 2 equal parts shaded | C. 1 of 2 unequal parts shaded","1 of 2 equal parts shaded","One half is one of 2 equal parts of the same whole. Hint: Check the number of parts and whether they are equal.","","","",""
"AC9M2M02","Halves, Quarters and Eighths in Everyday Measures","practice","existing","AC9M2M02-P-002","At lunch, the sandwich is cut into 4 equal pieces. What is one piece called?","A. One half | B. One eighth | C. One quarter","One quarter","One of 4 equal parts is one quarter. Hint: The fraction name tells how many equal parts make the whole.","","","",""
"AC9M2M02","Halves, Quarters and Eighths in Everyday Measures","practice","existing","AC9M2M02-P-003","At lunch, how many eighths make one whole sandwich?","A. 8 | B. 4 | C. 2","8","Eight one-eighth parts join to make one whole. Hint: Count all the equal pieces in the whole.","","","",""
"AC9M2M02","Halves, Quarters and Eighths in Everyday Measures","practice","existing","AC9M2M02-P-004","At lunch, which is smaller: one quarter or one eighth of the same sandwich?","A. One quarter | B. One eighth | C. They are the same size","One eighth","When the same whole is split into more equal parts, each part is smaller. Hint: Compare 4 equal cuts with 8 equal cuts.","","","",""
"AC9M2M02","Halves, Quarters and Eighths in Everyday Measures","practice","existing","AC9M2M02-P-005","At lunch, a timer shows half an hour. How many equal half-hours make one hour?","A. 4 | B. 8 | C. 2","2","Two half-hours join to make one whole hour. Hint: Think of an hour split into 2 equal time parts.","","","",""
"AC9M2M02","Halves, Quarters and Eighths in Everyday Measures","practice","existing","AC9M2M02-P-006","At lunch, a full turn is split into 4 equal turns. What is each turn?","A. A quarter turn | B. A half turn | C. An eighth turn","A quarter turn","Four equal quarter turns make one full turn. Hint: The whole turn is divided into 4 equal parts.","","","",""
"AC9M2M02","Halves, Quarters and Eighths in Everyday Measures","practice","existing","AC9M2M02-P-007","At lunch, which sharing shows quarters of one sandwich?","A. 4 different-sized shares | B. 4 equal shares | C. 2 equal shares","4 equal shares","Quarters must be 4 equal parts of one whole. Hint: Count the shares, then check they are equal.","","","",""
"AC9M2M02","Halves, Quarters and Eighths in Everyday Measures","practice","existing","AC9M2M02-P-008","At lunch, the sandwich is folded in half, then in half again, then in half again. How many equal parts are made?","A. 6 | B. 4 | C. 8","8","Repeated halving makes 2, then 4, then 8 equal parts. Hint: Double the number of parts after every fold.","","","",""
"AC9M2M02","Halves, Quarters and Eighths in Everyday Measures","practice","existing","AC9M2M02-P-009","At the paper table, which picture would show one half of the paper square?","A. 1 of 2 equal parts shaded | B. 1 of 3 equal parts shaded | C. 1 of 2 unequal parts shaded","1 of 2 equal parts shaded","One half is one of 2 equal parts of the same whole. Hint: Check the number of parts and whether they are equal.","","","",""
"AC9M2M02","Halves, Quarters and Eighths in Everyday Measures","practice","existing","AC9M2M02-P-010","At the paper table, the paper square is cut into 4 equal pieces. What is one piece called?","A. One half | B. One quarter | C. One eighth","One quarter","One of 4 equal parts is one quarter. Hint: The fraction name tells how many equal parts make the whole.","","","",""
"AC9M2M02","Halves, Quarters and Eighths in Everyday Measures","practice","existing","AC9M2M02-P-011","At the paper table, how many eighths make one whole paper square?","A. 4 | B. 2 | C. 8","8","Eight one-eighth parts join to make one whole. Hint: Count all the equal pieces in the whole.","","","",""
"AC9M2M02","Halves, Quarters and Eighths in Everyday Measures","practice","existing","AC9M2M02-P-012","At the paper table, which is smaller: one quarter or one eighth of the same paper square?","A. One eighth | B. One quarter | C. They are the same size","One eighth","When the same whole is split into more equal parts, each part is smaller. Hint: Compare 4 equal cuts with 8 equal cuts.","","","",""
"AC9M2M02","Halves, Quarters and Eighths in Everyday Measures","practice","existing","AC9M2M02-P-013","At the paper table, a timer shows half an hour. How many equal half-hours make one hour?","A. 4 | B. 2 | C. 8","2","Two half-hours join to make one whole hour. Hint: Think of an hour split into 2 equal time parts.","","","",""
"AC9M2M02","Halves, Quarters and Eighths in Everyday Measures","practice","existing","AC9M2M02-P-014","At the paper table, a full turn is split into 4 equal turns. What is each turn?","A. A half turn | B. An eighth turn | C. A quarter turn","A quarter turn","Four equal quarter turns make one full turn. Hint: The whole turn is divided into 4 equal parts.","","","",""
"AC9M2M02","Halves, Quarters and Eighths in Everyday Measures","practice","existing","AC9M2M02-P-015","At the paper table, which sharing shows quarters of one paper square?","A. 4 equal shares | B. 4 different-sized shares | C. 2 equal shares","4 equal shares","Quarters must be 4 equal parts of one whole. Hint: Count the shares, then check they are equal.","","","",""
"AC9M2M02","Halves, Quarters and Eighths in Everyday Measures","practice","existing","AC9M2M02-P-016","At the paper table, the paper square is folded in half, then in half again, then in half again. How many equal parts are made?","A. 6 | B. 8 | C. 4","8","Repeated halving makes 2, then 4, then 8 equal parts. Hint: Double the number of parts after every fold.","","","",""
"AC9M2M02","Halves, Quarters and Eighths in Everyday Measures","practice","existing","AC9M2M02-P-017","With a fruit bar, which picture would show one half of the fruit bar?","A. 1 of 3 equal parts shaded | B. 1 of 2 unequal parts shaded | C. 1 of 2 equal parts shaded","1 of 2 equal parts shaded","One half is one of 2 equal parts of the same whole. Hint: Check the number of parts and whether they are equal.","","","",""
"AC9M2M02","Halves, Quarters and Eighths in Everyday Measures","practice","existing","AC9M2M02-P-018","With a fruit bar, the fruit bar is cut into 4 equal pieces. What is one piece called?","A. One quarter | B. One half | C. One eighth","One quarter","One of 4 equal parts is one quarter. Hint: The fraction name tells how many equal parts make the whole.","","","",""
"AC9M2M02","Halves, Quarters and Eighths in Everyday Measures","practice","existing","AC9M2M02-P-019","With a fruit bar, how many eighths make one whole fruit bar?","A. 4 | B. 8 | C. 2","8","Eight one-eighth parts join to make one whole. Hint: Count all the equal pieces in the whole.","","","",""
"AC9M2M02","Halves, Quarters and Eighths in Everyday Measures","practice","existing","AC9M2M02-P-020","With a fruit bar, which is smaller: one quarter or one eighth of the same fruit bar?","A. One quarter | B. They are the same size | C. One eighth","One eighth","When the same whole is split into more equal parts, each part is smaller. Hint: Compare 4 equal cuts with 8 equal cuts.","","","",""
"AC9M2M02","Halves, Quarters and Eighths in Everyday Measures","practice","existing","AC9M2M02-P-021","With a fruit bar, a timer shows half an hour. How many equal half-hours make one hour?","A. 2 | B. 4 | C. 8","2","Two half-hours join to make one whole hour. Hint: Think of an hour split into 2 equal time parts.","","","",""
"AC9M2M02","Halves, Quarters and Eighths in Everyday Measures","practice","existing","AC9M2M02-P-022","With a fruit bar, a full turn is split into 4 equal turns. What is each turn?","A. A half turn | B. A quarter turn | C. An eighth turn","A quarter turn","Four equal quarter turns make one full turn. Hint: The whole turn is divided into 4 equal parts.","","","",""
"AC9M2M02","Halves, Quarters and Eighths in Everyday Measures","practice","existing","AC9M2M02-P-023","With a fruit bar, which sharing shows quarters of one fruit bar?","A. 4 different-sized shares | B. 2 equal shares | C. 4 equal shares","4 equal shares","Quarters must be 4 equal parts of one whole. Hint: Count the shares, then check they are equal.","","","",""
"AC9M2M02","Halves, Quarters and Eighths in Everyday Measures","practice","existing","AC9M2M02-P-024","With a fruit bar, the fruit bar is folded in half, then in half again, then in half again. How many equal parts are made?","A. 8 | B. 6 | C. 4","8","Repeated halving makes 2, then 4, then 8 equal parts. Hint: Double the number of parts after every fold.","","","",""
"AC9M2M02","Halves, Quarters and Eighths in Everyday Measures","practice","placeholder","AC9M2M02-P-025","","","","","","","","Add practice question 25 of 48 for AC9M2M02."
"AC9M2M02","Halves, Quarters and Eighths in Everyday Measures","practice","placeholder","AC9M2M02-P-026","","","","","","","","Add practice question 26 of 48 for AC9M2M02."
"AC9M2M02","Halves, Quarters and Eighths in Everyday Measures","practice","placeholder","AC9M2M02-P-027","","","","","","","","Add practice question 27 of 48 for AC9M2M02."
"AC9M2M02","Halves, Quarters and Eighths in Everyday Measures","practice","placeholder","AC9M2M02-P-028","","","","","","","","Add practice question 28 of 48 for AC9M2M02."
"AC9M2M02","Halves, Quarters and Eighths in Everyday Measures","practice","placeholder","AC9M2M02-P-029","","","","","","","","Add practice question 29 of 48 for AC9M2M02."
"AC9M2M02","Halves, Quarters and Eighths in Everyday Measures","practice","placeholder","AC9M2M02-P-030","","","","","","","","Add practice question 30 of 48 for AC9M2M02."
"AC9M2M02","Halves, Quarters and Eighths in Everyday Measures","practice","placeholder","AC9M2M02-P-031","","","","","","","","Add practice question 31 of 48 for AC9M2M02."
"AC9M2M02","Halves, Quarters and Eighths in Everyday Measures","practice","placeholder","AC9M2M02-P-032","","","","","","","","Add practice question 32 of 48 for AC9M2M02."
"AC9M2M02","Halves, Quarters and Eighths in Everyday Measures","practice","placeholder","AC9M2M02-P-033","","","","","","","","Add practice question 33 of 48 for AC9M2M02."
"AC9M2M02","Halves, Quarters and Eighths in Everyday Measures","practice","placeholder","AC9M2M02-P-034","","","","","","","","Add practice question 34 of 48 for AC9M2M02."
"AC9M2M02","Halves, Quarters and Eighths in Everyday Measures","practice","placeholder","AC9M2M02-P-035","","","","","","","","Add practice question 35 of 48 for AC9M2M02."
"AC9M2M02","Halves, Quarters and Eighths in Everyday Measures","practice","placeholder","AC9M2M02-P-036","","","","","","","","Add practice question 36 of 48 for AC9M2M02."
"AC9M2M02","Halves, Quarters and Eighths in Everyday Measures","practice","placeholder","AC9M2M02-P-037","","","","","","","","Add practice question 37 of 48 for AC9M2M02."
"AC9M2M02","Halves, Quarters and Eighths in Everyday Measures","practice","placeholder","AC9M2M02-P-038","","","","","","","","Add practice question 38 of 48 for AC9M2M02."
"AC9M2M02","Halves, Quarters and Eighths in Everyday Measures","practice","placeholder","AC9M2M02-P-039","","","","","","","","Add practice question 39 of 48 for AC9M2M02."
"AC9M2M02","Halves, Quarters and Eighths in Everyday Measures","practice","placeholder","AC9M2M02-P-040","","","","","","","","Add practice question 40 of 48 for AC9M2M02."
"AC9M2M02","Halves, Quarters and Eighths in Everyday Measures","practice","placeholder","AC9M2M02-P-041","","","","","","","","Add practice question 41 of 48 for AC9M2M02."
"AC9M2M02","Halves, Quarters and Eighths in Everyday Measures","practice","placeholder","AC9M2M02-P-042","","","","","","","","Add practice question 42 of 48 for AC9M2M02."
"AC9M2M02","Halves, Quarters and Eighths in Everyday Measures","practice","placeholder","AC9M2M02-P-043","","","","","","","","Add practice question 43 of 48 for AC9M2M02."
"AC9M2M02","Halves, Quarters and Eighths in Everyday Measures","practice","placeholder","AC9M2M02-P-044","","","","","","","","Add practice question 44 of 48 for AC9M2M02."
"AC9M2M02","Halves, Quarters and Eighths in Everyday Measures","practice","placeholder","AC9M2M02-P-045","","","","","","","","Add practice question 45 of 48 for AC9M2M02."
"AC9M2M02","Halves, Quarters and Eighths in Everyday Measures","practice","placeholder","AC9M2M02-P-046","","","","","","","","Add practice question 46 of 48 for AC9M2M02."
"AC9M2M02","Halves, Quarters and Eighths in Everyday Measures","practice","placeholder","AC9M2M02-P-047","","","","","","","","Add practice question 47 of 48 for AC9M2M02."
"AC9M2M02","Halves, Quarters and Eighths in Everyday Measures","practice","placeholder","AC9M2M02-P-048","","","","","","","","Add practice question 48 of 48 for AC9M2M02."
"AC9M2M02","Halves, Quarters and Eighths in Everyday Measures","test","existing","AC9M2M02-T-001","In the garden, which picture would show one half of the garden bed?","A. 1 of 3 equal parts shaded | B. 1 of 2 equal parts shaded | C. 1 of 2 unequal parts shaded","1 of 2 equal parts shaded","One half is one of 2 equal parts of the same whole. Hint: Check the number of parts and whether they are equal.","","","",""
"AC9M2M02","Halves, Quarters and Eighths in Everyday Measures","test","existing","AC9M2M02-T-002","In the garden, the garden bed is cut into 4 equal pieces. What is one piece called?","A. One half | B. One eighth | C. One quarter","One quarter","One of 4 equal parts is one quarter. Hint: The fraction name tells how many equal parts make the whole.","","","",""
"AC9M2M02","Halves, Quarters and Eighths in Everyday Measures","test","existing","AC9M2M02-T-003","In the garden, how many eighths make one whole garden bed?","A. 8 | B. 4 | C. 2","8","Eight one-eighth parts join to make one whole. Hint: Count all the equal pieces in the whole.","","","",""
"AC9M2M02","Halves, Quarters and Eighths in Everyday Measures","test","existing","AC9M2M02-T-004","In the garden, which is smaller: one quarter or one eighth of the same garden bed?","A. One quarter | B. One eighth | C. They are the same size","One eighth","When the same whole is split into more equal parts, each part is smaller. Hint: Compare 4 equal cuts with 8 equal cuts.","","","",""
"AC9M2M02","Halves, Quarters and Eighths in Everyday Measures","test","existing","AC9M2M02-T-005","In the garden, a timer shows half an hour. How many equal half-hours make one hour?","A. 4 | B. 8 | C. 2","2","Two half-hours join to make one whole hour. Hint: Think of an hour split into 2 equal time parts.","","","",""
"AC9M2M02","Halves, Quarters and Eighths in Everyday Measures","test","existing","AC9M2M02-T-006","In the garden, a full turn is split into 4 equal turns. What is each turn?","A. A quarter turn | B. A half turn | C. An eighth turn","A quarter turn","Four equal quarter turns make one full turn. Hint: The whole turn is divided into 4 equal parts.","","","",""
"AC9M2M02","Halves, Quarters and Eighths in Everyday Measures","test","existing","AC9M2M02-T-007","In the garden, which sharing shows quarters of one garden bed?","A. 4 different-sized shares | B. 4 equal shares | C. 2 equal shares","4 equal shares","Quarters must be 4 equal parts of one whole. Hint: Count the shares, then check they are equal.","","","",""
"AC9M2M02","Halves, Quarters and Eighths in Everyday Measures","test","existing","AC9M2M02-T-008","In the garden, the garden bed is folded in half, then in half again, then in half again. How many equal parts are made?","A. 6 | B. 4 | C. 8","8","Repeated halving makes 2, then 4, then 8 equal parts. Hint: Double the number of parts after every fold.","","","",""
"AC9M2M02","Halves, Quarters and Eighths in Everyday Measures","test","existing","AC9M2M02-T-009","At the playdough table, which picture would show one half of the playdough slab?","A. 1 of 2 equal parts shaded | B. 1 of 3 equal parts shaded | C. 1 of 2 unequal parts shaded","1 of 2 equal parts shaded","One half is one of 2 equal parts of the same whole. Hint: Check the number of parts and whether they are equal.","","","",""
"AC9M2M02","Halves, Quarters and Eighths in Everyday Measures","test","existing","AC9M2M02-T-010","At the playdough table, the playdough slab is cut into 4 equal pieces. What is one piece called?","A. One half | B. One quarter | C. One eighth","One quarter","One of 4 equal parts is one quarter. Hint: The fraction name tells how many equal parts make the whole.","","","",""
"AC9M2M02","Halves, Quarters and Eighths in Everyday Measures","test","existing","AC9M2M02-T-011","At the playdough table, how many eighths make one whole playdough slab?","A. 4 | B. 2 | C. 8","8","Eight one-eighth parts join to make one whole. Hint: Count all the equal pieces in the whole.","","","",""
"AC9M2M02","Halves, Quarters and Eighths in Everyday Measures","test","existing","AC9M2M02-T-012","At the playdough table, which is smaller: one quarter or one eighth of the same playdough slab?","A. One eighth | B. One quarter | C. They are the same size","One eighth","When the same whole is split into more equal parts, each part is smaller. Hint: Compare 4 equal cuts with 8 equal cuts.","","","",""
"AC9M2M02","Halves, Quarters and Eighths in Everyday Measures","test","existing","AC9M2M02-T-013","At the playdough table, a timer shows half an hour. How many equal half-hours make one hour?","A. 4 | B. 2 | C. 8","2","Two half-hours join to make one whole hour. Hint: Think of an hour split into 2 equal time parts.","","","",""
"AC9M2M02","Halves, Quarters and Eighths in Everyday Measures","test","existing","AC9M2M02-T-014","At the playdough table, a full turn is split into 4 equal turns. What is each turn?","A. A half turn | B. An eighth turn | C. A quarter turn","A quarter turn","Four equal quarter turns make one full turn. Hint: The whole turn is divided into 4 equal parts.","","","",""
"AC9M2M02","Halves, Quarters and Eighths in Everyday Measures","test","existing","AC9M2M02-T-015","At the playdough table, which sharing shows quarters of one playdough slab?","A. 4 equal shares | B. 4 different-sized shares | C. 2 equal shares","4 equal shares","Quarters must be 4 equal parts of one whole. Hint: Count the shares, then check they are equal.","","","",""
"AC9M2M02","Halves, Quarters and Eighths in Everyday Measures","test","existing","AC9M2M02-T-016","At the playdough table, the playdough slab is folded in half, then in half again, then in half again. How many equal parts are made?","A. 6 | B. 8 | C. 4","8","Repeated halving makes 2, then 4, then 8 equal parts. Hint: Double the number of parts after every fold.","","","",""
"AC9M2M03","Calendars and Days Between Events","practice","existing","AC9M2M03-P-001","On the class calendar, the class visit is on the 2nd. What date is one week later?","A. 8th | B. 10th | C. 9th","9th","One week is 7 days, so 2 + 7 = 9. Hint: Move down one full week on the calendar.","","","",""
"AC9M2M03","Calendars and Days Between Events","practice","existing","AC9M2M03-P-002","On the class calendar, how many days are between the 2nd and the 5th?","A. 3 | B. 4 | C. 2","3","Count the jumps after the 2nd: there are 3 days to the 5th. Hint: Do not count the starting date as a jump.","","","",""
"AC9M2M03","Calendars and Days Between Events","practice","existing","AC9M2M03-P-003","On the class calendar, today is Monday. What day is 3 days later?","A. Tuesday | B. Thursday | C. Friday","Thursday","Move forward 3 days from Monday. Hint: Use one jump for each day.","","","",""
"AC9M2M03","Calendars and Days Between Events","practice","existing","AC9M2M03-P-004","On the class calendar, which is a date?","A. Thursday | B. After lunch | C. 5th of May","5th of May","A date gives a number and a month: 5th of May. Hint: A day name is not a full date.","","","",""
"AC9M2M03","Calendars and Days Between Events","practice","existing","AC9M2M03-P-005","On the class calendar, the library day is the 2nd. Sports day is 3 days later. What is the sports date?","A. 5th | B. 6th | C. 4th","5th","Starting after the 2nd, count 3 jumps to reach the 5th. Hint: Put your finger on the start, then move once for each day.","","","",""
"AC9M2M03","Calendars and Days Between Events","practice","existing","AC9M2M03-P-006","On the class calendar, which method correctly counts days from the 2nd to the 5th?","A. Count the 2nd as jump 1 | B. Start after the 2nd and count 3 jumps | C. Count backwards from the 2nd","Start after the 2nd and count 3 jumps","Days between dates are counted as jumps after the starting date. Hint: Trace the spaces from one date to the next.","","","",""
"AC9M2M03","Calendars and Days Between Events","practice","existing","AC9M2M03-P-007","On the class calendar, a camp starts on the 9th. What date was one week before?","A. 3rd | B. 8th | C. 2nd","2nd","One week before means move back 7 days, to the 2nd. Hint: Move up one row on the calendar.","","","",""
"AC9M2M03","Calendars and Days Between Events","practice","existing","AC9M2M03-P-008","On the class calendar, the 5th is a Friday. What day is the 6th?","A. Saturday | B. Thursday | C. Friday","Saturday","The day after Friday is Saturday. Hint: Move one day forward in the weekday order.","","","",""
"AC9M2M03","Calendars and Days Between Events","practice","existing","AC9M2M03-P-009","For library week, the class visit is on the 4th. What date is one week later?","A. 10th | B. 11th | C. 12th","11th","One week is 7 days, so 4 + 7 = 11. Hint: Move down one full week on the calendar.","","","",""
"AC9M2M03","Calendars and Days Between Events","practice","existing","AC9M2M03-P-010","For library week, how many days are between the 4th and the 8th?","A. 5 | B. 3 | C. 4","4","Count the jumps after the 4th: there are 4 days to the 8th. Hint: Do not count the starting date as a jump.","","","",""
"AC9M2M03","Calendars and Days Between Events","practice","existing","AC9M2M03-P-011","For library week, today is Monday. What day is 4 days later?","A. Friday | B. Wednesday | C. Saturday","Friday","Move forward 4 days from Monday. Hint: Use one jump for each day.","","","",""
"AC9M2M03","Calendars and Days Between Events","practice","existing","AC9M2M03-P-012","For library week, which is a date?","A. Thursday | B. 8th of May | C. After lunch","8th of May","A date gives a number and a month: 8th of May. Hint: A day name is not a full date.","","","",""
"AC9M2M03","Calendars and Days Between Events","practice","existing","AC9M2M03-P-013","For library week, the library day is the 4th. Sports day is 4 days later. What is the sports date?","A. 9th | B. 7th | C. 8th","8th","Starting after the 4th, count 4 jumps to reach the 8th. Hint: Put your finger on the start, then move once for each day.","","","",""
"AC9M2M03","Calendars and Days Between Events","practice","existing","AC9M2M03-P-014","For library week, which method correctly counts days from the 4th to the 8th?","A. Start after the 4th and count 4 jumps | B. Count the 4th as jump 1 | C. Count backwards from the 4th","Start after the 4th and count 4 jumps","Days between dates are counted as jumps after the starting date. Hint: Trace the spaces from one date to the next.","","","",""
"AC9M2M03","Calendars and Days Between Events","practice","existing","AC9M2M03-P-015","For library week, a camp starts on the 11th. What date was one week before?","A. 5th | B. 4th | C. 10th","4th","One week before means move back 7 days, to the 4th. Hint: Move up one row on the calendar.","","","",""
"AC9M2M03","Calendars and Days Between Events","practice","existing","AC9M2M03-P-016","For library week, the 8th is a Friday. What day is the 9th?","A. Thursday | B. Friday | C. Saturday","Saturday","The day after Friday is Saturday. Hint: Move one day forward in the weekday order.","","","",""
"AC9M2M03","Calendars and Days Between Events","practice","existing","AC9M2M03-P-017","Before the school visit, the class visit is on the 6th. What date is one week later?","A. 13th | B. 12th | C. 14th","13th","One week is 7 days, so 6 + 7 = 13. Hint: Move down one full week on the calendar.","","","",""
"AC9M2M03","Calendars and Days Between Events","practice","existing","AC9M2M03-P-018","Before the school visit, how many days are between the 6th and the 11th?","A. 6 | B. 5 | C. 4","5","Count the jumps after the 6th: there are 5 days to the 11th. Hint: Do not count the starting date as a jump.","","","",""
"AC9M2M03","Calendars and Days Between Events","practice","existing","AC9M2M03-P-019","Before the school visit, today is Monday. What day is 5 days later?","A. Thursday | B. Sunday | C. Saturday","Saturday","Move forward 5 days from Monday. Hint: Use one jump for each day.","","","",""
"AC9M2M03","Calendars and Days Between Events","practice","existing","AC9M2M03-P-020","Before the school visit, which is a date?","A. 11th of May | B. Thursday | C. After lunch","11th of May","A date gives a number and a month: 11th of May. Hint: A day name is not a full date.","","","",""
"AC9M2M03","Calendars and Days Between Events","practice","existing","AC9M2M03-P-021","Before the school visit, the library day is the 6th. Sports day is 5 days later. What is the sports date?","A. 12th | B. 11th | C. 10th","11th","Starting after the 6th, count 5 jumps to reach the 11th. Hint: Put your finger on the start, then move once for each day.","","","",""
"AC9M2M03","Calendars and Days Between Events","practice","existing","AC9M2M03-P-022","Before the school visit, which method correctly counts days from the 6th to the 11th?","A. Count the 6th as jump 1 | B. Count backwards from the 6th | C. Start after the 6th and count 5 jumps","Start after the 6th and count 5 jumps","Days between dates are counted as jumps after the starting date. Hint: Trace the spaces from one date to the next.","","","",""
"AC9M2M03","Calendars and Days Between Events","practice","existing","AC9M2M03-P-023","Before the school visit, a camp starts on the 13th. What date was one week before?","A. 6th | B. 7th | C. 12th","6th","One week before means move back 7 days, to the 6th. Hint: Move up one row on the calendar.","","","",""
"AC9M2M03","Calendars and Days Between Events","practice","existing","AC9M2M03-P-024","Before the school visit, the 11th is a Friday. What day is the 12th?","A. Thursday | B. Saturday | C. Friday","Saturday","The day after Friday is Saturday. Hint: Move one day forward in the weekday order.","","","",""
"AC9M2M03","Calendars and Days Between Events","practice","placeholder","AC9M2M03-P-025","","","","","","","","Add practice question 25 of 48 for AC9M2M03."
"AC9M2M03","Calendars and Days Between Events","practice","placeholder","AC9M2M03-P-026","","","","","","","","Add practice question 26 of 48 for AC9M2M03."
"AC9M2M03","Calendars and Days Between Events","practice","placeholder","AC9M2M03-P-027","","","","","","","","Add practice question 27 of 48 for AC9M2M03."
"AC9M2M03","Calendars and Days Between Events","practice","placeholder","AC9M2M03-P-028","","","","","","","","Add practice question 28 of 48 for AC9M2M03."
"AC9M2M03","Calendars and Days Between Events","practice","placeholder","AC9M2M03-P-029","","","","","","","","Add practice question 29 of 48 for AC9M2M03."
"AC9M2M03","Calendars and Days Between Events","practice","placeholder","AC9M2M03-P-030","","","","","","","","Add practice question 30 of 48 for AC9M2M03."
"AC9M2M03","Calendars and Days Between Events","practice","placeholder","AC9M2M03-P-031","","","","","","","","Add practice question 31 of 48 for AC9M2M03."
"AC9M2M03","Calendars and Days Between Events","practice","placeholder","AC9M2M03-P-032","","","","","","","","Add practice question 32 of 48 for AC9M2M03."
"AC9M2M03","Calendars and Days Between Events","practice","placeholder","AC9M2M03-P-033","","","","","","","","Add practice question 33 of 48 for AC9M2M03."
"AC9M2M03","Calendars and Days Between Events","practice","placeholder","AC9M2M03-P-034","","","","","","","","Add practice question 34 of 48 for AC9M2M03."
"AC9M2M03","Calendars and Days Between Events","practice","placeholder","AC9M2M03-P-035","","","","","","","","Add practice question 35 of 48 for AC9M2M03."
"AC9M2M03","Calendars and Days Between Events","practice","placeholder","AC9M2M03-P-036","","","","","","","","Add practice question 36 of 48 for AC9M2M03."
"AC9M2M03","Calendars and Days Between Events","practice","placeholder","AC9M2M03-P-037","","","","","","","","Add practice question 37 of 48 for AC9M2M03."
"AC9M2M03","Calendars and Days Between Events","practice","placeholder","AC9M2M03-P-038","","","","","","","","Add practice question 38 of 48 for AC9M2M03."
"AC9M2M03","Calendars and Days Between Events","practice","placeholder","AC9M2M03-P-039","","","","","","","","Add practice question 39 of 48 for AC9M2M03."
"AC9M2M03","Calendars and Days Between Events","practice","placeholder","AC9M2M03-P-040","","","","","","","","Add practice question 40 of 48 for AC9M2M03."
"AC9M2M03","Calendars and Days Between Events","practice","placeholder","AC9M2M03-P-041","","","","","","","","Add practice question 41 of 48 for AC9M2M03."
"AC9M2M03","Calendars and Days Between Events","practice","placeholder","AC9M2M03-P-042","","","","","","","","Add practice question 42 of 48 for AC9M2M03."
"AC9M2M03","Calendars and Days Between Events","practice","placeholder","AC9M2M03-P-043","","","","","","","","Add practice question 43 of 48 for AC9M2M03."
"AC9M2M03","Calendars and Days Between Events","practice","placeholder","AC9M2M03-P-044","","","","","","","","Add practice question 44 of 48 for AC9M2M03."
"AC9M2M03","Calendars and Days Between Events","practice","placeholder","AC9M2M03-P-045","","","","","","","","Add practice question 45 of 48 for AC9M2M03."
"AC9M2M03","Calendars and Days Between Events","practice","placeholder","AC9M2M03-P-046","","","","","","","","Add practice question 46 of 48 for AC9M2M03."
"AC9M2M03","Calendars and Days Between Events","practice","placeholder","AC9M2M03-P-047","","","","","","","","Add practice question 47 of 48 for AC9M2M03."
"AC9M2M03","Calendars and Days Between Events","practice","placeholder","AC9M2M03-P-048","","","","","","","","Add practice question 48 of 48 for AC9M2M03."
"AC9M2M03","Calendars and Days Between Events","test","existing","AC9M2M03-T-001","For sports week, the class visit is on the 8th. What date is one week later?","A. 14th | B. 16th | C. 15th","15th","One week is 7 days, so 8 + 7 = 15. Hint: Move down one full week on the calendar.","","","",""
"AC9M2M03","Calendars and Days Between Events","test","existing","AC9M2M03-T-002","For sports week, how many days are between the 8th and the 14th?","A. 6 | B. 7 | C. 5","6","Count the jumps after the 8th: there are 6 days to the 14th. Hint: Do not count the starting date as a jump.","","","",""
"AC9M2M03","Calendars and Days Between Events","test","existing","AC9M2M03-T-003","For sports week, today is Monday. What day is 6 days later?","A. Friday | B. Sunday | C. Monday","Sunday","Move forward 6 days from Monday. Hint: Use one jump for each day.","","","",""
"AC9M2M03","Calendars and Days Between Events","test","existing","AC9M2M03-T-004","For sports week, which is a date?","A. Thursday | B. After lunch | C. 14th of May","14th of May","A date gives a number and a month: 14th of May. Hint: A day name is not a full date.","","","",""
"AC9M2M03","Calendars and Days Between Events","test","existing","AC9M2M03-T-005","For sports week, the library day is the 8th. Sports day is 6 days later. What is the sports date?","A. 14th | B. 15th | C. 13th","14th","Starting after the 8th, count 6 jumps to reach the 14th. Hint: Put your finger on the start, then move once for each day.","","","",""
"AC9M2M03","Calendars and Days Between Events","test","existing","AC9M2M03-T-006","For sports week, which method correctly counts days from the 8th to the 14th?","A. Count the 8th as jump 1 | B. Start after the 8th and count 6 jumps | C. Count backwards from the 8th","Start after the 8th and count 6 jumps","Days between dates are counted as jumps after the starting date. Hint: Trace the spaces from one date to the next.","","","",""
"AC9M2M03","Calendars and Days Between Events","test","existing","AC9M2M03-T-007","For sports week, a camp starts on the 15th. What date was one week before?","A. 9th | B. 14th | C. 8th","8th","One week before means move back 7 days, to the 8th. Hint: Move up one row on the calendar.","","","",""
"AC9M2M03","Calendars and Days Between Events","test","existing","AC9M2M03-T-008","For sports week, the 14th is a Friday. What day is the 15th?","A. Saturday | B. Thursday | C. Friday","Saturday","The day after Friday is Saturday. Hint: Move one day forward in the weekday order.","","","",""
"AC9M2M03","Calendars and Days Between Events","test","existing","AC9M2M03-T-009","On the camp calendar, the class visit is on the 10th. What date is one week later?","A. 16th | B. 17th | C. 18th","17th","One week is 7 days, so 10 + 7 = 17. Hint: Move down one full week on the calendar.","","","",""
"AC9M2M03","Calendars and Days Between Events","test","existing","AC9M2M03-T-010","On the camp calendar, how many days are between the 10th and the 13th?","A. 4 | B. 2 | C. 3","3","Count the jumps after the 10th: there are 3 days to the 13th. Hint: Do not count the starting date as a jump.","","","",""
"AC9M2M03","Calendars and Days Between Events","test","existing","AC9M2M03-T-011","On the camp calendar, today is Monday. What day is 3 days later?","A. Thursday | B. Tuesday | C. Friday","Thursday","Move forward 3 days from Monday. Hint: Use one jump for each day.","","","",""
"AC9M2M03","Calendars and Days Between Events","test","existing","AC9M2M03-T-012","On the camp calendar, which is a date?","A. Thursday | B. 13th of May | C. After lunch","13th of May","A date gives a number and a month: 13th of May. Hint: A day name is not a full date.","","","",""
"AC9M2M03","Calendars and Days Between Events","test","existing","AC9M2M03-T-013","On the camp calendar, the library day is the 10th. Sports day is 3 days later. What is the sports date?","A. 14th | B. 12th | C. 13th","13th","Starting after the 10th, count 3 jumps to reach the 13th. Hint: Put your finger on the start, then move once for each day.","","","",""
"AC9M2M03","Calendars and Days Between Events","test","existing","AC9M2M03-T-014","On the camp calendar, which method correctly counts days from the 10th to the 13th?","A. Start after the 10th and count 3 jumps | B. Count the 10th as jump 1 | C. Count backwards from the 10th","Start after the 10th and count 3 jumps","Days between dates are counted as jumps after the starting date. Hint: Trace the spaces from one date to the next.","","","",""
"AC9M2M03","Calendars and Days Between Events","test","existing","AC9M2M03-T-015","On the camp calendar, a camp starts on the 17th. What date was one week before?","A. 11th | B. 10th | C. 16th","10th","One week before means move back 7 days, to the 10th. Hint: Move up one row on the calendar.","","","",""
"AC9M2M03","Calendars and Days Between Events","test","existing","AC9M2M03-T-016","On the camp calendar, the 13th is a Friday. What day is the 14th?","A. Thursday | B. Friday | C. Saturday","Saturday","The day after Friday is Saturday. Hint: Move one day forward in the weekday order.","","","",""
"AC9M2M04","Reading Analog Time","practice","existing","AC9M2M04-P-001","Before recess, what time does the clock show?","A. 2 o'clock | B. half past 2 | C. quarter past 2","2 o'clock","The minute hand shows o'clock, so the time is 2 o'clock. Hint: Check the long minute hand first, then the short hour hand.","","","",""
"AC9M2M04","Reading Analog Time","practice","existing","AC9M2M04-P-002","Before recess, what time does the clock show?","A. quarter to 2 | B. quarter past 2 | C. half past 2","quarter past 2","The minute hand shows quarter past, so the time is quarter past 2. Hint: Check the long minute hand first, then the short hour hand.","","","",""
"AC9M2M04","Reading Analog Time","practice","existing","AC9M2M04-P-003","Before recess, what time does the clock show?","A. 2 o'clock | B. quarter to 2 | C. half past 2","half past 2","The minute hand shows half past, so the time is half past 2. Hint: Check the long minute hand first, then the short hour hand.","","","",""
"AC9M2M04","Reading Analog Time","practice","existing","AC9M2M04-P-004","Before recess, what time does the clock show?","A. quarter to 3 | B. quarter past 2 | C. quarter to 2","quarter to 3","The minute hand shows quarter to, so the time is quarter to 3. Hint: Check the long minute hand first, then the short hour hand.","","","",""
"AC9M2M04","Reading Analog Time","practice","existing","AC9M2M04-P-005","Before recess, where does the minute hand point at half past 2?","A. 3 | B. 6 | C. 12","6","At half past, 30 minutes have passed, so the minute hand points to 6. Hint: Halfway around the clock face lands on 6.","","","",""
"AC9M2M04","Reading Analog Time","practice","existing","AC9M2M04-P-006","Before recess, where does the minute hand point at quarter past 2?","A. 6 | B. 9 | C. 3","3","A quarter of the way around the clock is 15 minutes, at the 3. Hint: Start at 12 and move one quarter-turn clockwise.","","","",""
"AC9M2M04","Reading Analog Time","practice","existing","AC9M2M04-P-007","Before recess, the minute hand points to 9 and the hour hand is nearly at 3. What time is it?","A. quarter to 3 | B. quarter past 2 | C. half past 2","quarter to 3","The 9 means quarter to the next hour, which is 3. Hint: When the minute hand is on 9, name the hour that is coming next.","","","",""
"AC9M2M04","Reading Analog Time","practice","existing","AC9M2M04-P-008","Before recess, which clock hand tells whether it is o'clock, half past or quarter past?","A. The hour hand only | B. The minute hand | C. The second hand","The minute hand","The long minute hand shows how far the hour has passed. Hint: Look for the hand that points to 12, 3, 6 or 9 for these times.","","","",""
"AC9M2M04","Reading Analog Time","practice","existing","AC9M2M04-P-009","At reading time, what time does the clock show?","A. half past 3 | B. quarter past 3 | C. 3 o'clock","3 o'clock","The minute hand shows o'clock, so the time is 3 o'clock. Hint: Check the long minute hand first, then the short hour hand.","","","",""
"AC9M2M04","Reading Analog Time","practice","existing","AC9M2M04-P-010","At reading time, what time does the clock show?","A. quarter past 3 | B. quarter to 3 | C. half past 3","quarter past 3","The minute hand shows quarter past, so the time is quarter past 3. Hint: Check the long minute hand first, then the short hour hand.","","","",""
"AC9M2M04","Reading Analog Time","practice","existing","AC9M2M04-P-011","At reading time, what time does the clock show?","A. 3 o'clock | B. half past 3 | C. quarter to 3","half past 3","The minute hand shows half past, so the time is half past 3. Hint: Check the long minute hand first, then the short hour hand.","","","",""
"AC9M2M04","Reading Analog Time","practice","existing","AC9M2M04-P-012","At reading time, what time does the clock show?","A. quarter past 3 | B. quarter to 3 | C. quarter to 4","quarter to 4","The minute hand shows quarter to, so the time is quarter to 4. Hint: Check the long minute hand first, then the short hour hand.","","","",""
"AC9M2M04","Reading Analog Time","practice","existing","AC9M2M04-P-013","At reading time, where does the minute hand point at half past 3?","A. 6 | B. 3 | C. 12","6","At half past, 30 minutes have passed, so the minute hand points to 6. Hint: Halfway around the clock face lands on 6.","","","",""
"AC9M2M04","Reading Analog Time","practice","existing","AC9M2M04-P-014","At reading time, where does the minute hand point at quarter past 3?","A. 6 | B. 3 | C. 9","3","A quarter of the way around the clock is 15 minutes, at the 3. Hint: Start at 12 and move one quarter-turn clockwise.","","","",""
"AC9M2M04","Reading Analog Time","practice","existing","AC9M2M04-P-015","At reading time, the minute hand points to 9 and the hour hand is nearly at 4. What time is it?","A. quarter past 3 | B. half past 3 | C. quarter to 4","quarter to 4","The 9 means quarter to the next hour, which is 4. Hint: When the minute hand is on 9, name the hour that is coming next.","","","",""
"AC9M2M04","Reading Analog Time","practice","existing","AC9M2M04-P-016","At reading time, which clock hand tells whether it is o'clock, half past or quarter past?","A. The minute hand | B. The hour hand only | C. The second hand","The minute hand","The long minute hand shows how far the hour has passed. Hint: Look for the hand that points to 12, 3, 6 or 9 for these times.","","","",""
"AC9M2M04","Reading Analog Time","practice","existing","AC9M2M04-P-017","Before lunch, what time does the clock show?","A. half past 4 | B. 4 o'clock | C. quarter past 4","4 o'clock","The minute hand shows o'clock, so the time is 4 o'clock. Hint: Check the long minute hand first, then the short hour hand.","","","",""
"AC9M2M04","Reading Analog Time","practice","existing","AC9M2M04-P-018","Before lunch, what time does the clock show?","A. quarter to 4 | B. half past 4 | C. quarter past 4","quarter past 4","The minute hand shows quarter past, so the time is quarter past 4. Hint: Check the long minute hand first, then the short hour hand.","","","",""
"AC9M2M04","Reading Analog Time","practice","existing","AC9M2M04-P-019","Before lunch, what time does the clock show?","A. half past 4 | B. 4 o'clock | C. quarter to 4","half past 4","The minute hand shows half past, so the time is half past 4. Hint: Check the long minute hand first, then the short hour hand.","","","",""
"AC9M2M04","Reading Analog Time","practice","existing","AC9M2M04-P-020","Before lunch, what time does the clock show?","A. quarter past 4 | B. quarter to 5 | C. quarter to 4","quarter to 5","The minute hand shows quarter to, so the time is quarter to 5. Hint: Check the long minute hand first, then the short hour hand.","","","",""
"AC9M2M04","Reading Analog Time","practice","existing","AC9M2M04-P-021","Before lunch, where does the minute hand point at half past 4?","A. 3 | B. 12 | C. 6","6","At half past, 30 minutes have passed, so the minute hand points to 6. Hint: Halfway around the clock face lands on 6.","","","",""
"AC9M2M04","Reading Analog Time","practice","existing","AC9M2M04-P-022","Before lunch, where does the minute hand point at quarter past 4?","A. 3 | B. 6 | C. 9","3","A quarter of the way around the clock is 15 minutes, at the 3. Hint: Start at 12 and move one quarter-turn clockwise.","","","",""
"AC9M2M04","Reading Analog Time","practice","existing","AC9M2M04-P-023","Before lunch, the minute hand points to 9 and the hour hand is nearly at 5. What time is it?","A. quarter past 4 | B. quarter to 5 | C. half past 4","quarter to 5","The 9 means quarter to the next hour, which is 5. Hint: When the minute hand is on 9, name the hour that is coming next.","","","",""
"AC9M2M04","Reading Analog Time","practice","existing","AC9M2M04-P-024","Before lunch, which clock hand tells whether it is o'clock, half past or quarter past?","A. The hour hand only | B. The second hand | C. The minute hand","The minute hand","The long minute hand shows how far the hour has passed. Hint: Look for the hand that points to 12, 3, 6 or 9 for these times.","","","",""
"AC9M2M04","Reading Analog Time","practice","placeholder","AC9M2M04-P-025","","","","","","","","Add practice question 25 of 48 for AC9M2M04."
"AC9M2M04","Reading Analog Time","practice","placeholder","AC9M2M04-P-026","","","","","","","","Add practice question 26 of 48 for AC9M2M04."
"AC9M2M04","Reading Analog Time","practice","placeholder","AC9M2M04-P-027","","","","","","","","Add practice question 27 of 48 for AC9M2M04."
"AC9M2M04","Reading Analog Time","practice","placeholder","AC9M2M04-P-028","","","","","","","","Add practice question 28 of 48 for AC9M2M04."
"AC9M2M04","Reading Analog Time","practice","placeholder","AC9M2M04-P-029","","","","","","","","Add practice question 29 of 48 for AC9M2M04."
"AC9M2M04","Reading Analog Time","practice","placeholder","AC9M2M04-P-030","","","","","","","","Add practice question 30 of 48 for AC9M2M04."
"AC9M2M04","Reading Analog Time","practice","placeholder","AC9M2M04-P-031","","","","","","","","Add practice question 31 of 48 for AC9M2M04."
"AC9M2M04","Reading Analog Time","practice","placeholder","AC9M2M04-P-032","","","","","","","","Add practice question 32 of 48 for AC9M2M04."
"AC9M2M04","Reading Analog Time","practice","placeholder","AC9M2M04-P-033","","","","","","","","Add practice question 33 of 48 for AC9M2M04."
"AC9M2M04","Reading Analog Time","practice","placeholder","AC9M2M04-P-034","","","","","","","","Add practice question 34 of 48 for AC9M2M04."
"AC9M2M04","Reading Analog Time","practice","placeholder","AC9M2M04-P-035","","","","","","","","Add practice question 35 of 48 for AC9M2M04."
"AC9M2M04","Reading Analog Time","practice","placeholder","AC9M2M04-P-036","","","","","","","","Add practice question 36 of 48 for AC9M2M04."
"AC9M2M04","Reading Analog Time","practice","placeholder","AC9M2M04-P-037","","","","","","","","Add practice question 37 of 48 for AC9M2M04."
"AC9M2M04","Reading Analog Time","practice","placeholder","AC9M2M04-P-038","","","","","","","","Add practice question 38 of 48 for AC9M2M04."
"AC9M2M04","Reading Analog Time","practice","placeholder","AC9M2M04-P-039","","","","","","","","Add practice question 39 of 48 for AC9M2M04."
"AC9M2M04","Reading Analog Time","practice","placeholder","AC9M2M04-P-040","","","","","","","","Add practice question 40 of 48 for AC9M2M04."
"AC9M2M04","Reading Analog Time","practice","placeholder","AC9M2M04-P-041","","","","","","","","Add practice question 41 of 48 for AC9M2M04."
"AC9M2M04","Reading Analog Time","practice","placeholder","AC9M2M04-P-042","","","","","","","","Add practice question 42 of 48 for AC9M2M04."
"AC9M2M04","Reading Analog Time","practice","placeholder","AC9M2M04-P-043","","","","","","","","Add practice question 43 of 48 for AC9M2M04."
"AC9M2M04","Reading Analog Time","practice","placeholder","AC9M2M04-P-044","","","","","","","","Add practice question 44 of 48 for AC9M2M04."
"AC9M2M04","Reading Analog Time","practice","placeholder","AC9M2M04-P-045","","","","","","","","Add practice question 45 of 48 for AC9M2M04."
"AC9M2M04","Reading Analog Time","practice","placeholder","AC9M2M04-P-046","","","","","","","","Add practice question 46 of 48 for AC9M2M04."
"AC9M2M04","Reading Analog Time","practice","placeholder","AC9M2M04-P-047","","","","","","","","Add practice question 47 of 48 for AC9M2M04."
"AC9M2M04","Reading Analog Time","practice","placeholder","AC9M2M04-P-048","","","","","","","","Add practice question 48 of 48 for AC9M2M04."
"AC9M2M04","Reading Analog Time","test","existing","AC9M2M04-T-001","At sport time, what time does the clock show?","A. 5 o'clock | B. half past 5 | C. quarter past 5","5 o'clock","The minute hand shows o'clock, so the time is 5 o'clock. Hint: Check the long minute hand first, then the short hour hand.","","","",""
"AC9M2M04","Reading Analog Time","test","existing","AC9M2M04-T-002","At sport time, what time does the clock show?","A. quarter to 5 | B. quarter past 5 | C. half past 5","quarter past 5","The minute hand shows quarter past, so the time is quarter past 5. Hint: Check the long minute hand first, then the short hour hand.","","","",""
"AC9M2M04","Reading Analog Time","test","existing","AC9M2M04-T-003","At sport time, what time does the clock show?","A. 5 o'clock | B. quarter to 5 | C. half past 5","half past 5","The minute hand shows half past, so the time is half past 5. Hint: Check the long minute hand first, then the short hour hand.","","","",""
"AC9M2M04","Reading Analog Time","test","existing","AC9M2M04-T-004","At sport time, what time does the clock show?","A. quarter to 6 | B. quarter past 5 | C. quarter to 5","quarter to 6","The minute hand shows quarter to, so the time is quarter to 6. Hint: Check the long minute hand first, then the short hour hand.","","","",""
"AC9M2M04","Reading Analog Time","test","existing","AC9M2M04-T-005","At sport time, where does the minute hand point at half past 5?","A. 3 | B. 6 | C. 12","6","At half past, 30 minutes have passed, so the minute hand points to 6. Hint: Halfway around the clock face lands on 6.","","","",""
"AC9M2M04","Reading Analog Time","test","existing","AC9M2M04-T-006","At sport time, where does the minute hand point at quarter past 5?","A. 6 | B. 9 | C. 3","3","A quarter of the way around the clock is 15 minutes, at the 3. Hint: Start at 12 and move one quarter-turn clockwise.","","","",""
"AC9M2M04","Reading Analog Time","test","existing","AC9M2M04-T-007","At sport time, the minute hand points to 9 and the hour hand is nearly at 6. What time is it?","A. quarter to 6 | B. quarter past 5 | C. half past 5","quarter to 6","The 9 means quarter to the next hour, which is 6. Hint: When the minute hand is on 9, name the hour that is coming next.","","","",""
"AC9M2M04","Reading Analog Time","test","existing","AC9M2M04-T-008","At sport time, which clock hand tells whether it is o'clock, half past or quarter past?","A. The hour hand only | B. The minute hand | C. The second hand","The minute hand","The long minute hand shows how far the hour has passed. Hint: Look for the hand that points to 12, 3, 6 or 9 for these times.","","","",""
"AC9M2M04","Reading Analog Time","test","existing","AC9M2M04-T-009","At home time, what time does the clock show?","A. half past 6 | B. quarter past 6 | C. 6 o'clock","6 o'clock","The minute hand shows o'clock, so the time is 6 o'clock. Hint: Check the long minute hand first, then the short hour hand.","","","",""
"AC9M2M04","Reading Analog Time","test","existing","AC9M2M04-T-010","At home time, what time does the clock show?","A. quarter past 6 | B. quarter to 6 | C. half past 6","quarter past 6","The minute hand shows quarter past, so the time is quarter past 6. Hint: Check the long minute hand first, then the short hour hand.","","","",""
"AC9M2M04","Reading Analog Time","test","existing","AC9M2M04-T-011","At home time, what time does the clock show?","A. 6 o'clock | B. half past 6 | C. quarter to 6","half past 6","The minute hand shows half past, so the time is half past 6. Hint: Check the long minute hand first, then the short hour hand.","","","",""
"AC9M2M04","Reading Analog Time","test","existing","AC9M2M04-T-012","At home time, what time does the clock show?","A. quarter past 6 | B. quarter to 6 | C. quarter to 7","quarter to 7","The minute hand shows quarter to, so the time is quarter to 7. Hint: Check the long minute hand first, then the short hour hand.","","","",""
"AC9M2M04","Reading Analog Time","test","existing","AC9M2M04-T-013","At home time, where does the minute hand point at half past 6?","A. 6 | B. 3 | C. 12","6","At half past, 30 minutes have passed, so the minute hand points to 6. Hint: Halfway around the clock face lands on 6.","","","",""
"AC9M2M04","Reading Analog Time","test","existing","AC9M2M04-T-014","At home time, where does the minute hand point at quarter past 6?","A. 6 | B. 3 | C. 9","3","A quarter of the way around the clock is 15 minutes, at the 3. Hint: Start at 12 and move one quarter-turn clockwise.","","","",""
"AC9M2M04","Reading Analog Time","test","existing","AC9M2M04-T-015","At home time, the minute hand points to 9 and the hour hand is nearly at 7. What time is it?","A. quarter past 6 | B. half past 6 | C. quarter to 7","quarter to 7","The 9 means quarter to the next hour, which is 7. Hint: When the minute hand is on 9, name the hour that is coming next.","","","",""
"AC9M2M04","Reading Analog Time","test","existing","AC9M2M04-T-016","At home time, which clock hand tells whether it is o'clock, half past or quarter past?","A. The minute hand | B. The hour hand only | C. The second hand","The minute hand","The long minute hand shows how far the hour has passed. Hint: Look for the hand that points to 12, 3, 6 or 9 for these times.","","","",""
"AC9M2M05","Quarter, Half, Three-Quarter and Full Turns","practice","existing","AC9M2M05-P-001","In the robot game, an arrow faces north. After a clockwise quarter turn, where does it face?","A. south | B. east | C. west","east","A clockwise quarter turn moves one direction around: north to east. Hint: Move one step clockwise around north, east, south and west.","","","",""
"AC9M2M05","Quarter, Half, Three-Quarter and Full Turns","practice","existing","AC9M2M05-P-002","In the robot game, an arrow faces north. After a half turn, where does it face?","A. north | B. east | C. south","south","A half turn faces the opposite direction, so north becomes south. Hint: A half turn is two quarter turns.","","","",""
"AC9M2M05","Quarter, Half, Three-Quarter and Full Turns","practice","existing","AC9M2M05-P-003","In the robot game, an arrow faces north. After a full turn, where does it face?","A. north | B. east | C. south","north","A full turn goes all the way around and ends facing north again. Hint: Spin once and notice the starting and finishing direction match.","","","",""
"AC9M2M05","Quarter, Half, Three-Quarter and Full Turns","practice","existing","AC9M2M05-P-004","In the robot game, which turn makes an object face the opposite way?","A. A quarter turn | B. A half turn | C. A full turn","A half turn","A half turn is 180 degrees and points in the opposite direction. Hint: Think of turning from north to south.","","","",""
"AC9M2M05","Quarter, Half, Three-Quarter and Full Turns","practice","existing","AC9M2M05-P-005","In the robot game, how many quarter turns make a full turn?","A. 2 | B. 3 | C. 4","4","Four equal quarter turns go all the way around. Hint: Count the four directions around a compass.","","","",""
"AC9M2M05","Quarter, Half, Three-Quarter and Full Turns","practice","existing","AC9M2M05-P-006","In the robot game, a three-quarter clockwise turn from north ends facing which direction?","A. west | B. east | C. south","west","Three clockwise quarter turns from north finish at west. Hint: Move clockwise three steps, one direction at a time.","","","",""
"AC9M2M05","Quarter, Half, Three-Quarter and Full Turns","practice","existing","AC9M2M05-P-007","In the robot game, a robot turns from north to east. Which is the shortest turn?","A. A half turn | B. A clockwise quarter turn | C. A full turn","A clockwise quarter turn","east is one clockwise quarter turn from north. Hint: Choose the turn that reaches the new direction in one step.","","","",""
"AC9M2M05","Quarter, Half, Three-Quarter and Full Turns","practice","existing","AC9M2M05-P-008","In the robot game, which instruction describes three quarter turns?","A. Turn quarter, quarter | B. Turn all the way around | C. Turn quarter, quarter, quarter","Turn quarter, quarter, quarter","Three quarter turns are three equal one-quarter rotations. Hint: Count exactly three quarter-turn actions.","","","",""
"AC9M2M05","Quarter, Half, Three-Quarter and Full Turns","practice","existing","AC9M2M05-P-009","On the playground, an arrow faces east. After a clockwise quarter turn, where does it face?","A. south | B. west | C. north","south","A clockwise quarter turn moves one direction around: east to south. Hint: Move one step clockwise around north, east, south and west.","","","",""
"AC9M2M05","Quarter, Half, Three-Quarter and Full Turns","practice","existing","AC9M2M05-P-010","On the playground, an arrow faces east. After a half turn, where does it face?","A. east | B. west | C. south","west","A half turn faces the opposite direction, so east becomes west. Hint: A half turn is two quarter turns.","","","",""
"AC9M2M05","Quarter, Half, Three-Quarter and Full Turns","practice","existing","AC9M2M05-P-011","On the playground, an arrow faces east. After a full turn, where does it face?","A. south | B. west | C. east","east","A full turn goes all the way around and ends facing east again. Hint: Spin once and notice the starting and finishing direction match.","","","",""
"AC9M2M05","Quarter, Half, Three-Quarter and Full Turns","practice","existing","AC9M2M05-P-012","On the playground, which turn makes an object face the opposite way?","A. A half turn | B. A quarter turn | C. A full turn","A half turn","A half turn is 180 degrees and points in the opposite direction. Hint: Think of turning from north to south.","","","",""
"AC9M2M05","Quarter, Half, Three-Quarter and Full Turns","practice","existing","AC9M2M05-P-013","On the playground, how many quarter turns make a full turn?","A. 2 | B. 4 | C. 3","4","Four equal quarter turns go all the way around. Hint: Count the four directions around a compass.","","","",""
"AC9M2M05","Quarter, Half, Three-Quarter and Full Turns","practice","existing","AC9M2M05-P-014","On the playground, a three-quarter clockwise turn from east ends facing which direction?","A. south | B. west | C. north","north","Three clockwise quarter turns from east finish at north. Hint: Move clockwise three steps, one direction at a time.","","","",""
"AC9M2M05","Quarter, Half, Three-Quarter and Full Turns","practice","existing","AC9M2M05-P-015","On the playground, a robot turns from east to south. Which is the shortest turn?","A. A clockwise quarter turn | B. A half turn | C. A full turn","A clockwise quarter turn","south is one clockwise quarter turn from east. Hint: Choose the turn that reaches the new direction in one step.","","","",""
"AC9M2M05","Quarter, Half, Three-Quarter and Full Turns","practice","existing","AC9M2M05-P-016","On the playground, which instruction describes three quarter turns?","A. Turn quarter, quarter | B. Turn quarter, quarter, quarter | C. Turn all the way around","Turn quarter, quarter, quarter","Three quarter turns are three equal one-quarter rotations. Hint: Count exactly three quarter-turn actions.","","","",""
"AC9M2M05","Quarter, Half, Three-Quarter and Full Turns","practice","existing","AC9M2M05-P-017","At the dance station, an arrow faces south. After a clockwise quarter turn, where does it face?","A. north | B. east | C. west","west","A clockwise quarter turn moves one direction around: south to west. Hint: Move one step clockwise around north, east, south and west.","","","",""
"AC9M2M05","Quarter, Half, Three-Quarter and Full Turns","practice","existing","AC9M2M05-P-018","At the dance station, an arrow faces south. After a half turn, where does it face?","A. north | B. south | C. west","north","A half turn faces the opposite direction, so south becomes north. Hint: A half turn is two quarter turns.","","","",""
"AC9M2M05","Quarter, Half, Three-Quarter and Full Turns","practice","existing","AC9M2M05-P-019","At the dance station, an arrow faces south. After a full turn, where does it face?","A. west | B. south | C. north","south","A full turn goes all the way around and ends facing south again. Hint: Spin once and notice the starting and finishing direction match.","","","",""
"AC9M2M05","Quarter, Half, Three-Quarter and Full Turns","practice","existing","AC9M2M05-P-020","At the dance station, which turn makes an object face the opposite way?","A. A quarter turn | B. A full turn | C. A half turn","A half turn","A half turn is 180 degrees and points in the opposite direction. Hint: Think of turning from north to south.","","","",""
"AC9M2M05","Quarter, Half, Three-Quarter and Full Turns","practice","existing","AC9M2M05-P-021","At the dance station, how many quarter turns make a full turn?","A. 4 | B. 2 | C. 3","4","Four equal quarter turns go all the way around. Hint: Count the four directions around a compass.","","","",""
"AC9M2M05","Quarter, Half, Three-Quarter and Full Turns","practice","existing","AC9M2M05-P-022","At the dance station, a three-quarter clockwise turn from south ends facing which direction?","A. west | B. east | C. north","east","Three clockwise quarter turns from south finish at east. Hint: Move clockwise three steps, one direction at a time.","","","",""
"AC9M2M05","Quarter, Half, Three-Quarter and Full Turns","practice","existing","AC9M2M05-P-023","At the dance station, a robot turns from south to west. Which is the shortest turn?","A. A half turn | B. A full turn | C. A clockwise quarter turn","A clockwise quarter turn","west is one clockwise quarter turn from south. Hint: Choose the turn that reaches the new direction in one step.","","","",""
"AC9M2M05","Quarter, Half, Three-Quarter and Full Turns","practice","existing","AC9M2M05-P-024","At the dance station, which instruction describes three quarter turns?","A. Turn quarter, quarter, quarter | B. Turn quarter, quarter | C. Turn all the way around","Turn quarter, quarter, quarter","Three quarter turns are three equal one-quarter rotations. Hint: Count exactly three quarter-turn actions.","","","",""
"AC9M2M05","Quarter, Half, Three-Quarter and Full Turns","practice","placeholder","AC9M2M05-P-025","","","","","","","","Add practice question 25 of 48 for AC9M2M05."
"AC9M2M05","Quarter, Half, Three-Quarter and Full Turns","practice","placeholder","AC9M2M05-P-026","","","","","","","","Add practice question 26 of 48 for AC9M2M05."
"AC9M2M05","Quarter, Half, Three-Quarter and Full Turns","practice","placeholder","AC9M2M05-P-027","","","","","","","","Add practice question 27 of 48 for AC9M2M05."
"AC9M2M05","Quarter, Half, Three-Quarter and Full Turns","practice","placeholder","AC9M2M05-P-028","","","","","","","","Add practice question 28 of 48 for AC9M2M05."
"AC9M2M05","Quarter, Half, Three-Quarter and Full Turns","practice","placeholder","AC9M2M05-P-029","","","","","","","","Add practice question 29 of 48 for AC9M2M05."
"AC9M2M05","Quarter, Half, Three-Quarter and Full Turns","practice","placeholder","AC9M2M05-P-030","","","","","","","","Add practice question 30 of 48 for AC9M2M05."
"AC9M2M05","Quarter, Half, Three-Quarter and Full Turns","practice","placeholder","AC9M2M05-P-031","","","","","","","","Add practice question 31 of 48 for AC9M2M05."
"AC9M2M05","Quarter, Half, Three-Quarter and Full Turns","practice","placeholder","AC9M2M05-P-032","","","","","","","","Add practice question 32 of 48 for AC9M2M05."
"AC9M2M05","Quarter, Half, Three-Quarter and Full Turns","practice","placeholder","AC9M2M05-P-033","","","","","","","","Add practice question 33 of 48 for AC9M2M05."
"AC9M2M05","Quarter, Half, Three-Quarter and Full Turns","practice","placeholder","AC9M2M05-P-034","","","","","","","","Add practice question 34 of 48 for AC9M2M05."
"AC9M2M05","Quarter, Half, Three-Quarter and Full Turns","practice","placeholder","AC9M2M05-P-035","","","","","","","","Add practice question 35 of 48 for AC9M2M05."
"AC9M2M05","Quarter, Half, Three-Quarter and Full Turns","practice","placeholder","AC9M2M05-P-036","","","","","","","","Add practice question 36 of 48 for AC9M2M05."
"AC9M2M05","Quarter, Half, Three-Quarter and Full Turns","practice","placeholder","AC9M2M05-P-037","","","","","","","","Add practice question 37 of 48 for AC9M2M05."
"AC9M2M05","Quarter, Half, Three-Quarter and Full Turns","practice","placeholder","AC9M2M05-P-038","","","","","","","","Add practice question 38 of 48 for AC9M2M05."
"AC9M2M05","Quarter, Half, Three-Quarter and Full Turns","practice","placeholder","AC9M2M05-P-039","","","","","","","","Add practice question 39 of 48 for AC9M2M05."
"AC9M2M05","Quarter, Half, Three-Quarter and Full Turns","practice","placeholder","AC9M2M05-P-040","","","","","","","","Add practice question 40 of 48 for AC9M2M05."
"AC9M2M05","Quarter, Half, Three-Quarter and Full Turns","practice","placeholder","AC9M2M05-P-041","","","","","","","","Add practice question 41 of 48 for AC9M2M05."
"AC9M2M05","Quarter, Half, Three-Quarter and Full Turns","practice","placeholder","AC9M2M05-P-042","","","","","","","","Add practice question 42 of 48 for AC9M2M05."
"AC9M2M05","Quarter, Half, Three-Quarter and Full Turns","practice","placeholder","AC9M2M05-P-043","","","","","","","","Add practice question 43 of 48 for AC9M2M05."
"AC9M2M05","Quarter, Half, Three-Quarter and Full Turns","practice","placeholder","AC9M2M05-P-044","","","","","","","","Add practice question 44 of 48 for AC9M2M05."
"AC9M2M05","Quarter, Half, Three-Quarter and Full Turns","practice","placeholder","AC9M2M05-P-045","","","","","","","","Add practice question 45 of 48 for AC9M2M05."
"AC9M2M05","Quarter, Half, Three-Quarter and Full Turns","practice","placeholder","AC9M2M05-P-046","","","","","","","","Add practice question 46 of 48 for AC9M2M05."
"AC9M2M05","Quarter, Half, Three-Quarter and Full Turns","practice","placeholder","AC9M2M05-P-047","","","","","","","","Add practice question 47 of 48 for AC9M2M05."
"AC9M2M05","Quarter, Half, Three-Quarter and Full Turns","practice","placeholder","AC9M2M05-P-048","","","","","","","","Add practice question 48 of 48 for AC9M2M05."
"AC9M2M05","Quarter, Half, Three-Quarter and Full Turns","test","existing","AC9M2M05-T-001","With an arrow card, an arrow faces west. After a clockwise quarter turn, where does it face?","A. east | B. north | C. south","north","A clockwise quarter turn moves one direction around: west to north. Hint: Move one step clockwise around north, east, south and west.","","","",""
"AC9M2M05","Quarter, Half, Three-Quarter and Full Turns","test","existing","AC9M2M05-T-002","With an arrow card, an arrow faces west. After a half turn, where does it face?","A. west | B. north | C. east","east","A half turn faces the opposite direction, so west becomes east. Hint: A half turn is two quarter turns.","","","",""
"AC9M2M05","Quarter, Half, Three-Quarter and Full Turns","test","existing","AC9M2M05-T-003","With an arrow card, an arrow faces west. After a full turn, where does it face?","A. west | B. north | C. east","west","A full turn goes all the way around and ends facing west again. Hint: Spin once and notice the starting and finishing direction match.","","","",""
"AC9M2M05","Quarter, Half, Three-Quarter and Full Turns","test","existing","AC9M2M05-T-004","With an arrow card, which turn makes an object face the opposite way?","A. A quarter turn | B. A half turn | C. A full turn","A half turn","A half turn is 180 degrees and points in the opposite direction. Hint: Think of turning from north to south.","","","",""
"AC9M2M05","Quarter, Half, Three-Quarter and Full Turns","test","existing","AC9M2M05-T-005","With an arrow card, how many quarter turns make a full turn?","A. 2 | B. 3 | C. 4","4","Four equal quarter turns go all the way around. Hint: Count the four directions around a compass.","","","",""
"AC9M2M05","Quarter, Half, Three-Quarter and Full Turns","test","existing","AC9M2M05-T-006","With an arrow card, a three-quarter clockwise turn from west ends facing which direction?","A. south | B. north | C. east","south","Three clockwise quarter turns from west finish at south. Hint: Move clockwise three steps, one direction at a time.","","","",""
"AC9M2M05","Quarter, Half, Three-Quarter and Full Turns","test","existing","AC9M2M05-T-007","With an arrow card, a robot turns from west to north. Which is the shortest turn?","A. A half turn | B. A clockwise quarter turn | C. A full turn","A clockwise quarter turn","north is one clockwise quarter turn from west. Hint: Choose the turn that reaches the new direction in one step.","","","",""
"AC9M2M05","Quarter, Half, Three-Quarter and Full Turns","test","existing","AC9M2M05-T-008","With an arrow card, which instruction describes three quarter turns?","A. Turn quarter, quarter | B. Turn all the way around | C. Turn quarter, quarter, quarter","Turn quarter, quarter, quarter","Three quarter turns are three equal one-quarter rotations. Hint: Count exactly three quarter-turn actions.","","","",""
"AC9M2M05","Quarter, Half, Three-Quarter and Full Turns","test","existing","AC9M2M05-T-009","In the direction challenge, an arrow faces north. After a clockwise quarter turn, where does it face?","A. east | B. south | C. west","east","A clockwise quarter turn moves one direction around: north to east. Hint: Move one step clockwise around north, east, south and west.","","","",""
"AC9M2M05","Quarter, Half, Three-Quarter and Full Turns","test","existing","AC9M2M05-T-010","In the direction challenge, an arrow faces north. After a half turn, where does it face?","A. north | B. south | C. east","south","A half turn faces the opposite direction, so north becomes south. Hint: A half turn is two quarter turns.","","","",""
"AC9M2M05","Quarter, Half, Three-Quarter and Full Turns","test","existing","AC9M2M05-T-011","In the direction challenge, an arrow faces north. After a full turn, where does it face?","A. east | B. south | C. north","north","A full turn goes all the way around and ends facing north again. Hint: Spin once and notice the starting and finishing direction match.","","","",""
"AC9M2M05","Quarter, Half, Three-Quarter and Full Turns","test","existing","AC9M2M05-T-012","In the direction challenge, which turn makes an object face the opposite way?","A. A half turn | B. A quarter turn | C. A full turn","A half turn","A half turn is 180 degrees and points in the opposite direction. Hint: Think of turning from north to south.","","","",""
"AC9M2M05","Quarter, Half, Three-Quarter and Full Turns","test","existing","AC9M2M05-T-013","In the direction challenge, how many quarter turns make a full turn?","A. 2 | B. 4 | C. 3","4","Four equal quarter turns go all the way around. Hint: Count the four directions around a compass.","","","",""
"AC9M2M05","Quarter, Half, Three-Quarter and Full Turns","test","existing","AC9M2M05-T-014","In the direction challenge, a three-quarter clockwise turn from north ends facing which direction?","A. east | B. south | C. west","west","Three clockwise quarter turns from north finish at west. Hint: Move clockwise three steps, one direction at a time.","","","",""
"AC9M2M05","Quarter, Half, Three-Quarter and Full Turns","test","existing","AC9M2M05-T-015","In the direction challenge, a robot turns from north to east. Which is the shortest turn?","A. A clockwise quarter turn | B. A half turn | C. A full turn","A clockwise quarter turn","east is one clockwise quarter turn from north. Hint: Choose the turn that reaches the new direction in one step.","","","",""
"AC9M2M05","Quarter, Half, Three-Quarter and Full Turns","test","existing","AC9M2M05-T-016","In the direction challenge, which instruction describes three quarter turns?","A. Turn quarter, quarter | B. Turn quarter, quarter, quarter | C. Turn all the way around","Turn quarter, quarter, quarter","Three quarter turns are three equal one-quarter rotations. Hint: Count exactly three quarter-turn actions.","","","",""
"AC9M2N01","Numbers to 1000","practice","existing","AC9M2N01-P-001","With base-ten blocks, which number has 2 hundreds, 3 tens and 4 ones?","A. 243 | B. 207 | C. 234","234","2 hundreds, 3 tens and 4 ones make 234. Hint: Write the hundreds digit, then tens, then ones.","","","",""
"AC9M2N01","Numbers to 1000","practice","existing","AC9M2N01-P-002","With base-ten blocks, what is 234 in expanded form?","A. 200 + 30 + 4 | B. 200 + 40 + 3 | C. 20 + 3 + 4","200 + 30 + 4","The digits show 200, 30 and 4. Hint: Use the place of each digit to find its value.","","","",""
"AC9M2N01","Numbers to 1000","practice","existing","AC9M2N01-P-003","With base-ten blocks, which number is greater: 234 or 242?","A. 234 | B. 242 | C. They are equal","242","Both have 2 hundreds. 242 has more tens, so it is greater. Hint: Compare hundreds first, then tens, then ones.","","","",""
"AC9M2N01","Numbers to 1000","practice","existing","AC9M2N01-P-004","With base-ten blocks, which number belongs halfway between 200 and 300?","A. 205 | B. 290 | C. 250","250","250 is 50 more than 200 and 50 less than 300. Hint: Half of 100 is 50.","","","",""
"AC9M2N01","Numbers to 1000","practice","existing","AC9M2N01-P-005","With base-ten blocks, put these numbers from smallest to largest: 234, 264, 134.","A. 134, 234, 264 | B. 264, 234, 134 | C. 234, 134, 264","134, 234, 264","Compare the hundreds first. The order is 134, 234, 264. Hint: Find the number with the fewest hundreds first.","","","",""
"AC9M2N01","Numbers to 1000","practice","existing","AC9M2N01-P-006","With base-ten blocks, what is 10 more than 234?","A. 235 | B. 244 | C. 334","244","Adding 10 increases the tens place by 1: 234 becomes 244. Hint: Keep the hundreds and ones the same.","","","",""
"AC9M2N01","Numbers to 1000","practice","existing","AC9M2N01-P-007","With base-ten blocks, what does the 0 mean in 204?","A. There are no hundreds | B. There are no ones | C. There are no tens","There are no tens","The 0 is in the tens place, so the number has no tens. Hint: Read the place-value columns: hundreds, tens, ones.","","","",""
"AC9M2N01","Numbers to 1000","practice","existing","AC9M2N01-P-008","With base-ten blocks, which numeral matches “2 hundred and 4”?","A. 204 | B. 240 | C. 24","204","With no tens, a zero keeps the tens place: 204. Hint: Leave a zero in the tens column.","","","",""
"AC9M2N01","Numbers to 1000","practice","existing","AC9M2N01-P-009","On the class number line, which number has 3 hundreds, 4 tens and 5 ones?","A. 354 | B. 345 | C. 309","345","3 hundreds, 4 tens and 5 ones make 345. Hint: Write the hundreds digit, then tens, then ones.","","","",""
"AC9M2N01","Numbers to 1000","practice","existing","AC9M2N01-P-010","On the class number line, what is 345 in expanded form?","A. 300 + 50 + 4 | B. 30 + 4 + 5 | C. 300 + 40 + 5","300 + 40 + 5","The digits show 300, 40 and 5. Hint: Use the place of each digit to find its value.","","","",""
"AC9M2N01","Numbers to 1000","practice","existing","AC9M2N01-P-011","On the class number line, which number is greater: 345 or 353?","A. 353 | B. 345 | C. They are equal","353","Both have 3 hundreds. 353 has more tens, so it is greater. Hint: Compare hundreds first, then tens, then ones.","","","",""
"AC9M2N01","Numbers to 1000","practice","existing","AC9M2N01-P-012","On the class number line, which number belongs halfway between 300 and 400?","A. 305 | B. 350 | C. 390","350","350 is 50 more than 300 and 50 less than 400. Hint: Half of 100 is 50.","","","",""
"AC9M2N01","Numbers to 1000","practice","existing","AC9M2N01-P-013","On the class number line, put these numbers from smallest to largest: 345, 375, 245.","A. 375, 345, 245 | B. 345, 245, 375 | C. 245, 345, 375","245, 345, 375","Compare the hundreds first. The order is 245, 345, 375. Hint: Find the number with the fewest hundreds first.","","","",""
"AC9M2N01","Numbers to 1000","practice","existing","AC9M2N01-P-014","On the class number line, what is 10 more than 345?","A. 355 | B. 346 | C. 445","355","Adding 10 increases the tens place by 1: 345 becomes 355. Hint: Keep the hundreds and ones the same.","","","",""
"AC9M2N01","Numbers to 1000","practice","existing","AC9M2N01-P-015","On the class number line, what does the 0 mean in 305?","A. There are no hundreds | B. There are no tens | C. There are no ones","There are no tens","The 0 is in the tens place, so the number has no tens. Hint: Read the place-value columns: hundreds, tens, ones.","","","",""
"AC9M2N01","Numbers to 1000","practice","existing","AC9M2N01-P-016","On the class number line, which numeral matches “3 hundred and 5”?","A. 350 | B. 35 | C. 305","305","With no tens, a zero keeps the tens place: 305. Hint: Leave a zero in the tens column.","","","",""
"AC9M2N01","Numbers to 1000","practice","existing","AC9M2N01-P-017","In the number-card game, which number has 4 hundreds, 5 tens and 6 ones?","A. 456 | B. 465 | C. 411","456","4 hundreds, 5 tens and 6 ones make 456. Hint: Write the hundreds digit, then tens, then ones.","","","",""
"AC9M2N01","Numbers to 1000","practice","existing","AC9M2N01-P-018","In the number-card game, what is 456 in expanded form?","A. 400 + 60 + 5 | B. 400 + 50 + 6 | C. 40 + 5 + 6","400 + 50 + 6","The digits show 400, 50 and 6. Hint: Use the place of each digit to find its value.","","","",""
"AC9M2N01","Numbers to 1000","practice","existing","AC9M2N01-P-019","In the number-card game, which number is greater: 456 or 464?","A. 456 | B. They are equal | C. 464","464","Both have 4 hundreds. 464 has more tens, so it is greater. Hint: Compare hundreds first, then tens, then ones.","","","",""
"AC9M2N01","Numbers to 1000","practice","existing","AC9M2N01-P-020","In the number-card game, which number belongs halfway between 400 and 500?","A. 450 | B. 405 | C. 490","450","450 is 50 more than 400 and 50 less than 500. Hint: Half of 100 is 50.","","","",""
"AC9M2N01","Numbers to 1000","practice","existing","AC9M2N01-P-021","In the number-card game, put these numbers from smallest to largest: 456, 486, 356.","A. 486, 456, 356 | B. 356, 456, 486 | C. 456, 356, 486","356, 456, 486","Compare the hundreds first. The order is 356, 456, 486. Hint: Find the number with the fewest hundreds first.","","","",""
"AC9M2N01","Numbers to 1000","practice","existing","AC9M2N01-P-022","In the number-card game, what is 10 more than 456?","A. 457 | B. 556 | C. 466","466","Adding 10 increases the tens place by 1: 456 becomes 466. Hint: Keep the hundreds and ones the same.","","","",""
"AC9M2N01","Numbers to 1000","practice","existing","AC9M2N01-P-023","In the number-card game, what does the 0 mean in 406?","A. There are no tens | B. There are no hundreds | C. There are no ones","There are no tens","The 0 is in the tens place, so the number has no tens. Hint: Read the place-value columns: hundreds, tens, ones.","","","",""
"AC9M2N01","Numbers to 1000","practice","existing","AC9M2N01-P-024","In the number-card game, which numeral matches “4 hundred and 6”?","A. 460 | B. 406 | C. 46","406","With no tens, a zero keeps the tens place: 406. Hint: Leave a zero in the tens column.","","","",""
"AC9M2N01","Numbers to 1000","practice","placeholder","AC9M2N01-P-025","","","","","","","","Add practice question 25 of 48 for AC9M2N01."
"AC9M2N01","Numbers to 1000","practice","placeholder","AC9M2N01-P-026","","","","","","","","Add practice question 26 of 48 for AC9M2N01."
"AC9M2N01","Numbers to 1000","practice","placeholder","AC9M2N01-P-027","","","","","","","","Add practice question 27 of 48 for AC9M2N01."
"AC9M2N01","Numbers to 1000","practice","placeholder","AC9M2N01-P-028","","","","","","","","Add practice question 28 of 48 for AC9M2N01."
"AC9M2N01","Numbers to 1000","practice","placeholder","AC9M2N01-P-029","","","","","","","","Add practice question 29 of 48 for AC9M2N01."
"AC9M2N01","Numbers to 1000","practice","placeholder","AC9M2N01-P-030","","","","","","","","Add practice question 30 of 48 for AC9M2N01."
"AC9M2N01","Numbers to 1000","practice","placeholder","AC9M2N01-P-031","","","","","","","","Add practice question 31 of 48 for AC9M2N01."
"AC9M2N01","Numbers to 1000","practice","placeholder","AC9M2N01-P-032","","","","","","","","Add practice question 32 of 48 for AC9M2N01."
"AC9M2N01","Numbers to 1000","practice","placeholder","AC9M2N01-P-033","","","","","","","","Add practice question 33 of 48 for AC9M2N01."
"AC9M2N01","Numbers to 1000","practice","placeholder","AC9M2N01-P-034","","","","","","","","Add practice question 34 of 48 for AC9M2N01."
"AC9M2N01","Numbers to 1000","practice","placeholder","AC9M2N01-P-035","","","","","","","","Add practice question 35 of 48 for AC9M2N01."
"AC9M2N01","Numbers to 1000","practice","placeholder","AC9M2N01-P-036","","","","","","","","Add practice question 36 of 48 for AC9M2N01."
"AC9M2N01","Numbers to 1000","practice","placeholder","AC9M2N01-P-037","","","","","","","","Add practice question 37 of 48 for AC9M2N01."
"AC9M2N01","Numbers to 1000","practice","placeholder","AC9M2N01-P-038","","","","","","","","Add practice question 38 of 48 for AC9M2N01."
"AC9M2N01","Numbers to 1000","practice","placeholder","AC9M2N01-P-039","","","","","","","","Add practice question 39 of 48 for AC9M2N01."
"AC9M2N01","Numbers to 1000","practice","placeholder","AC9M2N01-P-040","","","","","","","","Add practice question 40 of 48 for AC9M2N01."
"AC9M2N01","Numbers to 1000","practice","placeholder","AC9M2N01-P-041","","","","","","","","Add practice question 41 of 48 for AC9M2N01."
"AC9M2N01","Numbers to 1000","practice","placeholder","AC9M2N01-P-042","","","","","","","","Add practice question 42 of 48 for AC9M2N01."
"AC9M2N01","Numbers to 1000","practice","placeholder","AC9M2N01-P-043","","","","","","","","Add practice question 43 of 48 for AC9M2N01."
"AC9M2N01","Numbers to 1000","practice","placeholder","AC9M2N01-P-044","","","","","","","","Add practice question 44 of 48 for AC9M2N01."
"AC9M2N01","Numbers to 1000","practice","placeholder","AC9M2N01-P-045","","","","","","","","Add practice question 45 of 48 for AC9M2N01."
"AC9M2N01","Numbers to 1000","practice","placeholder","AC9M2N01-P-046","","","","","","","","Add practice question 46 of 48 for AC9M2N01."
"AC9M2N01","Numbers to 1000","practice","placeholder","AC9M2N01-P-047","","","","","","","","Add practice question 47 of 48 for AC9M2N01."
"AC9M2N01","Numbers to 1000","practice","placeholder","AC9M2N01-P-048","","","","","","","","Add practice question 48 of 48 for AC9M2N01."
"AC9M2N01","Numbers to 1000","test","existing","AC9M2N01-T-001","At the counting table, which number has 5 hundreds, 6 tens and 7 ones?","A. 576 | B. 513 | C. 567","567","5 hundreds, 6 tens and 7 ones make 567. Hint: Write the hundreds digit, then tens, then ones.","","","",""
"AC9M2N01","Numbers to 1000","test","existing","AC9M2N01-T-002","At the counting table, what is 567 in expanded form?","A. 500 + 60 + 7 | B. 500 + 70 + 6 | C. 50 + 6 + 7","500 + 60 + 7","The digits show 500, 60 and 7. Hint: Use the place of each digit to find its value.","","","",""
"AC9M2N01","Numbers to 1000","test","existing","AC9M2N01-T-003","At the counting table, which number is greater: 567 or 575?","A. 567 | B. 575 | C. They are equal","575","Both have 5 hundreds. 575 has more tens, so it is greater. Hint: Compare hundreds first, then tens, then ones.","","","",""
"AC9M2N01","Numbers to 1000","test","existing","AC9M2N01-T-004","At the counting table, which number belongs halfway between 500 and 600?","A. 505 | B. 590 | C. 550","550","550 is 50 more than 500 and 50 less than 600. Hint: Half of 100 is 50.","","","",""
"AC9M2N01","Numbers to 1000","test","existing","AC9M2N01-T-005","At the counting table, put these numbers from smallest to largest: 567, 597, 467.","A. 467, 567, 597 | B. 597, 567, 467 | C. 567, 467, 597","467, 567, 597","Compare the hundreds first. The order is 467, 567, 597. Hint: Find the number with the fewest hundreds first.","","","",""
"AC9M2N01","Numbers to 1000","test","existing","AC9M2N01-T-006","At the counting table, what is 10 more than 567?","A. 568 | B. 577 | C. 667","577","Adding 10 increases the tens place by 1: 567 becomes 577. Hint: Keep the hundreds and ones the same.","","","",""
"AC9M2N01","Numbers to 1000","test","existing","AC9M2N01-T-007","At the counting table, what does the 0 mean in 507?","A. There are no hundreds | B. There are no ones | C. There are no tens","There are no tens","The 0 is in the tens place, so the number has no tens. Hint: Read the place-value columns: hundreds, tens, ones.","","","",""
"AC9M2N01","Numbers to 1000","test","existing","AC9M2N01-T-008","At the counting table, which numeral matches “5 hundred and 7”?","A. 507 | B. 570 | C. 57","507","With no tens, a zero keeps the tens place: 507. Hint: Leave a zero in the tens column.","","","",""
"AC9M2N01","Numbers to 1000","test","existing","AC9M2N01-T-009","In the place-value challenge, which number has 6 hundreds, 3 tens and 8 ones?","A. 683 | B. 638 | C. 611","638","6 hundreds, 3 tens and 8 ones make 638. Hint: Write the hundreds digit, then tens, then ones.","","","",""
"AC9M2N01","Numbers to 1000","test","existing","AC9M2N01-T-010","In the place-value challenge, what is 638 in expanded form?","A. 600 + 80 + 3 | B. 60 + 3 + 8 | C. 600 + 30 + 8","600 + 30 + 8","The digits show 600, 30 and 8. Hint: Use the place of each digit to find its value.","","","",""
"AC9M2N01","Numbers to 1000","test","existing","AC9M2N01-T-011","In the place-value challenge, which number is greater: 638 or 646?","A. 646 | B. 638 | C. They are equal","646","Both have 6 hundreds. 646 has more tens, so it is greater. Hint: Compare hundreds first, then tens, then ones.","","","",""
"AC9M2N01","Numbers to 1000","test","existing","AC9M2N01-T-012","In the place-value challenge, which number belongs halfway between 600 and 700?","A. 605 | B. 650 | C. 690","650","650 is 50 more than 600 and 50 less than 700. Hint: Half of 100 is 50.","","","",""
"AC9M2N01","Numbers to 1000","test","existing","AC9M2N01-T-013","In the place-value challenge, put these numbers from smallest to largest: 638, 668, 538.","A. 668, 638, 538 | B. 638, 538, 668 | C. 538, 638, 668","538, 638, 668","Compare the hundreds first. The order is 538, 638, 668. Hint: Find the number with the fewest hundreds first.","","","",""
"AC9M2N01","Numbers to 1000","test","existing","AC9M2N01-T-014","In the place-value challenge, what is 10 more than 638?","A. 648 | B. 639 | C. 738","648","Adding 10 increases the tens place by 1: 638 becomes 648. Hint: Keep the hundreds and ones the same.","","","",""
"AC9M2N01","Numbers to 1000","test","existing","AC9M2N01-T-015","In the place-value challenge, what does the 0 mean in 608?","A. There are no hundreds | B. There are no tens | C. There are no ones","There are no tens","The 0 is in the tens place, so the number has no tens. Hint: Read the place-value columns: hundreds, tens, ones.","","","",""
"AC9M2N01","Numbers to 1000","test","existing","AC9M2N01-T-016","In the place-value challenge, which numeral matches “6 hundred and 8”?","A. 680 | B. 68 | C. 608","608","With no tens, a zero keeps the tens place: 608. Hint: Leave a zero in the tens column.","","","",""
"AC9M2N02","Regroup and Rename Numbers","practice","existing","AC9M2N02-P-001","At the trading station, which partition equals 235?","A. 200 + 30 + 5 | B. 200 + 50 + 3 | C. 200 + 3 + 5","200 + 30 + 5","235 has 2 hundreds, 3 tens and 5 ones. Hint: Read each digit by its place.","","","",""
"AC9M2N02","Regroup and Rename Numbers","practice","existing","AC9M2N02-P-002","At the trading station, trade 1 ten for ones. How many ones is that?","A. 1 one | B. 10 ones | C. 100 ones","10 ones","One ten has the same value as 10 ones. Hint: Count the unit squares in a ten rod.","","","",""
"AC9M2N02","Regroup and Rename Numbers","practice","existing","AC9M2N02-P-003","At the trading station, which is another way to make 235?","A. 1 hundreds + 4 tens + 5 ones | B. 2 hundreds + 3 tens + 15 ones | C. 1 hundreds + 13 tens + 5 ones","1 hundreds + 13 tens + 5 ones","Regrouping 1 hundred as 10 tens keeps the total at 235. Hint: Take one hundred away and add ten tens.","","","",""
"AC9M2N02","Regroup and Rename Numbers","practice","existing","AC9M2N02-P-004","At the trading station, what does the 0 mean in 205?","A. 0 tens | B. 0 hundreds | C. 0 ones","0 tens","The zero sits in the tens place, so 205 has 0 tens. Hint: Name the columns from left to right: hundreds, tens, ones.","","","",""
"AC9M2N02","Regroup and Rename Numbers","practice","existing","AC9M2N02-P-005","At the trading station, is 235 the same value as 235?","A. No, it is 10 more | B. Yes | C. No, it is 10 less","Yes","One ten was traded for 10 ones, so the total value stays 235. Hint: Compare the parts after regrouping, not just the number of pieces.","","","",""
"AC9M2N02","Regroup and Rename Numbers","practice","existing","AC9M2N02-P-006","At the trading station, how many tens are in 35 if all the ones stay separate?","A. 4 | B. 5 | C. 3","3","35 has 3 full tens and 5 ones. Hint: Group the amount into tens before counting leftover ones.","","","",""
"AC9M2N02","Regroup and Rename Numbers","practice","existing","AC9M2N02-P-007","At the trading station, which regrouping is not equal to 235?","A. 2 hundreds + 2 tens + 5 ones | B. 2 hundreds + 2 tens + 15 ones | C. 1 hundreds + 13 tens + 5 ones","2 hundreds + 2 tens + 5 ones","Taking away a ten without adding 10 ones makes the value 10 less. Hint: Every trade must exchange equal value.","","","",""
"AC9M2N02","Regroup and Rename Numbers","practice","existing","AC9M2N02-P-008","At the trading station, which number is 2 hundreds and 35 ones?","A. 208 | B. 235 | C. 335","235","35 ones regroup as 3 tens and 5 ones, making 235. Hint: Make groups of 10 from the ones.","","","",""
"AC9M2N02","Regroup and Rename Numbers","practice","existing","AC9M2N02-P-009","With base-ten blocks, which partition equals 346?","A. 300 + 60 + 4 | B. 300 + 4 + 6 | C. 300 + 40 + 6","300 + 40 + 6","346 has 3 hundreds, 4 tens and 6 ones. Hint: Read each digit by its place.","","","",""
"AC9M2N02","Regroup and Rename Numbers","practice","existing","AC9M2N02-P-010","With base-ten blocks, trade 1 ten for ones. How many ones is that?","A. 10 ones | B. 1 one | C. 100 ones","10 ones","One ten has the same value as 10 ones. Hint: Count the unit squares in a ten rod.","","","",""
"AC9M2N02","Regroup and Rename Numbers","practice","existing","AC9M2N02-P-011","With base-ten blocks, which is another way to make 346?","A. 2 hundreds + 5 tens + 6 ones | B. 2 hundreds + 14 tens + 6 ones | C. 3 hundreds + 4 tens + 16 ones","2 hundreds + 14 tens + 6 ones","Regrouping 1 hundred as 10 tens keeps the total at 346. Hint: Take one hundred away and add ten tens.","","","",""
"AC9M2N02","Regroup and Rename Numbers","practice","existing","AC9M2N02-P-012","With base-ten blocks, what does the 0 mean in 306?","A. 0 hundreds | B. 0 ones | C. 0 tens","0 tens","The zero sits in the tens place, so 306 has 0 tens. Hint: Name the columns from left to right: hundreds, tens, ones.","","","",""
"AC9M2N02","Regroup and Rename Numbers","practice","existing","AC9M2N02-P-013","With base-ten blocks, is 346 the same value as 346?","A. Yes | B. No, it is 10 more | C. No, it is 10 less","Yes","One ten was traded for 10 ones, so the total value stays 346. Hint: Compare the parts after regrouping, not just the number of pieces.","","","",""
"AC9M2N02","Regroup and Rename Numbers","practice","existing","AC9M2N02-P-014","With base-ten blocks, how many tens are in 46 if all the ones stay separate?","A. 5 | B. 4 | C. 6","4","46 has 4 full tens and 6 ones. Hint: Group the amount into tens before counting leftover ones.","","","",""
"AC9M2N02","Regroup and Rename Numbers","practice","existing","AC9M2N02-P-015","With base-ten blocks, which regrouping is not equal to 346?","A. 3 hundreds + 3 tens + 16 ones | B. 2 hundreds + 14 tens + 6 ones | C. 3 hundreds + 3 tens + 6 ones","3 hundreds + 3 tens + 6 ones","Taking away a ten without adding 10 ones makes the value 10 less. Hint: Every trade must exchange equal value.","","","",""
"AC9M2N02","Regroup and Rename Numbers","practice","existing","AC9M2N02-P-016","With base-ten blocks, which number is 3 hundreds and 46 ones?","A. 346 | B. 310 | C. 446","346","46 ones regroup as 4 tens and 6 ones, making 346. Hint: Make groups of 10 from the ones.","","","",""
"AC9M2N02","Regroup and Rename Numbers","practice","existing","AC9M2N02-P-017","In the place-value game, which partition equals 457?","A. 400 + 70 + 5 | B. 400 + 50 + 7 | C. 400 + 5 + 7","400 + 50 + 7","457 has 4 hundreds, 5 tens and 7 ones. Hint: Read each digit by its place.","","","",""
"AC9M2N02","Regroup and Rename Numbers","practice","existing","AC9M2N02-P-018","In the place-value game, trade 1 ten for ones. How many ones is that?","A. 1 one | B. 100 ones | C. 10 ones","10 ones","One ten has the same value as 10 ones. Hint: Count the unit squares in a ten rod.","","","",""
"AC9M2N02","Regroup and Rename Numbers","practice","existing","AC9M2N02-P-019","In the place-value game, which is another way to make 457?","A. 3 hundreds + 15 tens + 7 ones | B. 3 hundreds + 6 tens + 7 ones | C. 4 hundreds + 5 tens + 17 ones","3 hundreds + 15 tens + 7 ones","Regrouping 1 hundred as 10 tens keeps the total at 457. Hint: Take one hundred away and add ten tens.","","","",""
"AC9M2N02","Regroup and Rename Numbers","practice","existing","AC9M2N02-P-020","In the place-value game, what does the 0 mean in 407?","A. 0 hundreds | B. 0 tens | C. 0 ones","0 tens","The zero sits in the tens place, so 407 has 0 tens. Hint: Name the columns from left to right: hundreds, tens, ones.","","","",""
"AC9M2N02","Regroup and Rename Numbers","practice","existing","AC9M2N02-P-021","In the place-value game, is 457 the same value as 457?","A. No, it is 10 more | B. No, it is 10 less | C. Yes","Yes","One ten was traded for 10 ones, so the total value stays 457. Hint: Compare the parts after regrouping, not just the number of pieces.","","","",""
"AC9M2N02","Regroup and Rename Numbers","practice","existing","AC9M2N02-P-022","In the place-value game, how many tens are in 57 if all the ones stay separate?","A. 5 | B. 6 | C. 7","5","57 has 5 full tens and 7 ones. Hint: Group the amount into tens before counting leftover ones.","","","",""
"AC9M2N02","Regroup and Rename Numbers","practice","existing","AC9M2N02-P-023","In the place-value game, which regrouping is not equal to 457?","A. 4 hundreds + 4 tens + 17 ones | B. 4 hundreds + 4 tens + 7 ones | C. 3 hundreds + 15 tens + 7 ones","4 hundreds + 4 tens + 7 ones","Taking away a ten without adding 10 ones makes the value 10 less. Hint: Every trade must exchange equal value.","","","",""
"AC9M2N02","Regroup and Rename Numbers","practice","existing","AC9M2N02-P-024","In the place-value game, which number is 4 hundreds and 57 ones?","A. 412 | B. 557 | C. 457","457","57 ones regroup as 5 tens and 7 ones, making 457. Hint: Make groups of 10 from the ones.","","","",""
"AC9M2N02","Regroup and Rename Numbers","practice","placeholder","AC9M2N02-P-025","","","","","","","","Add practice question 25 of 48 for AC9M2N02."
"AC9M2N02","Regroup and Rename Numbers","practice","placeholder","AC9M2N02-P-026","","","","","","","","Add practice question 26 of 48 for AC9M2N02."
"AC9M2N02","Regroup and Rename Numbers","practice","placeholder","AC9M2N02-P-027","","","","","","","","Add practice question 27 of 48 for AC9M2N02."
"AC9M2N02","Regroup and Rename Numbers","practice","placeholder","AC9M2N02-P-028","","","","","","","","Add practice question 28 of 48 for AC9M2N02."
"AC9M2N02","Regroup and Rename Numbers","practice","placeholder","AC9M2N02-P-029","","","","","","","","Add practice question 29 of 48 for AC9M2N02."
"AC9M2N02","Regroup and Rename Numbers","practice","placeholder","AC9M2N02-P-030","","","","","","","","Add practice question 30 of 48 for AC9M2N02."
"AC9M2N02","Regroup and Rename Numbers","practice","placeholder","AC9M2N02-P-031","","","","","","","","Add practice question 31 of 48 for AC9M2N02."
"AC9M2N02","Regroup and Rename Numbers","practice","placeholder","AC9M2N02-P-032","","","","","","","","Add practice question 32 of 48 for AC9M2N02."
"AC9M2N02","Regroup and Rename Numbers","practice","placeholder","AC9M2N02-P-033","","","","","","","","Add practice question 33 of 48 for AC9M2N02."
"AC9M2N02","Regroup and Rename Numbers","practice","placeholder","AC9M2N02-P-034","","","","","","","","Add practice question 34 of 48 for AC9M2N02."
"AC9M2N02","Regroup and Rename Numbers","practice","placeholder","AC9M2N02-P-035","","","","","","","","Add practice question 35 of 48 for AC9M2N02."
"AC9M2N02","Regroup and Rename Numbers","practice","placeholder","AC9M2N02-P-036","","","","","","","","Add practice question 36 of 48 for AC9M2N02."
"AC9M2N02","Regroup and Rename Numbers","practice","placeholder","AC9M2N02-P-037","","","","","","","","Add practice question 37 of 48 for AC9M2N02."
"AC9M2N02","Regroup and Rename Numbers","practice","placeholder","AC9M2N02-P-038","","","","","","","","Add practice question 38 of 48 for AC9M2N02."
"AC9M2N02","Regroup and Rename Numbers","practice","placeholder","AC9M2N02-P-039","","","","","","","","Add practice question 39 of 48 for AC9M2N02."
"AC9M2N02","Regroup and Rename Numbers","practice","placeholder","AC9M2N02-P-040","","","","","","","","Add practice question 40 of 48 for AC9M2N02."
"AC9M2N02","Regroup and Rename Numbers","practice","placeholder","AC9M2N02-P-041","","","","","","","","Add practice question 41 of 48 for AC9M2N02."
"AC9M2N02","Regroup and Rename Numbers","practice","placeholder","AC9M2N02-P-042","","","","","","","","Add practice question 42 of 48 for AC9M2N02."
"AC9M2N02","Regroup and Rename Numbers","practice","placeholder","AC9M2N02-P-043","","","","","","","","Add practice question 43 of 48 for AC9M2N02."
"AC9M2N02","Regroup and Rename Numbers","practice","placeholder","AC9M2N02-P-044","","","","","","","","Add practice question 44 of 48 for AC9M2N02."
"AC9M2N02","Regroup and Rename Numbers","practice","placeholder","AC9M2N02-P-045","","","","","","","","Add practice question 45 of 48 for AC9M2N02."
"AC9M2N02","Regroup and Rename Numbers","practice","placeholder","AC9M2N02-P-046","","","","","","","","Add practice question 46 of 48 for AC9M2N02."
"AC9M2N02","Regroup and Rename Numbers","practice","placeholder","AC9M2N02-P-047","","","","","","","","Add practice question 47 of 48 for AC9M2N02."
"AC9M2N02","Regroup and Rename Numbers","practice","placeholder","AC9M2N02-P-048","","","","","","","","Add practice question 48 of 48 for AC9M2N02."
"AC9M2N02","Regroup and Rename Numbers","test","existing","AC9M2N02-T-001","At the number table, which partition equals 568?","A. 500 + 60 + 8 | B. 500 + 80 + 6 | C. 500 + 6 + 8","500 + 60 + 8","568 has 5 hundreds, 6 tens and 8 ones. Hint: Read each digit by its place.","","","",""
"AC9M2N02","Regroup and Rename Numbers","test","existing","AC9M2N02-T-002","At the number table, trade 1 ten for ones. How many ones is that?","A. 1 one | B. 10 ones | C. 100 ones","10 ones","One ten has the same value as 10 ones. Hint: Count the unit squares in a ten rod.","","","",""
"AC9M2N02","Regroup and Rename Numbers","test","existing","AC9M2N02-T-003","At the number table, which is another way to make 568?","A. 4 hundreds + 7 tens + 8 ones | B. 5 hundreds + 6 tens + 18 ones | C. 4 hundreds + 16 tens + 8 ones","4 hundreds + 16 tens + 8 ones","Regrouping 1 hundred as 10 tens keeps the total at 568. Hint: Take one hundred away and add ten tens.","","","",""
"AC9M2N02","Regroup and Rename Numbers","test","existing","AC9M2N02-T-004","At the number table, what does the 0 mean in 508?","A. 0 tens | B. 0 hundreds | C. 0 ones","0 tens","The zero sits in the tens place, so 508 has 0 tens. Hint: Name the columns from left to right: hundreds, tens, ones.","","","",""
"AC9M2N02","Regroup and Rename Numbers","test","existing","AC9M2N02-T-005","At the number table, is 568 the same value as 568?","A. No, it is 10 more | B. Yes | C. No, it is 10 less","Yes","One ten was traded for 10 ones, so the total value stays 568. Hint: Compare the parts after regrouping, not just the number of pieces.","","","",""
"AC9M2N02","Regroup and Rename Numbers","test","existing","AC9M2N02-T-006","At the number table, how many tens are in 68 if all the ones stay separate?","A. 7 | B. 8 | C. 6","6","68 has 6 full tens and 8 ones. Hint: Group the amount into tens before counting leftover ones.","","","",""
"AC9M2N02","Regroup and Rename Numbers","test","existing","AC9M2N02-T-007","At the number table, which regrouping is not equal to 568?","A. 5 hundreds + 5 tens + 8 ones | B. 5 hundreds + 5 tens + 18 ones | C. 4 hundreds + 16 tens + 8 ones","5 hundreds + 5 tens + 8 ones","Taking away a ten without adding 10 ones makes the value 10 less. Hint: Every trade must exchange equal value.","","","",""
"AC9M2N02","Regroup and Rename Numbers","test","existing","AC9M2N02-T-008","At the number table, which number is 5 hundreds and 68 ones?","A. 514 | B. 568 | C. 668","568","68 ones regroup as 6 tens and 8 ones, making 568. Hint: Make groups of 10 from the ones.","","","",""
"AC9M2N02","Regroup and Rename Numbers","test","existing","AC9M2N02-T-009","During the regrouping challenge, which partition equals 635?","A. 600 + 50 + 3 | B. 600 + 3 + 5 | C. 600 + 30 + 5","600 + 30 + 5","635 has 6 hundreds, 3 tens and 5 ones. Hint: Read each digit by its place.","","","",""
"AC9M2N02","Regroup and Rename Numbers","test","existing","AC9M2N02-T-010","During the regrouping challenge, trade 1 ten for ones. How many ones is that?","A. 10 ones | B. 1 one | C. 100 ones","10 ones","One ten has the same value as 10 ones. Hint: Count the unit squares in a ten rod.","","","",""
"AC9M2N02","Regroup and Rename Numbers","test","existing","AC9M2N02-T-011","During the regrouping challenge, which is another way to make 635?","A. 5 hundreds + 4 tens + 5 ones | B. 5 hundreds + 13 tens + 5 ones | C. 6 hundreds + 3 tens + 15 ones","5 hundreds + 13 tens + 5 ones","Regrouping 1 hundred as 10 tens keeps the total at 635. Hint: Take one hundred away and add ten tens.","","","",""
"AC9M2N02","Regroup and Rename Numbers","test","existing","AC9M2N02-T-012","During the regrouping challenge, what does the 0 mean in 605?","A. 0 hundreds | B. 0 ones | C. 0 tens","0 tens","The zero sits in the tens place, so 605 has 0 tens. Hint: Name the columns from left to right: hundreds, tens, ones.","","","",""
"AC9M2N02","Regroup and Rename Numbers","test","existing","AC9M2N02-T-013","During the regrouping challenge, is 635 the same value as 635?","A. Yes | B. No, it is 10 more | C. No, it is 10 less","Yes","One ten was traded for 10 ones, so the total value stays 635. Hint: Compare the parts after regrouping, not just the number of pieces.","","","",""
"AC9M2N02","Regroup and Rename Numbers","test","existing","AC9M2N02-T-014","During the regrouping challenge, how many tens are in 35 if all the ones stay separate?","A. 4 | B. 3 | C. 5","3","35 has 3 full tens and 5 ones. Hint: Group the amount into tens before counting leftover ones.","","","",""
"AC9M2N02","Regroup and Rename Numbers","test","existing","AC9M2N02-T-015","During the regrouping challenge, which regrouping is not equal to 635?","A. 6 hundreds + 2 tens + 15 ones | B. 5 hundreds + 13 tens + 5 ones | C. 6 hundreds + 2 tens + 5 ones","6 hundreds + 2 tens + 5 ones","Taking away a ten without adding 10 ones makes the value 10 less. Hint: Every trade must exchange equal value.","","","",""
"AC9M2N02","Regroup and Rename Numbers","test","existing","AC9M2N02-T-016","During the regrouping challenge, which number is 6 hundreds and 35 ones?","A. 635 | B. 608 | C. 735","635","35 ones regroup as 3 tens and 5 ones, making 635. Hint: Make groups of 10 from the ones.","","","",""
"AC9M2N03","Halves, Quarters and Eighths","practice","existing","AC9M2N03-P-001","With a pizza, which picture shows one half of the pizza?","A. 1 of 2 unequal parts shaded | B. 1 of 2 equal parts shaded | C. 1 of 4 equal parts shaded","1 of 2 equal parts shaded","One half is one of 2 equal parts of the whole pizza. Hint: Check that there are exactly 2 equal parts.","","","",""
"AC9M2N03","Halves, Quarters and Eighths","practice","existing","AC9M2N03-P-002","With a pizza, a whole pizza is split into 4 equal parts. What is each part?","A. One half | B. One eighth | C. One quarter","One quarter","One of 4 equal parts is called one quarter. Hint: Use the number of equal parts to name the fraction.","","","",""
"AC9M2N03","Halves, Quarters and Eighths","practice","existing","AC9M2N03-P-003","With a pizza, how can you make quarters from halves of the pizza?","A. Halve each half again | B. Join the two halves | C. Make the halves different sizes","Halve each half again","Halving each half makes 4 equal quarters. Hint: Start with 2 parts, then split both parts equally.","","","",""
"AC9M2N03","Halves, Quarters and Eighths","practice","existing","AC9M2N03-P-004","With a pizza, how can you make eighths from quarters of the pizza?","A. Join two quarters | B. Halve each quarter | C. Remove one quarter","Halve each quarter","Halving each of 4 quarters makes 8 equal eighths. Hint: Doubling the number of equal parts makes smaller pieces.","","","",""
"AC9M2N03","Halves, Quarters and Eighths","practice","existing","AC9M2N03-P-005","With a pizza, which piece is larger when the whole pizza is the same size?","A. One eighth | B. They are the same size | C. One half","One half","A half is one of 2 equal parts; an eighth is one of 8 smaller equal parts. Hint: Fewer equal parts means each part is larger.","","","",""
"AC9M2N03","Halves, Quarters and Eighths","practice","existing","AC9M2N03-P-006","With a pizza, four pieces of the pizza are different sizes. Can they be called quarters?","A. No, quarters must be equal | B. Yes, because there are 4 pieces | C. Yes, if one piece is very large","No, quarters must be equal","Four pieces are quarters only when all 4 parts are equal. Hint: Counting pieces is not enough; compare their sizes.","","","",""
"AC9M2N03","Halves, Quarters and Eighths","practice","existing","AC9M2N03-P-007","With a pizza, how many quarters have the same amount as one half?","A. 1 quarter | B. 2 quarters | C. 4 quarters","2 quarters","Two quarters join to make one half of the same whole. Hint: Look at 4 equal parts and shade 2 of them.","","","",""
"AC9M2N03","Halves, Quarters and Eighths","practice","existing","AC9M2N03-P-008","With a pizza, how many eighths have the same amount as one quarter?","A. 1 eighth | B. 4 eighths | C. 2 eighths","2 eighths","Two eighths join to make one quarter of the same whole. Hint: Each quarter is split into 2 eighths.","","","",""
"AC9M2N03","Halves, Quarters and Eighths","practice","existing","AC9M2N03-P-009","With a wrap, which picture shows one half of the wrap?","A. 1 of 2 equal parts shaded | B. 1 of 2 unequal parts shaded | C. 1 of 4 equal parts shaded","1 of 2 equal parts shaded","One half is one of 2 equal parts of the whole wrap. Hint: Check that there are exactly 2 equal parts.","","","",""
"AC9M2N03","Halves, Quarters and Eighths","practice","existing","AC9M2N03-P-010","With a wrap, a whole wrap is split into 4 equal parts. What is each part?","A. One half | B. One quarter | C. One eighth","One quarter","One of 4 equal parts is called one quarter. Hint: Use the number of equal parts to name the fraction.","","","",""
"AC9M2N03","Halves, Quarters and Eighths","practice","existing","AC9M2N03-P-011","With a wrap, how can you make quarters from halves of the wrap?","A. Join the two halves | B. Make the halves different sizes | C. Halve each half again","Halve each half again","Halving each half makes 4 equal quarters. Hint: Start with 2 parts, then split both parts equally.","","","",""
"AC9M2N03","Halves, Quarters and Eighths","practice","existing","AC9M2N03-P-012","With a wrap, how can you make eighths from quarters of the wrap?","A. Halve each quarter | B. Join two quarters | C. Remove one quarter","Halve each quarter","Halving each of 4 quarters makes 8 equal eighths. Hint: Doubling the number of equal parts makes smaller pieces.","","","",""
"AC9M2N03","Halves, Quarters and Eighths","practice","existing","AC9M2N03-P-013","With a wrap, which piece is larger when the whole wrap is the same size?","A. One eighth | B. One half | C. They are the same size","One half","A half is one of 2 equal parts; an eighth is one of 8 smaller equal parts. Hint: Fewer equal parts means each part is larger.","","","",""
"AC9M2N03","Halves, Quarters and Eighths","practice","existing","AC9M2N03-P-014","With a wrap, four pieces of the wrap are different sizes. Can they be called quarters?","A. Yes, because there are 4 pieces | B. Yes, if one piece is very large | C. No, quarters must be equal","No, quarters must be equal","Four pieces are quarters only when all 4 parts are equal. Hint: Counting pieces is not enough; compare their sizes.","","","",""
"AC9M2N03","Halves, Quarters and Eighths","practice","existing","AC9M2N03-P-015","With a wrap, how many quarters have the same amount as one half?","A. 2 quarters | B. 1 quarter | C. 4 quarters","2 quarters","Two quarters join to make one half of the same whole. Hint: Look at 4 equal parts and shade 2 of them.","","","",""
"AC9M2N03","Halves, Quarters and Eighths","practice","existing","AC9M2N03-P-016","With a wrap, how many eighths have the same amount as one quarter?","A. 1 eighth | B. 2 eighths | C. 4 eighths","2 eighths","Two eighths join to make one quarter of the same whole. Hint: Each quarter is split into 2 eighths.","","","",""
"AC9M2N03","Halves, Quarters and Eighths","practice","existing","AC9M2N03-P-017","With a melon, which picture shows one half of the melon?","A. 1 of 2 unequal parts shaded | B. 1 of 4 equal parts shaded | C. 1 of 2 equal parts shaded","1 of 2 equal parts shaded","One half is one of 2 equal parts of the whole melon. Hint: Check that there are exactly 2 equal parts.","","","",""
"AC9M2N03","Halves, Quarters and Eighths","practice","existing","AC9M2N03-P-018","With a melon, a whole melon is split into 4 equal parts. What is each part?","A. One quarter | B. One half | C. One eighth","One quarter","One of 4 equal parts is called one quarter. Hint: Use the number of equal parts to name the fraction.","","","",""
"AC9M2N03","Halves, Quarters and Eighths","practice","existing","AC9M2N03-P-019","With a melon, how can you make quarters from halves of the melon?","A. Join the two halves | B. Halve each half again | C. Make the halves different sizes","Halve each half again","Halving each half makes 4 equal quarters. Hint: Start with 2 parts, then split both parts equally.","","","",""
"AC9M2N03","Halves, Quarters and Eighths","practice","existing","AC9M2N03-P-020","With a melon, how can you make eighths from quarters of the melon?","A. Join two quarters | B. Remove one quarter | C. Halve each quarter","Halve each quarter","Halving each of 4 quarters makes 8 equal eighths. Hint: Doubling the number of equal parts makes smaller pieces.","","","",""
"AC9M2N03","Halves, Quarters and Eighths","practice","existing","AC9M2N03-P-021","With a melon, which piece is larger when the whole melon is the same size?","A. One half | B. One eighth | C. They are the same size","One half","A half is one of 2 equal parts; an eighth is one of 8 smaller equal parts. Hint: Fewer equal parts means each part is larger.","","","",""
"AC9M2N03","Halves, Quarters and Eighths","practice","existing","AC9M2N03-P-022","With a melon, four pieces of the melon are different sizes. Can they be called quarters?","A. Yes, because there are 4 pieces | B. No, quarters must be equal | C. Yes, if one piece is very large","No, quarters must be equal","Four pieces are quarters only when all 4 parts are equal. Hint: Counting pieces is not enough; compare their sizes.","","","",""
"AC9M2N03","Halves, Quarters and Eighths","practice","existing","AC9M2N03-P-023","With a melon, how many quarters have the same amount as one half?","A. 1 quarter | B. 4 quarters | C. 2 quarters","2 quarters","Two quarters join to make one half of the same whole. Hint: Look at 4 equal parts and shade 2 of them.","","","",""
"AC9M2N03","Halves, Quarters and Eighths","practice","existing","AC9M2N03-P-024","With a melon, how many eighths have the same amount as one quarter?","A. 2 eighths | B. 1 eighth | C. 4 eighths","2 eighths","Two eighths join to make one quarter of the same whole. Hint: Each quarter is split into 2 eighths.","","","",""
"AC9M2N03","Halves, Quarters and Eighths","practice","placeholder","AC9M2N03-P-025","","","","","","","","Add practice question 25 of 48 for AC9M2N03."
"AC9M2N03","Halves, Quarters and Eighths","practice","placeholder","AC9M2N03-P-026","","","","","","","","Add practice question 26 of 48 for AC9M2N03."
"AC9M2N03","Halves, Quarters and Eighths","practice","placeholder","AC9M2N03-P-027","","","","","","","","Add practice question 27 of 48 for AC9M2N03."
"AC9M2N03","Halves, Quarters and Eighths","practice","placeholder","AC9M2N03-P-028","","","","","","","","Add practice question 28 of 48 for AC9M2N03."
"AC9M2N03","Halves, Quarters and Eighths","practice","placeholder","AC9M2N03-P-029","","","","","","","","Add practice question 29 of 48 for AC9M2N03."
"AC9M2N03","Halves, Quarters and Eighths","practice","placeholder","AC9M2N03-P-030","","","","","","","","Add practice question 30 of 48 for AC9M2N03."
"AC9M2N03","Halves, Quarters and Eighths","practice","placeholder","AC9M2N03-P-031","","","","","","","","Add practice question 31 of 48 for AC9M2N03."
"AC9M2N03","Halves, Quarters and Eighths","practice","placeholder","AC9M2N03-P-032","","","","","","","","Add practice question 32 of 48 for AC9M2N03."
"AC9M2N03","Halves, Quarters and Eighths","practice","placeholder","AC9M2N03-P-033","","","","","","","","Add practice question 33 of 48 for AC9M2N03."
"AC9M2N03","Halves, Quarters and Eighths","practice","placeholder","AC9M2N03-P-034","","","","","","","","Add practice question 34 of 48 for AC9M2N03."
"AC9M2N03","Halves, Quarters and Eighths","practice","placeholder","AC9M2N03-P-035","","","","","","","","Add practice question 35 of 48 for AC9M2N03."
"AC9M2N03","Halves, Quarters and Eighths","practice","placeholder","AC9M2N03-P-036","","","","","","","","Add practice question 36 of 48 for AC9M2N03."
"AC9M2N03","Halves, Quarters and Eighths","practice","placeholder","AC9M2N03-P-037","","","","","","","","Add practice question 37 of 48 for AC9M2N03."
"AC9M2N03","Halves, Quarters and Eighths","practice","placeholder","AC9M2N03-P-038","","","","","","","","Add practice question 38 of 48 for AC9M2N03."
"AC9M2N03","Halves, Quarters and Eighths","practice","placeholder","AC9M2N03-P-039","","","","","","","","Add practice question 39 of 48 for AC9M2N03."
"AC9M2N03","Halves, Quarters and Eighths","practice","placeholder","AC9M2N03-P-040","","","","","","","","Add practice question 40 of 48 for AC9M2N03."
"AC9M2N03","Halves, Quarters and Eighths","practice","placeholder","AC9M2N03-P-041","","","","","","","","Add practice question 41 of 48 for AC9M2N03."
"AC9M2N03","Halves, Quarters and Eighths","practice","placeholder","AC9M2N03-P-042","","","","","","","","Add practice question 42 of 48 for AC9M2N03."
"AC9M2N03","Halves, Quarters and Eighths","practice","placeholder","AC9M2N03-P-043","","","","","","","","Add practice question 43 of 48 for AC9M2N03."
"AC9M2N03","Halves, Quarters and Eighths","practice","placeholder","AC9M2N03-P-044","","","","","","","","Add practice question 44 of 48 for AC9M2N03."
"AC9M2N03","Halves, Quarters and Eighths","practice","placeholder","AC9M2N03-P-045","","","","","","","","Add practice question 45 of 48 for AC9M2N03."
"AC9M2N03","Halves, Quarters and Eighths","practice","placeholder","AC9M2N03-P-046","","","","","","","","Add practice question 46 of 48 for AC9M2N03."
"AC9M2N03","Halves, Quarters and Eighths","practice","placeholder","AC9M2N03-P-047","","","","","","","","Add practice question 47 of 48 for AC9M2N03."
"AC9M2N03","Halves, Quarters and Eighths","practice","placeholder","AC9M2N03-P-048","","","","","","","","Add practice question 48 of 48 for AC9M2N03."
"AC9M2N03","Halves, Quarters and Eighths","test","existing","AC9M2N03-T-001","With a cake, which picture shows one half of the cake?","A. 1 of 2 unequal parts shaded | B. 1 of 2 equal parts shaded | C. 1 of 4 equal parts shaded","1 of 2 equal parts shaded","One half is one of 2 equal parts of the whole cake. Hint: Check that there are exactly 2 equal parts.","","","",""
"AC9M2N03","Halves, Quarters and Eighths","test","existing","AC9M2N03-T-002","With a cake, a whole cake is split into 4 equal parts. What is each part?","A. One half | B. One eighth | C. One quarter","One quarter","One of 4 equal parts is called one quarter. Hint: Use the number of equal parts to name the fraction.","","","",""
"AC9M2N03","Halves, Quarters and Eighths","test","existing","AC9M2N03-T-003","With a cake, how can you make quarters from halves of the cake?","A. Halve each half again | B. Join the two halves | C. Make the halves different sizes","Halve each half again","Halving each half makes 4 equal quarters. Hint: Start with 2 parts, then split both parts equally.","","","",""
"AC9M2N03","Halves, Quarters and Eighths","test","existing","AC9M2N03-T-004","With a cake, how can you make eighths from quarters of the cake?","A. Join two quarters | B. Halve each quarter | C. Remove one quarter","Halve each quarter","Halving each of 4 quarters makes 8 equal eighths. Hint: Doubling the number of equal parts makes smaller pieces.","","","",""
"AC9M2N03","Halves, Quarters and Eighths","test","existing","AC9M2N03-T-005","With a cake, which piece is larger when the whole cake is the same size?","A. One eighth | B. They are the same size | C. One half","One half","A half is one of 2 equal parts; an eighth is one of 8 smaller equal parts. Hint: Fewer equal parts means each part is larger.","","","",""
"AC9M2N03","Halves, Quarters and Eighths","test","existing","AC9M2N03-T-006","With a cake, four pieces of the cake are different sizes. Can they be called quarters?","A. No, quarters must be equal | B. Yes, because there are 4 pieces | C. Yes, if one piece is very large","No, quarters must be equal","Four pieces are quarters only when all 4 parts are equal. Hint: Counting pieces is not enough; compare their sizes.","","","",""
"AC9M2N03","Halves, Quarters and Eighths","test","existing","AC9M2N03-T-007","With a cake, how many quarters have the same amount as one half?","A. 1 quarter | B. 2 quarters | C. 4 quarters","2 quarters","Two quarters join to make one half of the same whole. Hint: Look at 4 equal parts and shade 2 of them.","","","",""
"AC9M2N03","Halves, Quarters and Eighths","test","existing","AC9M2N03-T-008","With a cake, how many eighths have the same amount as one quarter?","A. 1 eighth | B. 4 eighths | C. 2 eighths","2 eighths","Two eighths join to make one quarter of the same whole. Hint: Each quarter is split into 2 eighths.","","","",""
"AC9M2N03","Halves, Quarters and Eighths","test","existing","AC9M2N03-T-009","With a pancake, which picture shows one half of the pancake?","A. 1 of 2 equal parts shaded | B. 1 of 2 unequal parts shaded | C. 1 of 4 equal parts shaded","1 of 2 equal parts shaded","One half is one of 2 equal parts of the whole pancake. Hint: Check that there are exactly 2 equal parts.","","","",""
"AC9M2N03","Halves, Quarters and Eighths","test","existing","AC9M2N03-T-010","With a pancake, a whole pancake is split into 4 equal parts. What is each part?","A. One half | B. One quarter | C. One eighth","One quarter","One of 4 equal parts is called one quarter. Hint: Use the number of equal parts to name the fraction.","","","",""
"AC9M2N03","Halves, Quarters and Eighths","test","existing","AC9M2N03-T-011","With a pancake, how can you make quarters from halves of the pancake?","A. Join the two halves | B. Make the halves different sizes | C. Halve each half again","Halve each half again","Halving each half makes 4 equal quarters. Hint: Start with 2 parts, then split both parts equally.","","","",""
"AC9M2N03","Halves, Quarters and Eighths","test","existing","AC9M2N03-T-012","With a pancake, how can you make eighths from quarters of the pancake?","A. Halve each quarter | B. Join two quarters | C. Remove one quarter","Halve each quarter","Halving each of 4 quarters makes 8 equal eighths. Hint: Doubling the number of equal parts makes smaller pieces.","","","",""
"AC9M2N03","Halves, Quarters and Eighths","test","existing","AC9M2N03-T-013","With a pancake, which piece is larger when the whole pancake is the same size?","A. One eighth | B. One half | C. They are the same size","One half","A half is one of 2 equal parts; an eighth is one of 8 smaller equal parts. Hint: Fewer equal parts means each part is larger.","","","",""
"AC9M2N03","Halves, Quarters and Eighths","test","existing","AC9M2N03-T-014","With a pancake, four pieces of the pancake are different sizes. Can they be called quarters?","A. Yes, because there are 4 pieces | B. Yes, if one piece is very large | C. No, quarters must be equal","No, quarters must be equal","Four pieces are quarters only when all 4 parts are equal. Hint: Counting pieces is not enough; compare their sizes.","","","",""
"AC9M2N03","Halves, Quarters and Eighths","test","existing","AC9M2N03-T-015","With a pancake, how many quarters have the same amount as one half?","A. 2 quarters | B. 1 quarter | C. 4 quarters","2 quarters","Two quarters join to make one half of the same whole. Hint: Look at 4 equal parts and shade 2 of them.","","","",""
"AC9M2N03","Halves, Quarters and Eighths","test","existing","AC9M2N03-T-016","With a pancake, how many eighths have the same amount as one quarter?","A. 1 eighth | B. 2 eighths | C. 4 eighths","2 eighths","Two eighths join to make one quarter of the same whole. Hint: Each quarter is split into 2 eighths.","","","",""
"AC9M2N04","Addition and Subtraction Strategies","practice","existing","AC9M2N04-P-001","At the sticker table, what is 24 + 13?","A. 27 | B. 38 | C. 37","37","Add tens and ones: 24 + 13 = 37. Hint: Partition both numbers into tens and ones.","","","",""
"AC9M2N04","Addition and Subtraction Strategies","practice","existing","AC9M2N04-P-002","At the sticker table, what is 45 − 13?","A. 32 | B. 45 | C. 31","32","Take away 13: 45 − 13 = 32. Hint: Subtract the tens, then the ones.","","","",""
"AC9M2N04","Addition and Subtraction Strategies","practice","existing","AC9M2N04-P-003","At the sticker table, use partitioning. What is 28 + 16?","A. 34 | B. 44 | C. 54","44","28 + 16 = 20 + 10 + 14 = 44. Hint: Add the tens, add the ones, then combine.","","","",""
"AC9M2N04","Addition and Subtraction Strategies","practice","existing","AC9M2N04-P-004","At the sticker table, there are 42 stickers. 18 are used. How many are left?","A. 60 | B. 34 | C. 24","24","The stickers are taken away, so 42 − 18 = 24. Hint: Start with the whole and subtract the used part.","","","",""
"AC9M2N04","Addition and Subtraction Strategies","practice","existing","AC9M2N04-P-005","At the sticker table, 17 children are inside. There are 48 children altogether. How many are outside?","A. 31 | B. 65 | C. 30","31","The missing part is 48 − 17 = 31. Hint: Use whole minus known part.","","","",""
"AC9M2N04","Addition and Subtraction Strategies","practice","existing","AC9M2N04-P-006","At the sticker table, which number sentence checks 37 − 13 = 24?","A. 24 − 13 = 11 | B. 24 + 13 = 37 | C. 37 + 13 = 50","24 + 13 = 37","Addition checks subtraction by joining the two parts back to the whole. Hint: Use the answer and the amount taken away.","","","",""
"AC9M2N04","Addition and Subtraction Strategies","practice","existing","AC9M2N04-P-007","At the sticker table, which is a helpful way to solve 39 + 19?","A. Add 10, then take away 1 | B. Take away 20, then add 1 | C. Add 20, then take away 1","Add 20, then take away 1","Because 19 is one less than 20, add 20 then subtract 1. Hint: Use a nearby friendly number.","","","",""
"AC9M2N04","Addition and Subtraction Strategies","practice","existing","AC9M2N04-P-008","At the sticker table, a box has 24 red pencils and 13 blue pencils. How many pencils are there altogether?","A. 37 | B. 11 | C. 47","37","Altogether means join the groups: 24 + 13 = 37. Hint: Look for whether the story joins or separates amounts.","","","",""
"AC9M2N04","Addition and Subtraction Strategies","practice","existing","AC9M2N04-P-009","In the class shop, what is 31 + 15?","A. 36 | B. 46 | C. 47","46","Add tens and ones: 31 + 15 = 46. Hint: Partition both numbers into tens and ones.","","","",""
"AC9M2N04","Addition and Subtraction Strategies","practice","existing","AC9M2N04-P-010","In the class shop, what is 54 − 15?","A. 54 | B. 38 | C. 39","39","Take away 15: 54 − 15 = 39. Hint: Subtract the tens, then the ones.","","","",""
"AC9M2N04","Addition and Subtraction Strategies","practice","existing","AC9M2N04-P-011","In the class shop, use partitioning. What is 32 + 17?","A. 49 | B. 39 | C. 59","49","32 + 17 = 30 + 10 + 9 = 49. Hint: Add the tens, add the ones, then combine.","","","",""
"AC9M2N04","Addition and Subtraction Strategies","practice","existing","AC9M2N04-P-012","In the class shop, there are 47 stickers. 19 are used. How many are left?","A. 66 | B. 28 | C. 38","28","The stickers are taken away, so 47 − 19 = 28. Hint: Start with the whole and subtract the used part.","","","",""
"AC9M2N04","Addition and Subtraction Strategies","practice","existing","AC9M2N04-P-013","In the class shop, 18 children are inside. There are 51 children altogether. How many are outside?","A. 69 | B. 32 | C. 33","33","The missing part is 51 − 18 = 33. Hint: Use whole minus known part.","","","",""
"AC9M2N04","Addition and Subtraction Strategies","practice","existing","AC9M2N04-P-014","In the class shop, which number sentence checks 46 − 15 = 31?","A. 31 + 15 = 46 | B. 31 − 15 = 16 | C. 46 + 15 = 61","31 + 15 = 46","Addition checks subtraction by joining the two parts back to the whole. Hint: Use the answer and the amount taken away.","","","",""
"AC9M2N04","Addition and Subtraction Strategies","practice","existing","AC9M2N04-P-015","In the class shop, which is a helpful way to solve 43 + 19?","A. Add 10, then take away 1 | B. Add 20, then take away 1 | C. Take away 20, then add 1","Add 20, then take away 1","Because 19 is one less than 20, add 20 then subtract 1. Hint: Use a nearby friendly number.","","","",""
"AC9M2N04","Addition and Subtraction Strategies","practice","existing","AC9M2N04-P-016","In the class shop, a box has 31 red pencils and 15 blue pencils. How many pencils are there altogether?","A. 16 | B. 56 | C. 46","46","Altogether means join the groups: 31 + 15 = 46. Hint: Look for whether the story joins or separates amounts.","","","",""
"AC9M2N04","Addition and Subtraction Strategies","practice","existing","AC9M2N04-P-017","During the pencil count, what is 38 + 17?","A. 55 | B. 45 | C. 56","55","Add tens and ones: 38 + 17 = 55. Hint: Partition both numbers into tens and ones.","","","",""
"AC9M2N04","Addition and Subtraction Strategies","practice","existing","AC9M2N04-P-018","During the pencil count, what is 63 − 17?","A. 63 | B. 46 | C. 45","46","Take away 17: 63 − 17 = 46. Hint: Subtract the tens, then the ones.","","","",""
"AC9M2N04","Addition and Subtraction Strategies","practice","existing","AC9M2N04-P-019","During the pencil count, use partitioning. What is 36 + 18?","A. 44 | B. 64 | C. 54","54","36 + 18 = 30 + 10 + 14 = 54. Hint: Add the tens, add the ones, then combine.","","","",""
"AC9M2N04","Addition and Subtraction Strategies","practice","existing","AC9M2N04-P-020","During the pencil count, there are 52 stickers. 20 are used. How many are left?","A. 32 | B. 72 | C. 42","32","The stickers are taken away, so 52 − 20 = 32. Hint: Start with the whole and subtract the used part.","","","",""
"AC9M2N04","Addition and Subtraction Strategies","practice","existing","AC9M2N04-P-021","During the pencil count, 19 children are inside. There are 54 children altogether. How many are outside?","A. 73 | B. 35 | C. 34","35","The missing part is 54 − 19 = 35. Hint: Use whole minus known part.","","","",""
"AC9M2N04","Addition and Subtraction Strategies","practice","existing","AC9M2N04-P-022","During the pencil count, which number sentence checks 55 − 17 = 38?","A. 38 − 17 = 21 | B. 55 + 17 = 72 | C. 38 + 17 = 55","38 + 17 = 55","Addition checks subtraction by joining the two parts back to the whole. Hint: Use the answer and the amount taken away.","","","",""
"AC9M2N04","Addition and Subtraction Strategies","practice","existing","AC9M2N04-P-023","During the pencil count, which is a helpful way to solve 47 + 19?","A. Add 20, then take away 1 | B. Add 10, then take away 1 | C. Take away 20, then add 1","Add 20, then take away 1","Because 19 is one less than 20, add 20 then subtract 1. Hint: Use a nearby friendly number.","","","",""
"AC9M2N04","Addition and Subtraction Strategies","practice","existing","AC9M2N04-P-024","During the pencil count, a box has 38 red pencils and 17 blue pencils. How many pencils are there altogether?","A. 21 | B. 55 | C. 65","55","Altogether means join the groups: 38 + 17 = 55. Hint: Look for whether the story joins or separates amounts.","","","",""
"AC9M2N04","Addition and Subtraction Strategies","practice","placeholder","AC9M2N04-P-025","","","","","","","","Add practice question 25 of 48 for AC9M2N04."
"AC9M2N04","Addition and Subtraction Strategies","practice","placeholder","AC9M2N04-P-026","","","","","","","","Add practice question 26 of 48 for AC9M2N04."
"AC9M2N04","Addition and Subtraction Strategies","practice","placeholder","AC9M2N04-P-027","","","","","","","","Add practice question 27 of 48 for AC9M2N04."
"AC9M2N04","Addition and Subtraction Strategies","practice","placeholder","AC9M2N04-P-028","","","","","","","","Add practice question 28 of 48 for AC9M2N04."
"AC9M2N04","Addition and Subtraction Strategies","practice","placeholder","AC9M2N04-P-029","","","","","","","","Add practice question 29 of 48 for AC9M2N04."
"AC9M2N04","Addition and Subtraction Strategies","practice","placeholder","AC9M2N04-P-030","","","","","","","","Add practice question 30 of 48 for AC9M2N04."
"AC9M2N04","Addition and Subtraction Strategies","practice","placeholder","AC9M2N04-P-031","","","","","","","","Add practice question 31 of 48 for AC9M2N04."
"AC9M2N04","Addition and Subtraction Strategies","practice","placeholder","AC9M2N04-P-032","","","","","","","","Add practice question 32 of 48 for AC9M2N04."
"AC9M2N04","Addition and Subtraction Strategies","practice","placeholder","AC9M2N04-P-033","","","","","","","","Add practice question 33 of 48 for AC9M2N04."
"AC9M2N04","Addition and Subtraction Strategies","practice","placeholder","AC9M2N04-P-034","","","","","","","","Add practice question 34 of 48 for AC9M2N04."
"AC9M2N04","Addition and Subtraction Strategies","practice","placeholder","AC9M2N04-P-035","","","","","","","","Add practice question 35 of 48 for AC9M2N04."
"AC9M2N04","Addition and Subtraction Strategies","practice","placeholder","AC9M2N04-P-036","","","","","","","","Add practice question 36 of 48 for AC9M2N04."
"AC9M2N04","Addition and Subtraction Strategies","practice","placeholder","AC9M2N04-P-037","","","","","","","","Add practice question 37 of 48 for AC9M2N04."
"AC9M2N04","Addition and Subtraction Strategies","practice","placeholder","AC9M2N04-P-038","","","","","","","","Add practice question 38 of 48 for AC9M2N04."
"AC9M2N04","Addition and Subtraction Strategies","practice","placeholder","AC9M2N04-P-039","","","","","","","","Add practice question 39 of 48 for AC9M2N04."
"AC9M2N04","Addition and Subtraction Strategies","practice","placeholder","AC9M2N04-P-040","","","","","","","","Add practice question 40 of 48 for AC9M2N04."
"AC9M2N04","Addition and Subtraction Strategies","practice","placeholder","AC9M2N04-P-041","","","","","","","","Add practice question 41 of 48 for AC9M2N04."
"AC9M2N04","Addition and Subtraction Strategies","practice","placeholder","AC9M2N04-P-042","","","","","","","","Add practice question 42 of 48 for AC9M2N04."
"AC9M2N04","Addition and Subtraction Strategies","practice","placeholder","AC9M2N04-P-043","","","","","","","","Add practice question 43 of 48 for AC9M2N04."
"AC9M2N04","Addition and Subtraction Strategies","practice","placeholder","AC9M2N04-P-044","","","","","","","","Add practice question 44 of 48 for AC9M2N04."
"AC9M2N04","Addition and Subtraction Strategies","practice","placeholder","AC9M2N04-P-045","","","","","","","","Add practice question 45 of 48 for AC9M2N04."
"AC9M2N04","Addition and Subtraction Strategies","practice","placeholder","AC9M2N04-P-046","","","","","","","","Add practice question 46 of 48 for AC9M2N04."
"AC9M2N04","Addition and Subtraction Strategies","practice","placeholder","AC9M2N04-P-047","","","","","","","","Add practice question 47 of 48 for AC9M2N04."
"AC9M2N04","Addition and Subtraction Strategies","practice","placeholder","AC9M2N04-P-048","","","","","","","","Add practice question 48 of 48 for AC9M2N04."
"AC9M2N04","Addition and Subtraction Strategies","test","existing","AC9M2N04-T-001","In the playground story, what is 45 + 19?","A. 54 | B. 65 | C. 64","64","Add tens and ones: 45 + 19 = 64. Hint: Partition both numbers into tens and ones.","","","",""
"AC9M2N04","Addition and Subtraction Strategies","test","existing","AC9M2N04-T-002","In the playground story, what is 72 − 19?","A. 53 | B. 72 | C. 52","53","Take away 19: 72 − 19 = 53. Hint: Subtract the tens, then the ones.","","","",""
"AC9M2N04","Addition and Subtraction Strategies","test","existing","AC9M2N04-T-003","In the playground story, use partitioning. What is 40 + 19?","A. 49 | B. 59 | C. 69","59","40 + 19 = 40 + 10 + 9 = 59. Hint: Add the tens, add the ones, then combine.","","","",""
"AC9M2N04","Addition and Subtraction Strategies","test","existing","AC9M2N04-T-004","In the playground story, there are 57 stickers. 21 are used. How many are left?","A. 78 | B. 46 | C. 36","36","The stickers are taken away, so 57 − 21 = 36. Hint: Start with the whole and subtract the used part.","","","",""
"AC9M2N04","Addition and Subtraction Strategies","test","existing","AC9M2N04-T-005","In the playground story, 20 children are inside. There are 57 children altogether. How many are outside?","A. 37 | B. 77 | C. 36","37","The missing part is 57 − 20 = 37. Hint: Use whole minus known part.","","","",""
"AC9M2N04","Addition and Subtraction Strategies","test","existing","AC9M2N04-T-006","In the playground story, which number sentence checks 64 − 19 = 45?","A. 45 − 19 = 26 | B. 45 + 19 = 64 | C. 64 + 19 = 83","45 + 19 = 64","Addition checks subtraction by joining the two parts back to the whole. Hint: Use the answer and the amount taken away.","","","",""
"AC9M2N04","Addition and Subtraction Strategies","test","existing","AC9M2N04-T-007","In the playground story, which is a helpful way to solve 51 + 19?","A. Add 10, then take away 1 | B. Take away 20, then add 1 | C. Add 20, then take away 1","Add 20, then take away 1","Because 19 is one less than 20, add 20 then subtract 1. Hint: Use a nearby friendly number.","","","",""
"AC9M2N04","Addition and Subtraction Strategies","test","existing","AC9M2N04-T-008","In the playground story, a box has 45 red pencils and 19 blue pencils. How many pencils are there altogether?","A. 64 | B. 26 | C. 74","64","Altogether means join the groups: 45 + 19 = 64. Hint: Look for whether the story joins or separates amounts.","","","",""
"AC9M2N04","Addition and Subtraction Strategies","test","existing","AC9M2N04-T-009","At the number-line station, what is 52 + 21?","A. 63 | B. 73 | C. 74","73","Add tens and ones: 52 + 21 = 73. Hint: Partition both numbers into tens and ones.","","","",""
"AC9M2N04","Addition and Subtraction Strategies","test","existing","AC9M2N04-T-010","At the number-line station, what is 81 − 21?","A. 81 | B. 59 | C. 60","60","Take away 21: 81 − 21 = 60. Hint: Subtract the tens, then the ones.","","","",""
"AC9M2N04","Addition and Subtraction Strategies","test","existing","AC9M2N04-T-011","At the number-line station, use partitioning. What is 44 + 20?","A. 64 | B. 54 | C. 74","64","44 + 20 = 40 + 20 + 4 = 64. Hint: Add the tens, add the ones, then combine.","","","",""
"AC9M2N04","Addition and Subtraction Strategies","test","existing","AC9M2N04-T-012","At the number-line station, there are 62 stickers. 22 are used. How many are left?","A. 84 | B. 40 | C. 50","40","The stickers are taken away, so 62 − 22 = 40. Hint: Start with the whole and subtract the used part.","","","",""
"AC9M2N04","Addition and Subtraction Strategies","test","existing","AC9M2N04-T-013","At the number-line station, 21 children are inside. There are 60 children altogether. How many are outside?","A. 81 | B. 38 | C. 39","39","The missing part is 60 − 21 = 39. Hint: Use whole minus known part.","","","",""
"AC9M2N04","Addition and Subtraction Strategies","test","existing","AC9M2N04-T-014","At the number-line station, which number sentence checks 73 − 21 = 52?","A. 52 + 21 = 73 | B. 52 − 21 = 31 | C. 73 + 21 = 94","52 + 21 = 73","Addition checks subtraction by joining the two parts back to the whole. Hint: Use the answer and the amount taken away.","","","",""
"AC9M2N04","Addition and Subtraction Strategies","test","existing","AC9M2N04-T-015","At the number-line station, which is a helpful way to solve 55 + 19?","A. Add 10, then take away 1 | B. Add 20, then take away 1 | C. Take away 20, then add 1","Add 20, then take away 1","Because 19 is one less than 20, add 20 then subtract 1. Hint: Use a nearby friendly number.","","","",""
"AC9M2N04","Addition and Subtraction Strategies","test","existing","AC9M2N04-T-016","At the number-line station, a box has 52 red pencils and 21 blue pencils. How many pencils are there altogether?","A. 31 | B. 83 | C. 73","73","Altogether means join the groups: 52 + 21 = 73. Hint: Look for whether the story joins or separates amounts.","","","",""
"AC9M2N05","Equal Groups, Arrays, Multiplication and Division","practice","existing","AC9M2N05-P-001","With the counter groups, how many counters are in 2 equal groups of 2?","A. 4 | B. 3 | C. 6","4","2 groups of 2 make 4. Hint: Add 2 once for each group.","","","",""
"AC9M2N05","Equal Groups, Arrays, Multiplication and Division","practice","existing","AC9M2N05-P-002","With the counter groups, which repeated addition matches 2 groups of 2?","A. 2 + 2 + 1 | B. 2 + 2 | C. 4 − 2","2 + 2","Repeat 2 once for every group: 2 + 2. Hint: The number in each group is the addend.","","","",""
"AC9M2N05","Equal Groups, Arrays, Multiplication and Division","practice","existing","AC9M2N05-P-003","With the counter groups, 4 counters are shared equally into 2 groups. How many go in each group?","A. 3 | B. 1 | C. 2","2","4 ÷ 2 = 2, so each group gets 2. Hint: Share one counter to every group until none are left.","","","",""
"AC9M2N05","Equal Groups, Arrays, Multiplication and Division","practice","existing","AC9M2N05-P-004","With the counter groups, an array has 2 rows with 2 dots in each row. How many dots are there?","A. 4 | B. 3 | C. 6","4","Each of the 2 rows has 2 dots, so there are 4. Hint: Skip-count by 2 for every row.","","","",""
"AC9M2N05","Equal Groups, Arrays, Multiplication and Division","practice","existing","AC9M2N05-P-005","With the counter groups, which groups can show multiplication?","A. Groups with different amounts | B. Groups with the same number in each | C. One group with no objects","Groups with the same number in each","Multiplication uses equal groups. Hint: Compare every group before you count the total.","","","",""
"AC9M2N05","Equal Groups, Arrays, Multiplication and Division","practice","existing","AC9M2N05-P-006","With the counter groups, 6 biscuits are packed 2 in each bag. How many bags are needed?","A. 2 | B. 4 | C. 3","3","6 divided into groups of 2 makes 3 bags. Hint: Circle groups of 2 and count the circles.","","","",""
"AC9M2N05","Equal Groups, Arrays, Multiplication and Division","practice","existing","AC9M2N05-P-007","With the counter groups, which number sentence matches the model?","A. 2 × 2 = 4 | B. 2 + 2 = 4 | C. 4 − 2 = 2","2 × 2 = 4","The model has 2 equal groups of 2, giving 4. Hint: Count the groups and the amount in each group.","","","",""
"AC9M2N05","Equal Groups, Arrays, Multiplication and Division","practice","existing","AC9M2N05-P-008","With the counter groups, are groups of 2, 2 and 3 equal groups?","A. Yes | B. No | C. Only if they are in a row","No","One group has 3, so the groups are not equal. Hint: Count every group, not just the first two.","","","",""
"AC9M2N05","Equal Groups, Arrays, Multiplication and Division","practice","existing","AC9M2N05-P-009","At the biscuit table, how many counters are in 3 equal groups of 3?","A. 8 | B. 12 | C. 9","9","3 groups of 3 make 9. Hint: Add 3 once for each group.","","","",""
"AC9M2N05","Equal Groups, Arrays, Multiplication and Division","practice","existing","AC9M2N05-P-010","At the biscuit table, which repeated addition matches 3 groups of 3?","A. 3 + 3 + 3 | B. 3 + 3 + 3 + 1 | C. 9 − 3","3 + 3 + 3","Repeat 3 once for every group: 3 + 3 + 3. Hint: The number in each group is the addend.","","","",""
"AC9M2N05","Equal Groups, Arrays, Multiplication and Division","practice","existing","AC9M2N05-P-011","At the biscuit table, 9 counters are shared equally into 3 groups. How many go in each group?","A. 4 | B. 3 | C. 2","3","9 ÷ 3 = 3, so each group gets 3. Hint: Share one counter to every group until none are left.","","","",""
"AC9M2N05","Equal Groups, Arrays, Multiplication and Division","practice","existing","AC9M2N05-P-012","At the biscuit table, an array has 3 rows with 3 dots in each row. How many dots are there?","A. 8 | B. 12 | C. 9","9","Each of the 3 rows has 3 dots, so there are 9. Hint: Skip-count by 3 for every row.","","","",""
"AC9M2N05","Equal Groups, Arrays, Multiplication and Division","practice","existing","AC9M2N05-P-013","At the biscuit table, which groups can show multiplication?","A. Groups with the same number in each | B. Groups with different amounts | C. One group with no objects","Groups with the same number in each","Multiplication uses equal groups. Hint: Compare every group before you count the total.","","","",""
"AC9M2N05","Equal Groups, Arrays, Multiplication and Division","practice","existing","AC9M2N05-P-014","At the biscuit table, 12 biscuits are packed 3 in each bag. How many bags are needed?","A. 3 | B. 4 | C. 5","4","12 divided into groups of 3 makes 4 bags. Hint: Circle groups of 3 and count the circles.","","","",""
"AC9M2N05","Equal Groups, Arrays, Multiplication and Division","practice","existing","AC9M2N05-P-015","At the biscuit table, which number sentence matches the model?","A. 3 + 3 = 6 | B. 9 − 3 = 6 | C. 3 × 3 = 9","3 × 3 = 9","The model has 3 equal groups of 3, giving 9. Hint: Count the groups and the amount in each group.","","","",""
"AC9M2N05","Equal Groups, Arrays, Multiplication and Division","practice","existing","AC9M2N05-P-016","At the biscuit table, are groups of 3, 3 and 4 equal groups?","A. No | B. Yes | C. Only if they are in a row","No","One group has 4, so the groups are not equal. Hint: Count every group, not just the first two.","","","",""
"AC9M2N05","Equal Groups, Arrays, Multiplication and Division","practice","existing","AC9M2N05-P-017","In the array game, how many counters are in 4 equal groups of 4?","A. 15 | B. 16 | C. 20","16","4 groups of 4 make 16. Hint: Add 4 once for each group.","","","",""
"AC9M2N05","Equal Groups, Arrays, Multiplication and Division","practice","existing","AC9M2N05-P-018","In the array game, which repeated addition matches 4 groups of 4?","A. 4 + 4 + 4 + 4 + 1 | B. 16 − 4 | C. 4 + 4 + 4 + 4","4 + 4 + 4 + 4","Repeat 4 once for every group: 4 + 4 + 4 + 4. Hint: The number in each group is the addend.","","","",""
"AC9M2N05","Equal Groups, Arrays, Multiplication and Division","practice","existing","AC9M2N05-P-019","In the array game, 16 counters are shared equally into 4 groups. How many go in each group?","A. 4 | B. 5 | C. 3","4","16 ÷ 4 = 4, so each group gets 4. Hint: Share one counter to every group until none are left.","","","",""
"AC9M2N05","Equal Groups, Arrays, Multiplication and Division","practice","existing","AC9M2N05-P-020","In the array game, an array has 4 rows with 4 dots in each row. How many dots are there?","A. 15 | B. 16 | C. 20","16","Each of the 4 rows has 4 dots, so there are 16. Hint: Skip-count by 4 for every row.","","","",""
"AC9M2N05","Equal Groups, Arrays, Multiplication and Division","practice","existing","AC9M2N05-P-021","In the array game, which groups can show multiplication?","A. Groups with different amounts | B. One group with no objects | C. Groups with the same number in each","Groups with the same number in each","Multiplication uses equal groups. Hint: Compare every group before you count the total.","","","",""
"AC9M2N05","Equal Groups, Arrays, Multiplication and Division","practice","existing","AC9M2N05-P-022","In the array game, 20 biscuits are packed 4 in each bag. How many bags are needed?","A. 5 | B. 4 | C. 6","5","20 divided into groups of 4 makes 5 bags. Hint: Circle groups of 4 and count the circles.","","","",""
"AC9M2N05","Equal Groups, Arrays, Multiplication and Division","practice","existing","AC9M2N05-P-023","In the array game, which number sentence matches the model?","A. 4 + 4 = 8 | B. 4 × 4 = 16 | C. 16 − 4 = 12","4 × 4 = 16","The model has 4 equal groups of 4, giving 16. Hint: Count the groups and the amount in each group.","","","",""
"AC9M2N05","Equal Groups, Arrays, Multiplication and Division","practice","existing","AC9M2N05-P-024","In the array game, are groups of 4, 4 and 5 equal groups?","A. Yes | B. Only if they are in a row | C. No","No","One group has 5, so the groups are not equal. Hint: Count every group, not just the first two.","","","",""
"AC9M2N05","Equal Groups, Arrays, Multiplication and Division","practice","placeholder","AC9M2N05-P-025","","","","","","","","Add practice question 25 of 48 for AC9M2N05."
"AC9M2N05","Equal Groups, Arrays, Multiplication and Division","practice","placeholder","AC9M2N05-P-026","","","","","","","","Add practice question 26 of 48 for AC9M2N05."
"AC9M2N05","Equal Groups, Arrays, Multiplication and Division","practice","placeholder","AC9M2N05-P-027","","","","","","","","Add practice question 27 of 48 for AC9M2N05."
"AC9M2N05","Equal Groups, Arrays, Multiplication and Division","practice","placeholder","AC9M2N05-P-028","","","","","","","","Add practice question 28 of 48 for AC9M2N05."
"AC9M2N05","Equal Groups, Arrays, Multiplication and Division","practice","placeholder","AC9M2N05-P-029","","","","","","","","Add practice question 29 of 48 for AC9M2N05."
"AC9M2N05","Equal Groups, Arrays, Multiplication and Division","practice","placeholder","AC9M2N05-P-030","","","","","","","","Add practice question 30 of 48 for AC9M2N05."
"AC9M2N05","Equal Groups, Arrays, Multiplication and Division","practice","placeholder","AC9M2N05-P-031","","","","","","","","Add practice question 31 of 48 for AC9M2N05."
"AC9M2N05","Equal Groups, Arrays, Multiplication and Division","practice","placeholder","AC9M2N05-P-032","","","","","","","","Add practice question 32 of 48 for AC9M2N05."
"AC9M2N05","Equal Groups, Arrays, Multiplication and Division","practice","placeholder","AC9M2N05-P-033","","","","","","","","Add practice question 33 of 48 for AC9M2N05."
"AC9M2N05","Equal Groups, Arrays, Multiplication and Division","practice","placeholder","AC9M2N05-P-034","","","","","","","","Add practice question 34 of 48 for AC9M2N05."
"AC9M2N05","Equal Groups, Arrays, Multiplication and Division","practice","placeholder","AC9M2N05-P-035","","","","","","","","Add practice question 35 of 48 for AC9M2N05."
"AC9M2N05","Equal Groups, Arrays, Multiplication and Division","practice","placeholder","AC9M2N05-P-036","","","","","","","","Add practice question 36 of 48 for AC9M2N05."
"AC9M2N05","Equal Groups, Arrays, Multiplication and Division","practice","placeholder","AC9M2N05-P-037","","","","","","","","Add practice question 37 of 48 for AC9M2N05."
"AC9M2N05","Equal Groups, Arrays, Multiplication and Division","practice","placeholder","AC9M2N05-P-038","","","","","","","","Add practice question 38 of 48 for AC9M2N05."
"AC9M2N05","Equal Groups, Arrays, Multiplication and Division","practice","placeholder","AC9M2N05-P-039","","","","","","","","Add practice question 39 of 48 for AC9M2N05."
"AC9M2N05","Equal Groups, Arrays, Multiplication and Division","practice","placeholder","AC9M2N05-P-040","","","","","","","","Add practice question 40 of 48 for AC9M2N05."
"AC9M2N05","Equal Groups, Arrays, Multiplication and Division","practice","placeholder","AC9M2N05-P-041","","","","","","","","Add practice question 41 of 48 for AC9M2N05."
"AC9M2N05","Equal Groups, Arrays, Multiplication and Division","practice","placeholder","AC9M2N05-P-042","","","","","","","","Add practice question 42 of 48 for AC9M2N05."
"AC9M2N05","Equal Groups, Arrays, Multiplication and Division","practice","placeholder","AC9M2N05-P-043","","","","","","","","Add practice question 43 of 48 for AC9M2N05."
"AC9M2N05","Equal Groups, Arrays, Multiplication and Division","practice","placeholder","AC9M2N05-P-044","","","","","","","","Add practice question 44 of 48 for AC9M2N05."
"AC9M2N05","Equal Groups, Arrays, Multiplication and Division","practice","placeholder","AC9M2N05-P-045","","","","","","","","Add practice question 45 of 48 for AC9M2N05."
"AC9M2N05","Equal Groups, Arrays, Multiplication and Division","practice","placeholder","AC9M2N05-P-046","","","","","","","","Add practice question 46 of 48 for AC9M2N05."
"AC9M2N05","Equal Groups, Arrays, Multiplication and Division","practice","placeholder","AC9M2N05-P-047","","","","","","","","Add practice question 47 of 48 for AC9M2N05."
"AC9M2N05","Equal Groups, Arrays, Multiplication and Division","practice","placeholder","AC9M2N05-P-048","","","","","","","","Add practice question 48 of 48 for AC9M2N05."
"AC9M2N05","Equal Groups, Arrays, Multiplication and Division","test","existing","AC9M2N05-T-001","At the sharing station, how many counters are in 5 equal groups of 2?","A. 10 | B. 9 | C. 12","10","5 groups of 2 make 10. Hint: Add 2 once for each group.","","","",""
"AC9M2N05","Equal Groups, Arrays, Multiplication and Division","test","existing","AC9M2N05-T-002","At the sharing station, which repeated addition matches 5 groups of 2?","A. 5 + 5 + 1 | B. 2 + 2 + 2 + 2 + 2 | C. 10 − 2","2 + 2 + 2 + 2 + 2","Repeat 2 once for every group: 2 + 2 + 2 + 2 + 2. Hint: The number in each group is the addend.","","","",""
"AC9M2N05","Equal Groups, Arrays, Multiplication and Division","test","existing","AC9M2N05-T-003","At the sharing station, 10 counters are shared equally into 5 groups. How many go in each group?","A. 3 | B. 1 | C. 2","2","10 ÷ 5 = 2, so each group gets 2. Hint: Share one counter to every group until none are left.","","","",""
"AC9M2N05","Equal Groups, Arrays, Multiplication and Division","test","existing","AC9M2N05-T-004","At the sharing station, an array has 5 rows with 2 dots in each row. How many dots are there?","A. 10 | B. 9 | C. 15","10","Each of the 5 rows has 2 dots, so there are 10. Hint: Skip-count by 2 for every row.","","","",""
"AC9M2N05","Equal Groups, Arrays, Multiplication and Division","test","existing","AC9M2N05-T-005","At the sharing station, which groups can show multiplication?","A. Groups with different amounts | B. Groups with the same number in each | C. One group with no objects","Groups with the same number in each","Multiplication uses equal groups. Hint: Compare every group before you count the total.","","","",""
"AC9M2N05","Equal Groups, Arrays, Multiplication and Division","test","existing","AC9M2N05-T-006","At the sharing station, 12 biscuits are packed 2 in each bag. How many bags are needed?","A. 5 | B. 7 | C. 6","6","12 divided into groups of 2 makes 6 bags. Hint: Circle groups of 2 and count the circles.","","","",""
"AC9M2N05","Equal Groups, Arrays, Multiplication and Division","test","existing","AC9M2N05-T-007","At the sharing station, which number sentence matches the model?","A. 5 × 2 = 10 | B. 5 + 2 = 7 | C. 10 − 2 = 8","5 × 2 = 10","The model has 5 equal groups of 2, giving 10. Hint: Count the groups and the amount in each group.","","","",""
"AC9M2N05","Equal Groups, Arrays, Multiplication and Division","test","existing","AC9M2N05-T-008","At the sharing station, are groups of 2, 2 and 3 equal groups?","A. Yes | B. No | C. Only if they are in a row","No","One group has 3, so the groups are not equal. Hint: Count every group, not just the first two.","","","",""
"AC9M2N05","Equal Groups, Arrays, Multiplication and Division","test","existing","AC9M2N05-T-009","With the marble bags, how many counters are in 6 equal groups of 3?","A. 17 | B. 21 | C. 18","18","6 groups of 3 make 18. Hint: Add 3 once for each group.","","","",""
"AC9M2N05","Equal Groups, Arrays, Multiplication and Division","test","existing","AC9M2N05-T-010","With the marble bags, which repeated addition matches 6 groups of 3?","A. 3 + 3 + 3 + 3 + 3 + 3 | B. 6 + 6 + 6 + 1 | C. 18 − 3","3 + 3 + 3 + 3 + 3 + 3","Repeat 3 once for every group: 3 + 3 + 3 + 3 + 3 + 3. Hint: The number in each group is the addend.","","","",""
"AC9M2N05","Equal Groups, Arrays, Multiplication and Division","test","existing","AC9M2N05-T-011","With the marble bags, 18 counters are shared equally into 6 groups. How many go in each group?","A. 4 | B. 3 | C. 2","3","18 ÷ 6 = 3, so each group gets 3. Hint: Share one counter to every group until none are left.","","","",""
"AC9M2N05","Equal Groups, Arrays, Multiplication and Division","test","existing","AC9M2N05-T-012","With the marble bags, an array has 6 rows with 3 dots in each row. How many dots are there?","A. 17 | B. 24 | C. 18","18","Each of the 6 rows has 3 dots, so there are 18. Hint: Skip-count by 3 for every row.","","","",""
"AC9M2N05","Equal Groups, Arrays, Multiplication and Division","test","existing","AC9M2N05-T-013","With the marble bags, which groups can show multiplication?","A. Groups with the same number in each | B. Groups with different amounts | C. One group with no objects","Groups with the same number in each","Multiplication uses equal groups. Hint: Compare every group before you count the total.","","","",""
"AC9M2N05","Equal Groups, Arrays, Multiplication and Division","test","existing","AC9M2N05-T-014","With the marble bags, 21 biscuits are packed 3 in each bag. How many bags are needed?","A. 6 | B. 7 | C. 8","7","21 divided into groups of 3 makes 7 bags. Hint: Circle groups of 3 and count the circles.","","","",""
"AC9M2N05","Equal Groups, Arrays, Multiplication and Division","test","existing","AC9M2N05-T-015","With the marble bags, which number sentence matches the model?","A. 6 + 3 = 9 | B. 18 − 3 = 15 | C. 6 × 3 = 18","6 × 3 = 18","The model has 6 equal groups of 3, giving 18. Hint: Count the groups and the amount in each group.","","","",""
"AC9M2N05","Equal Groups, Arrays, Multiplication and Division","test","existing","AC9M2N05-T-016","With the marble bags, are groups of 3, 3 and 4 equal groups?","A. No | B. Yes | C. Only if they are in a row","No","One group has 4, so the groups are not equal. Hint: Count every group, not just the first two.","","","",""
"AC9M2N06","Mathematical Modelling and Money Problems","practice","existing","AC9M2N06-P-001","In the class shop, a notebook costs $5 and a pen costs $3. How much do they cost altogether?","A. $2 | B. $8 | C. $9","$8","Join the two costs: $5 + $3 = $8. Hint: Altogether means add the amounts.","","","",""
"AC9M2N06","Mathematical Modelling and Money Problems","practice","existing","AC9M2N06-P-002","In the class shop, kai pays $20 for a toy that costs $8. How much change should Kai get?","A. $28 | B. $13 | C. $12","$12","Change is the amount left: $20 − $8 = $12. Hint: Start with the amount paid and subtract the cost.","","","",""
"AC9M2N06","Mathematical Modelling and Money Problems","practice","existing","AC9M2N06-P-003","In the class shop, there are 4 bags with 3 apples in each bag. Which operation finds all the apples?","A. Multiplication | B. Subtraction | C. Measuring length","Multiplication","Equal groups are modelled with multiplication: 4 groups of 3. Hint: Ask whether the story has equal groups.","","","",""
"AC9M2N06","Mathematical Modelling and Money Problems","practice","existing","AC9M2N06-P-004","In the class shop, 12 crayons are shared equally between 4 tables. How many crayons does each table get?","A. 4 | B. 3 | C. 8","3","12 ÷ 4 = 3, so every table gets 3. Hint: Share the crayons one at a time into 4 equal groups.","","","",""
"AC9M2N06","Mathematical Modelling and Money Problems","practice","existing","AC9M2N06-P-005","In the class shop, lina has 5 cards and gets 4 more. Which number sentence models the story?","A. 5 − 4 = 1 | B. 5 × 4 = 20 | C. 5 + 4 = 9","5 + 4 = 9","The cards join, so addition models the story. Hint: Look for the action: “gets more” means the amount increases.","","","",""
"AC9M2N06","Mathematical Modelling and Money Problems","practice","existing","AC9M2N06-P-006","In the class shop, a student says 4 bags of 3 marbles make 22 marbles. Does that answer make sense?","A. No, the total should be 12 | B. Yes, every multiplication answer is large | C. No, the total should be 7","No, the total should be 12","4 equal groups of 3 make 12, not 22. Hint: Build or draw the groups to check the answer.","","","",""
"AC9M2N06","Mathematical Modelling and Money Problems","practice","existing","AC9M2N06-P-007","In the class shop, which final sentence clearly answers a money problem?","A. The answer is 8. | B. The two items cost $8 altogether. | C. I used addition.","The two items cost $8 altogether.","A complete answer includes the number, dollars and what it means in the story. Hint: Name the amount and the situation in your final sentence.","","","",""
"AC9M2N06","Mathematical Modelling and Money Problems","practice","existing","AC9M2N06-P-008","In the class shop, which is a helpful first step for 4 boxes with 3 pencils in each?","A. Add every number you see | B. Guess a large answer | C. Draw 4 equal groups of 3","Draw 4 equal groups of 3","A drawing of the equal groups shows the situation before calculating. Hint: Represent the story, then choose the operation.","","","",""
"AC9M2N06","Mathematical Modelling and Money Problems","practice","existing","AC9M2N06-P-009","At the toy stall, a notebook costs $7 and a pen costs $4. How much do they cost altogether?","A. $11 | B. $3 | C. $12","$11","Join the two costs: $7 + $4 = $11. Hint: Altogether means add the amounts.","","","",""
"AC9M2N06","Mathematical Modelling and Money Problems","practice","existing","AC9M2N06-P-010","At the toy stall, kai pays $25 for a toy that costs $10. How much change should Kai get?","A. $35 | B. $15 | C. $16","$15","Change is the amount left: $25 − $10 = $15. Hint: Start with the amount paid and subtract the cost.","","","",""
"AC9M2N06","Mathematical Modelling and Money Problems","practice","existing","AC9M2N06-P-011","At the toy stall, there are 5 bags with 4 apples in each bag. Which operation finds all the apples?","A. Subtraction | B. Measuring length | C. Multiplication","Multiplication","Equal groups are modelled with multiplication: 5 groups of 4. Hint: Ask whether the story has equal groups.","","","",""
"AC9M2N06","Mathematical Modelling and Money Problems","practice","existing","AC9M2N06-P-012","At the toy stall, 20 crayons are shared equally between 5 tables. How many crayons does each table get?","A. 4 | B. 5 | C. 15","4","20 ÷ 5 = 4, so every table gets 4. Hint: Share the crayons one at a time into 5 equal groups.","","","",""
"AC9M2N06","Mathematical Modelling and Money Problems","practice","existing","AC9M2N06-P-013","At the toy stall, lina has 7 cards and gets 5 more. Which number sentence models the story?","A. 7 − 5 = 2 | B. 7 + 5 = 12 | C. 7 × 5 = 35","7 + 5 = 12","The cards join, so addition models the story. Hint: Look for the action: “gets more” means the amount increases.","","","",""
"AC9M2N06","Mathematical Modelling and Money Problems","practice","existing","AC9M2N06-P-014","At the toy stall, a student says 5 bags of 4 marbles make 30 marbles. Does that answer make sense?","A. Yes, every multiplication answer is large | B. No, the total should be 9 | C. No, the total should be 20","No, the total should be 20","5 equal groups of 4 make 20, not 30. Hint: Build or draw the groups to check the answer.","","","",""
"AC9M2N06","Mathematical Modelling and Money Problems","practice","existing","AC9M2N06-P-015","At the toy stall, which final sentence clearly answers a money problem?","A. The two items cost $11 altogether. | B. The answer is 11. | C. I used addition.","The two items cost $11 altogether.","A complete answer includes the number, dollars and what it means in the story. Hint: Name the amount and the situation in your final sentence.","","","",""
"AC9M2N06","Mathematical Modelling and Money Problems","practice","existing","AC9M2N06-P-016","At the toy stall, which is a helpful first step for 5 boxes with 4 pencils in each?","A. Add every number you see | B. Draw 5 equal groups of 4 | C. Guess a large answer","Draw 5 equal groups of 4","A drawing of the equal groups shows the situation before calculating. Hint: Represent the story, then choose the operation.","","","",""
"AC9M2N06","Mathematical Modelling and Money Problems","practice","existing","AC9M2N06-P-017","During the fruit order, a notebook costs $9 and a pen costs $5. How much do they cost altogether?","A. $4 | B. $15 | C. $14","$14","Join the two costs: $9 + $5 = $14. Hint: Altogether means add the amounts.","","","",""
"AC9M2N06","Mathematical Modelling and Money Problems","practice","existing","AC9M2N06-P-018","During the fruit order, kai pays $30 for a toy that costs $12. How much change should Kai get?","A. $18 | B. $42 | C. $19","$18","Change is the amount left: $30 − $12 = $18. Hint: Start with the amount paid and subtract the cost.","","","",""
"AC9M2N06","Mathematical Modelling and Money Problems","practice","existing","AC9M2N06-P-019","During the fruit order, there are 6 bags with 5 apples in each bag. Which operation finds all the apples?","A. Subtraction | B. Multiplication | C. Measuring length","Multiplication","Equal groups are modelled with multiplication: 6 groups of 5. Hint: Ask whether the story has equal groups.","","","",""
"AC9M2N06","Mathematical Modelling and Money Problems","practice","existing","AC9M2N06-P-020","During the fruit order, 30 crayons are shared equally between 6 tables. How many crayons does each table get?","A. 6 | B. 24 | C. 5","5","30 ÷ 6 = 5, so every table gets 5. Hint: Share the crayons one at a time into 6 equal groups.","","","",""
"AC9M2N06","Mathematical Modelling and Money Problems","practice","existing","AC9M2N06-P-021","During the fruit order, lina has 9 cards and gets 6 more. Which number sentence models the story?","A. 9 + 6 = 15 | B. 9 − 6 = 3 | C. 9 × 6 = 54","9 + 6 = 15","The cards join, so addition models the story. Hint: Look for the action: “gets more” means the amount increases.","","","",""
"AC9M2N06","Mathematical Modelling and Money Problems","practice","existing","AC9M2N06-P-022","During the fruit order, a student says 6 bags of 5 marbles make 40 marbles. Does that answer make sense?","A. Yes, every multiplication answer is large | B. No, the total should be 30 | C. No, the total should be 11","No, the total should be 30","6 equal groups of 5 make 30, not 40. Hint: Build or draw the groups to check the answer.","","","",""
"AC9M2N06","Mathematical Modelling and Money Problems","practice","existing","AC9M2N06-P-023","During the fruit order, which final sentence clearly answers a money problem?","A. The answer is 14. | B. I used addition. | C. The two items cost $14 altogether.","The two items cost $14 altogether.","A complete answer includes the number, dollars and what it means in the story. Hint: Name the amount and the situation in your final sentence.","","","",""
"AC9M2N06","Mathematical Modelling and Money Problems","practice","existing","AC9M2N06-P-024","During the fruit order, which is a helpful first step for 6 boxes with 5 pencils in each?","A. Draw 6 equal groups of 5 | B. Add every number you see | C. Guess a large answer","Draw 6 equal groups of 5","A drawing of the equal groups shows the situation before calculating. Hint: Represent the story, then choose the operation.","","","",""
"AC9M2N06","Mathematical Modelling and Money Problems","practice","placeholder","AC9M2N06-P-025","","","","","","","","Add practice question 25 of 48 for AC9M2N06."
"AC9M2N06","Mathematical Modelling and Money Problems","practice","placeholder","AC9M2N06-P-026","","","","","","","","Add practice question 26 of 48 for AC9M2N06."
"AC9M2N06","Mathematical Modelling and Money Problems","practice","placeholder","AC9M2N06-P-027","","","","","","","","Add practice question 27 of 48 for AC9M2N06."
"AC9M2N06","Mathematical Modelling and Money Problems","practice","placeholder","AC9M2N06-P-028","","","","","","","","Add practice question 28 of 48 for AC9M2N06."
"AC9M2N06","Mathematical Modelling and Money Problems","practice","placeholder","AC9M2N06-P-029","","","","","","","","Add practice question 29 of 48 for AC9M2N06."
"AC9M2N06","Mathematical Modelling and Money Problems","practice","placeholder","AC9M2N06-P-030","","","","","","","","Add practice question 30 of 48 for AC9M2N06."
"AC9M2N06","Mathematical Modelling and Money Problems","practice","placeholder","AC9M2N06-P-031","","","","","","","","Add practice question 31 of 48 for AC9M2N06."
"AC9M2N06","Mathematical Modelling and Money Problems","practice","placeholder","AC9M2N06-P-032","","","","","","","","Add practice question 32 of 48 for AC9M2N06."
"AC9M2N06","Mathematical Modelling and Money Problems","practice","placeholder","AC9M2N06-P-033","","","","","","","","Add practice question 33 of 48 for AC9M2N06."
"AC9M2N06","Mathematical Modelling and Money Problems","practice","placeholder","AC9M2N06-P-034","","","","","","","","Add practice question 34 of 48 for AC9M2N06."
"AC9M2N06","Mathematical Modelling and Money Problems","practice","placeholder","AC9M2N06-P-035","","","","","","","","Add practice question 35 of 48 for AC9M2N06."
"AC9M2N06","Mathematical Modelling and Money Problems","practice","placeholder","AC9M2N06-P-036","","","","","","","","Add practice question 36 of 48 for AC9M2N06."
"AC9M2N06","Mathematical Modelling and Money Problems","practice","placeholder","AC9M2N06-P-037","","","","","","","","Add practice question 37 of 48 for AC9M2N06."
"AC9M2N06","Mathematical Modelling and Money Problems","practice","placeholder","AC9M2N06-P-038","","","","","","","","Add practice question 38 of 48 for AC9M2N06."
"AC9M2N06","Mathematical Modelling and Money Problems","practice","placeholder","AC9M2N06-P-039","","","","","","","","Add practice question 39 of 48 for AC9M2N06."
"AC9M2N06","Mathematical Modelling and Money Problems","practice","placeholder","AC9M2N06-P-040","","","","","","","","Add practice question 40 of 48 for AC9M2N06."
"AC9M2N06","Mathematical Modelling and Money Problems","practice","placeholder","AC9M2N06-P-041","","","","","","","","Add practice question 41 of 48 for AC9M2N06."
"AC9M2N06","Mathematical Modelling and Money Problems","practice","placeholder","AC9M2N06-P-042","","","","","","","","Add practice question 42 of 48 for AC9M2N06."
"AC9M2N06","Mathematical Modelling and Money Problems","practice","placeholder","AC9M2N06-P-043","","","","","","","","Add practice question 43 of 48 for AC9M2N06."
"AC9M2N06","Mathematical Modelling and Money Problems","practice","placeholder","AC9M2N06-P-044","","","","","","","","Add practice question 44 of 48 for AC9M2N06."
"AC9M2N06","Mathematical Modelling and Money Problems","practice","placeholder","AC9M2N06-P-045","","","","","","","","Add practice question 45 of 48 for AC9M2N06."
"AC9M2N06","Mathematical Modelling and Money Problems","practice","placeholder","AC9M2N06-P-046","","","","","","","","Add practice question 46 of 48 for AC9M2N06."
"AC9M2N06","Mathematical Modelling and Money Problems","practice","placeholder","AC9M2N06-P-047","","","","","","","","Add practice question 47 of 48 for AC9M2N06."
"AC9M2N06","Mathematical Modelling and Money Problems","practice","placeholder","AC9M2N06-P-048","","","","","","","","Add practice question 48 of 48 for AC9M2N06."
"AC9M2N06","Mathematical Modelling and Money Problems","test","existing","AC9M2N06-T-001","At the crayon table, a notebook costs $11 and a pen costs $3. How much do they cost altogether?","A. $8 | B. $14 | C. $15","$14","Join the two costs: $11 + $3 = $14. Hint: Altogether means add the amounts.","","","",""
"AC9M2N06","Mathematical Modelling and Money Problems","test","existing","AC9M2N06-T-002","At the crayon table, kai pays $35 for a toy that costs $14. How much change should Kai get?","A. $49 | B. $22 | C. $21","$21","Change is the amount left: $35 − $14 = $21. Hint: Start with the amount paid and subtract the cost.","","","",""
"AC9M2N06","Mathematical Modelling and Money Problems","test","existing","AC9M2N06-T-003","At the crayon table, there are 7 bags with 3 apples in each bag. Which operation finds all the apples?","A. Multiplication | B. Subtraction | C. Measuring length","Multiplication","Equal groups are modelled with multiplication: 7 groups of 3. Hint: Ask whether the story has equal groups.","","","",""
"AC9M2N06","Mathematical Modelling and Money Problems","test","existing","AC9M2N06-T-004","At the crayon table, 21 crayons are shared equally between 7 tables. How many crayons does each table get?","A. 7 | B. 3 | C. 14","3","21 ÷ 7 = 3, so every table gets 3. Hint: Share the crayons one at a time into 7 equal groups.","","","",""
"AC9M2N06","Mathematical Modelling and Money Problems","test","existing","AC9M2N06-T-005","At the crayon table, lina has 11 cards and gets 7 more. Which number sentence models the story?","A. 11 − 7 = 4 | B. 11 × 7 = 77 | C. 11 + 7 = 18","11 + 7 = 18","The cards join, so addition models the story. Hint: Look for the action: “gets more” means the amount increases.","","","",""
"AC9M2N06","Mathematical Modelling and Money Problems","test","existing","AC9M2N06-T-006","At the crayon table, a student says 7 bags of 3 marbles make 31 marbles. Does that answer make sense?","A. No, the total should be 21 | B. Yes, every multiplication answer is large | C. No, the total should be 10","No, the total should be 21","7 equal groups of 3 make 21, not 31. Hint: Build or draw the groups to check the answer.","","","",""
"AC9M2N06","Mathematical Modelling and Money Problems","test","existing","AC9M2N06-T-007","At the crayon table, which final sentence clearly answers a money problem?","A. The answer is 14. | B. The two items cost $14 altogether. | C. I used addition.","The two items cost $14 altogether.","A complete answer includes the number, dollars and what it means in the story. Hint: Name the amount and the situation in your final sentence.","","","",""
"AC9M2N06","Mathematical Modelling and Money Problems","test","existing","AC9M2N06-T-008","At the crayon table, which is a helpful first step for 7 boxes with 3 pencils in each?","A. Add every number you see | B. Guess a large answer | C. Draw 7 equal groups of 3","Draw 7 equal groups of 3","A drawing of the equal groups shows the situation before calculating. Hint: Represent the story, then choose the operation.","","","",""
"AC9M2N06","Mathematical Modelling and Money Problems","test","existing","AC9M2N06-T-009","In the school-fair challenge, a notebook costs $13 and a pen costs $4. How much do they cost altogether?","A. $17 | B. $9 | C. $18","$17","Join the two costs: $13 + $4 = $17. Hint: Altogether means add the amounts.","","","",""
"AC9M2N06","Mathematical Modelling and Money Problems","test","existing","AC9M2N06-T-010","In the school-fair challenge, kai pays $40 for a toy that costs $16. How much change should Kai get?","A. $56 | B. $24 | C. $25","$24","Change is the amount left: $40 − $16 = $24. Hint: Start with the amount paid and subtract the cost.","","","",""
"AC9M2N06","Mathematical Modelling and Money Problems","test","existing","AC9M2N06-T-011","In the school-fair challenge, there are 8 bags with 4 apples in each bag. Which operation finds all the apples?","A. Subtraction | B. Measuring length | C. Multiplication","Multiplication","Equal groups are modelled with multiplication: 8 groups of 4. Hint: Ask whether the story has equal groups.","","","",""
"AC9M2N06","Mathematical Modelling and Money Problems","test","existing","AC9M2N06-T-012","In the school-fair challenge, 32 crayons are shared equally between 8 tables. How many crayons does each table get?","A. 4 | B. 8 | C. 24","4","32 ÷ 8 = 4, so every table gets 4. Hint: Share the crayons one at a time into 8 equal groups.","","","",""
"AC9M2N06","Mathematical Modelling and Money Problems","test","existing","AC9M2N06-T-013","In the school-fair challenge, lina has 13 cards and gets 8 more. Which number sentence models the story?","A. 13 − 8 = 5 | B. 13 + 8 = 21 | C. 13 × 8 = 104","13 + 8 = 21","The cards join, so addition models the story. Hint: Look for the action: “gets more” means the amount increases.","","","",""
"AC9M2N06","Mathematical Modelling and Money Problems","test","existing","AC9M2N06-T-014","In the school-fair challenge, a student says 8 bags of 4 marbles make 42 marbles. Does that answer make sense?","A. Yes, every multiplication answer is large | B. No, the total should be 12 | C. No, the total should be 32","No, the total should be 32","8 equal groups of 4 make 32, not 42. Hint: Build or draw the groups to check the answer.","","","",""
"AC9M2N06","Mathematical Modelling and Money Problems","test","existing","AC9M2N06-T-015","In the school-fair challenge, which final sentence clearly answers a money problem?","A. The two items cost $17 altogether. | B. The answer is 17. | C. I used addition.","The two items cost $17 altogether.","A complete answer includes the number, dollars and what it means in the story. Hint: Name the amount and the situation in your final sentence.","","","",""
"AC9M2N06","Mathematical Modelling and Money Problems","test","existing","AC9M2N06-T-016","In the school-fair challenge, which is a helpful first step for 8 boxes with 4 pencils in each?","A. Add every number you see | B. Draw 8 equal groups of 4 | C. Guess a large answer","Draw 8 equal groups of 4","A drawing of the equal groups shows the situation before calculating. Hint: Represent the story, then choose the operation.","","","",""
"AC9M2SP01","Classifying Shapes","practice","existing","AC9M2SP01-P-001","At the shape table, which shape has 3 straight sides?","A. rectangle | B. circle | C. triangle","triangle","A triangle has 3 straight sides. Hint: Trace the boundary and count each straight side once.","","","",""
"AC9M2SP01","Classifying Shapes","practice","existing","AC9M2SP01-P-002","At the shape table, which shape has no straight sides?","A. circle | B. triangle | C. rectangle","circle","A circle has one curved boundary and no straight sides. Hint: Trace around each shape and feel for straight edges.","","","",""
"AC9M2SP01","Classifying Shapes","practice","existing","AC9M2SP01-P-003","At the shape table, a triangle is turned sideways. What shape is it now?","A. circle | B. triangle | C. rectangle","triangle","Turning a shape does not change its sides or corners, so it is still a triangle. Hint: Count the features instead of judging the direction it points.","","","",""
"AC9M2SP01","Classifying Shapes","practice","existing","AC9M2SP01-P-004","At the shape table, which word describes two lines that stay the same distance apart?","A. curved | B. opposite | C. parallel","parallel","Parallel lines remain the same distance apart and do not meet. Hint: Think of straight train tracks.","","","",""
"AC9M2SP01","Classifying Shapes","practice","existing","AC9M2SP01-P-005","At the shape table, which sides of a rectangle face each other across the shape?","A. opposite sides | B. curved sides | C. one single side","opposite sides","Opposite sides are across from each other and do not share a corner. Hint: Point to one side, then look directly across the shape.","","","",""
"AC9M2SP01","Classifying Shapes","practice","existing","AC9M2SP01-P-006","At the shape table, which statement is true about a rectangle?","A. It has 3 straight sides | B. It has 4 straight sides | C. It has only a curved boundary","It has 4 straight sides","A rectangle has 4 straight sides and 4 corners. Hint: Count the sides instead of using the shape's size or position.","","","",""
"AC9M2SP01","Classifying Shapes","practice","existing","AC9M2SP01-P-007","At the shape table, which two shapes belong together because both have 4 straight sides?","A. triangle and circle | B. circle and hexagon | C. square and rectangle","square and rectangle","Both a square and a rectangle have 4 straight sides. Hint: Choose one feature and check it on both shapes.","","","",""
"AC9M2SP01","Classifying Shapes","practice","existing","AC9M2SP01-P-008","At the shape table, why is a circle not in the straight-sided shape group?","A. Its boundary is curved | B. It is too small | C. It is facing the wrong way","Its boundary is curved","A circle has a curved boundary, unlike polygons with straight sides. Hint: Use a visible feature, not colour, size or direction.","","","",""
"AC9M2SP01","Classifying Shapes","practice","existing","AC9M2SP01-P-009","In the block corner, which shape has 4 straight sides?","A. triangle | B. rectangle | C. circle","rectangle","A rectangle has 4 straight sides. Hint: Trace the boundary and count each straight side once.","","","",""
"AC9M2SP01","Classifying Shapes","practice","existing","AC9M2SP01-P-010","In the block corner, which shape has no straight sides?","A. triangle | B. rectangle | C. circle","circle","A circle has one curved boundary and no straight sides. Hint: Trace around each shape and feel for straight edges.","","","",""
"AC9M2SP01","Classifying Shapes","practice","existing","AC9M2SP01-P-011","In the block corner, a rectangle is turned sideways. What shape is it now?","A. rectangle | B. circle | C. triangle","rectangle","Turning a shape does not change its sides or corners, so it is still a rectangle. Hint: Count the features instead of judging the direction it points.","","","",""
"AC9M2SP01","Classifying Shapes","practice","existing","AC9M2SP01-P-012","In the block corner, which word describes two lines that stay the same distance apart?","A. curved | B. parallel | C. opposite","parallel","Parallel lines remain the same distance apart and do not meet. Hint: Think of straight train tracks.","","","",""
"AC9M2SP01","Classifying Shapes","practice","existing","AC9M2SP01-P-013","In the block corner, which sides of a rectangle face each other across the shape?","A. curved sides | B. one single side | C. opposite sides","opposite sides","Opposite sides are across from each other and do not share a corner. Hint: Point to one side, then look directly across the shape.","","","",""
"AC9M2SP01","Classifying Shapes","practice","existing","AC9M2SP01-P-014","In the block corner, which statement is true about a rectangle?","A. It has 4 straight sides | B. It has 3 straight sides | C. It has only a curved boundary","It has 4 straight sides","A rectangle has 4 straight sides and 4 corners. Hint: Count the sides instead of using the shape's size or position.","","","",""
"AC9M2SP01","Classifying Shapes","practice","existing","AC9M2SP01-P-015","In the block corner, which two shapes belong together because both have 4 straight sides?","A. triangle and circle | B. square and rectangle | C. circle and hexagon","square and rectangle","Both a square and a rectangle have 4 straight sides. Hint: Choose one feature and check it on both shapes.","","","",""
"AC9M2SP01","Classifying Shapes","practice","existing","AC9M2SP01-P-016","In the block corner, why is a circle not in the straight-sided shape group?","A. It is too small | B. It is facing the wrong way | C. Its boundary is curved","Its boundary is curved","A circle has a curved boundary, unlike polygons with straight sides. Hint: Use a visible feature, not colour, size or direction.","","","",""
"AC9M2SP01","Classifying Shapes","practice","existing","AC9M2SP01-P-017","With the shape cards, which shape has 6 straight sides?","A. hexagon | B. triangle | C. circle","hexagon","A hexagon has 6 straight sides. Hint: Trace the boundary and count each straight side once.","","","",""
"AC9M2SP01","Classifying Shapes","practice","existing","AC9M2SP01-P-018","With the shape cards, which shape has no straight sides?","A. triangle | B. circle | C. rectangle","circle","A circle has one curved boundary and no straight sides. Hint: Trace around each shape and feel for straight edges.","","","",""
"AC9M2SP01","Classifying Shapes","practice","existing","AC9M2SP01-P-019","With the shape cards, a hexagon is turned sideways. What shape is it now?","A. circle | B. triangle | C. hexagon","hexagon","Turning a shape does not change its sides or corners, so it is still a hexagon. Hint: Count the features instead of judging the direction it points.","","","",""
"AC9M2SP01","Classifying Shapes","practice","existing","AC9M2SP01-P-020","With the shape cards, which word describes two lines that stay the same distance apart?","A. parallel | B. curved | C. opposite","parallel","Parallel lines remain the same distance apart and do not meet. Hint: Think of straight train tracks.","","","",""
"AC9M2SP01","Classifying Shapes","practice","existing","AC9M2SP01-P-021","With the shape cards, which sides of a rectangle face each other across the shape?","A. curved sides | B. opposite sides | C. one single side","opposite sides","Opposite sides are across from each other and do not share a corner. Hint: Point to one side, then look directly across the shape.","","","",""
"AC9M2SP01","Classifying Shapes","practice","existing","AC9M2SP01-P-022","With the shape cards, which statement is true about a rectangle?","A. It has 3 straight sides | B. It has only a curved boundary | C. It has 4 straight sides","It has 4 straight sides","A rectangle has 4 straight sides and 4 corners. Hint: Count the sides instead of using the shape's size or position.","","","",""
"AC9M2SP01","Classifying Shapes","practice","existing","AC9M2SP01-P-023","With the shape cards, which two shapes belong together because both have 4 straight sides?","A. square and rectangle | B. triangle and circle | C. circle and hexagon","square and rectangle","Both a square and a rectangle have 4 straight sides. Hint: Choose one feature and check it on both shapes.","","","",""
"AC9M2SP01","Classifying Shapes","practice","existing","AC9M2SP01-P-024","With the shape cards, why is a circle not in the straight-sided shape group?","A. It is too small | B. Its boundary is curved | C. It is facing the wrong way","Its boundary is curved","A circle has a curved boundary, unlike polygons with straight sides. Hint: Use a visible feature, not colour, size or direction.","","","",""
"AC9M2SP01","Classifying Shapes","practice","placeholder","AC9M2SP01-P-025","","","","","","","","Add practice question 25 of 48 for AC9M2SP01."
"AC9M2SP01","Classifying Shapes","practice","placeholder","AC9M2SP01-P-026","","","","","","","","Add practice question 26 of 48 for AC9M2SP01."
"AC9M2SP01","Classifying Shapes","practice","placeholder","AC9M2SP01-P-027","","","","","","","","Add practice question 27 of 48 for AC9M2SP01."
"AC9M2SP01","Classifying Shapes","practice","placeholder","AC9M2SP01-P-028","","","","","","","","Add practice question 28 of 48 for AC9M2SP01."
"AC9M2SP01","Classifying Shapes","practice","placeholder","AC9M2SP01-P-029","","","","","","","","Add practice question 29 of 48 for AC9M2SP01."
"AC9M2SP01","Classifying Shapes","practice","placeholder","AC9M2SP01-P-030","","","","","","","","Add practice question 30 of 48 for AC9M2SP01."
"AC9M2SP01","Classifying Shapes","practice","placeholder","AC9M2SP01-P-031","","","","","","","","Add practice question 31 of 48 for AC9M2SP01."
"AC9M2SP01","Classifying Shapes","practice","placeholder","AC9M2SP01-P-032","","","","","","","","Add practice question 32 of 48 for AC9M2SP01."
"AC9M2SP01","Classifying Shapes","practice","placeholder","AC9M2SP01-P-033","","","","","","","","Add practice question 33 of 48 for AC9M2SP01."
"AC9M2SP01","Classifying Shapes","practice","placeholder","AC9M2SP01-P-034","","","","","","","","Add practice question 34 of 48 for AC9M2SP01."
"AC9M2SP01","Classifying Shapes","practice","placeholder","AC9M2SP01-P-035","","","","","","","","Add practice question 35 of 48 for AC9M2SP01."
"AC9M2SP01","Classifying Shapes","practice","placeholder","AC9M2SP01-P-036","","","","","","","","Add practice question 36 of 48 for AC9M2SP01."
"AC9M2SP01","Classifying Shapes","practice","placeholder","AC9M2SP01-P-037","","","","","","","","Add practice question 37 of 48 for AC9M2SP01."
"AC9M2SP01","Classifying Shapes","practice","placeholder","AC9M2SP01-P-038","","","","","","","","Add practice question 38 of 48 for AC9M2SP01."
"AC9M2SP01","Classifying Shapes","practice","placeholder","AC9M2SP01-P-039","","","","","","","","Add practice question 39 of 48 for AC9M2SP01."
"AC9M2SP01","Classifying Shapes","practice","placeholder","AC9M2SP01-P-040","","","","","","","","Add practice question 40 of 48 for AC9M2SP01."
"AC9M2SP01","Classifying Shapes","practice","placeholder","AC9M2SP01-P-041","","","","","","","","Add practice question 41 of 48 for AC9M2SP01."
"AC9M2SP01","Classifying Shapes","practice","placeholder","AC9M2SP01-P-042","","","","","","","","Add practice question 42 of 48 for AC9M2SP01."
"AC9M2SP01","Classifying Shapes","practice","placeholder","AC9M2SP01-P-043","","","","","","","","Add practice question 43 of 48 for AC9M2SP01."
"AC9M2SP01","Classifying Shapes","practice","placeholder","AC9M2SP01-P-044","","","","","","","","Add practice question 44 of 48 for AC9M2SP01."
"AC9M2SP01","Classifying Shapes","practice","placeholder","AC9M2SP01-P-045","","","","","","","","Add practice question 45 of 48 for AC9M2SP01."
"AC9M2SP01","Classifying Shapes","practice","placeholder","AC9M2SP01-P-046","","","","","","","","Add practice question 46 of 48 for AC9M2SP01."
"AC9M2SP01","Classifying Shapes","practice","placeholder","AC9M2SP01-P-047","","","","","","","","Add practice question 47 of 48 for AC9M2SP01."
"AC9M2SP01","Classifying Shapes","practice","placeholder","AC9M2SP01-P-048","","","","","","","","Add practice question 48 of 48 for AC9M2SP01."
"AC9M2SP01","Classifying Shapes","test","existing","AC9M2SP01-T-001","During the sorting game, which shape has 5 straight sides?","A. triangle | B. circle | C. pentagon","pentagon","A pentagon has 5 straight sides. Hint: Trace the boundary and count each straight side once.","","","",""
"AC9M2SP01","Classifying Shapes","test","existing","AC9M2SP01-T-002","During the sorting game, which shape has no straight sides?","A. circle | B. triangle | C. rectangle","circle","A circle has one curved boundary and no straight sides. Hint: Trace around each shape and feel for straight edges.","","","",""
"AC9M2SP01","Classifying Shapes","test","existing","AC9M2SP01-T-003","During the sorting game, a pentagon is turned sideways. What shape is it now?","A. circle | B. pentagon | C. triangle","pentagon","Turning a shape does not change its sides or corners, so it is still a pentagon. Hint: Count the features instead of judging the direction it points.","","","",""
"AC9M2SP01","Classifying Shapes","test","existing","AC9M2SP01-T-004","During the sorting game, which word describes two lines that stay the same distance apart?","A. curved | B. opposite | C. parallel","parallel","Parallel lines remain the same distance apart and do not meet. Hint: Think of straight train tracks.","","","",""
"AC9M2SP01","Classifying Shapes","test","existing","AC9M2SP01-T-005","During the sorting game, which sides of a rectangle face each other across the shape?","A. opposite sides | B. curved sides | C. one single side","opposite sides","Opposite sides are across from each other and do not share a corner. Hint: Point to one side, then look directly across the shape.","","","",""
"AC9M2SP01","Classifying Shapes","test","existing","AC9M2SP01-T-006","During the sorting game, which statement is true about a rectangle?","A. It has 3 straight sides | B. It has 4 straight sides | C. It has only a curved boundary","It has 4 straight sides","A rectangle has 4 straight sides and 4 corners. Hint: Count the sides instead of using the shape's size or position.","","","",""
"AC9M2SP01","Classifying Shapes","test","existing","AC9M2SP01-T-007","During the sorting game, which two shapes belong together because both have 4 straight sides?","A. triangle and circle | B. circle and hexagon | C. square and rectangle","square and rectangle","Both a square and a rectangle have 4 straight sides. Hint: Choose one feature and check it on both shapes.","","","",""
"AC9M2SP01","Classifying Shapes","test","existing","AC9M2SP01-T-008","During the sorting game, why is a circle not in the straight-sided shape group?","A. Its boundary is curved | B. It is too small | C. It is facing the wrong way","Its boundary is curved","A circle has a curved boundary, unlike polygons with straight sides. Hint: Use a visible feature, not colour, size or direction.","","","",""
"AC9M2SP01","Classifying Shapes","test","existing","AC9M2SP01-T-009","At the art station, which shape has 8 straight sides?","A. triangle | B. octagon | C. circle","octagon","A octagon has 8 straight sides. Hint: Trace the boundary and count each straight side once.","","","",""
"AC9M2SP01","Classifying Shapes","test","existing","AC9M2SP01-T-010","At the art station, which shape has no straight sides?","A. triangle | B. rectangle | C. circle","circle","A circle has one curved boundary and no straight sides. Hint: Trace around each shape and feel for straight edges.","","","",""
"AC9M2SP01","Classifying Shapes","test","existing","AC9M2SP01-T-011","At the art station, a octagon is turned sideways. What shape is it now?","A. octagon | B. circle | C. triangle","octagon","Turning a shape does not change its sides or corners, so it is still a octagon. Hint: Count the features instead of judging the direction it points.","","","",""
"AC9M2SP01","Classifying Shapes","test","existing","AC9M2SP01-T-012","At the art station, which word describes two lines that stay the same distance apart?","A. curved | B. parallel | C. opposite","parallel","Parallel lines remain the same distance apart and do not meet. Hint: Think of straight train tracks.","","","",""
"AC9M2SP01","Classifying Shapes","test","existing","AC9M2SP01-T-013","At the art station, which sides of a rectangle face each other across the shape?","A. curved sides | B. one single side | C. opposite sides","opposite sides","Opposite sides are across from each other and do not share a corner. Hint: Point to one side, then look directly across the shape.","","","",""
"AC9M2SP01","Classifying Shapes","test","existing","AC9M2SP01-T-014","At the art station, which statement is true about a rectangle?","A. It has 4 straight sides | B. It has 3 straight sides | C. It has only a curved boundary","It has 4 straight sides","A rectangle has 4 straight sides and 4 corners. Hint: Count the sides instead of using the shape's size or position.","","","",""
"AC9M2SP01","Classifying Shapes","test","existing","AC9M2SP01-T-015","At the art station, which two shapes belong together because both have 4 straight sides?","A. triangle and circle | B. square and rectangle | C. circle and hexagon","square and rectangle","Both a square and a rectangle have 4 straight sides. Hint: Choose one feature and check it on both shapes.","","","",""
"AC9M2SP01","Classifying Shapes","test","existing","AC9M2SP01-T-016","At the art station, why is a circle not in the straight-sided shape group?","A. It is too small | B. It is facing the wrong way | C. Its boundary is curved","Its boundary is curved","A circle has a curved boundary, unlike polygons with straight sides. Hint: Use a visible feature, not colour, size or direction.","","","",""
"AC9M2SP02","Maps, Positions and Pathways","practice","existing","AC9M2SP02-P-001","On the classroom map, the library is above the canteen on the map. Where is the library?","A. above the canteen | B. below the canteen | C. inside the canteen","above the canteen","The library is higher on the map, so it is above the canteen. Hint: Find the canteen first, then look directly higher.","","","",""
"AC9M2SP02","Maps, Positions and Pathways","practice","existing","AC9M2SP02-P-002","On the classroom map, start at the orange dot. Move 2 squares right. Where do you finish?","A. 2 squares to the left | B. 2 squares to the right | C. 2 squares up","2 squares to the right","Moving right keeps the same row and increases the column by 2. Hint: Face the top of the map, then move toward your right hand.","","","",""
"AC9M2SP02","Maps, Positions and Pathways","practice","existing","AC9M2SP02-P-003","On the classroom map, start at the orange dot. Move 1 square down, then 2 squares right. Which path is correct?","A. right 1, then down 2 | B. up 1, then left 2 | C. down 1, then right 2","down 1, then right 2","Directions must be followed in order: down 1 first, then right 2. Hint: Do one instruction at a time and mark each stop.","","","",""
"AC9M2SP02","Maps, Positions and Pathways","practice","existing","AC9M2SP02-P-004","On the classroom map, the tree is between the slide and the bench. Which object is in the middle?","A. the tree | B. the slide | C. the bench","the tree","Between means in the middle of two landmarks. Hint: Name the object with one landmark on each side.","","","",""
"AC9M2SP02","Maps, Positions and Pathways","practice","existing","AC9M2SP02-P-005","On the classroom map, what does a classroom map show?","A. how heavy the furniture is | B. where things are from above | C. what time the class starts","where things are from above","A map is a two-dimensional view that shows positions from above. Hint: Imagine looking down at the room from the ceiling.","","","",""
"AC9M2SP02","Maps, Positions and Pathways","practice","existing","AC9M2SP02-P-006","On the classroom map, which direction tells someone exactly where to go?","A. Go over there | B. Move somewhere near the wall | C. Walk 2 squares up to the door","Walk 2 squares up to the door","The first direction gives a distance, direction and landmark. Hint: A useful direction should tell how far and which way.","","","",""
"AC9M2SP02","Maps, Positions and Pathways","practice","existing","AC9M2SP02-P-007","On the classroom map, a robot follows: right 1, down 1, right 1. How many squares right of the start does it finish?","A. 2 | B. 1 | C. 3","2","The robot makes two right moves, so it finishes 2 squares to the right. Hint: Track horizontal and vertical moves separately.","","","",""
"AC9M2SP02","Maps, Positions and Pathways","practice","existing","AC9M2SP02-P-008","On the classroom map, why must map directions be followed in order?","A. The map changes colour | B. A different order can end at a different place | C. The landmarks disappear","A different order can end at a different place","Changing the order can change the pathway and finishing position. Hint: Try swapping the first two moves on the grid.","","","",""
"AC9M2SP02","Maps, Positions and Pathways","practice","existing","AC9M2SP02-P-009","On the playground map, the library is above the canteen on the map. Where is the library?","A. below the canteen | B. inside the canteen | C. above the canteen","above the canteen","The library is higher on the map, so it is above the canteen. Hint: Find the canteen first, then look directly higher.","","","",""
"AC9M2SP02","Maps, Positions and Pathways","practice","existing","AC9M2SP02-P-010","On the playground map, start at the orange dot. Move 2 squares right. Where do you finish?","A. 2 squares to the right | B. 2 squares to the left | C. 2 squares up","2 squares to the right","Moving right keeps the same row and increases the column by 2. Hint: Face the top of the map, then move toward your right hand.","","","",""
"AC9M2SP02","Maps, Positions and Pathways","practice","existing","AC9M2SP02-P-011","On the playground map, start at the orange dot. Move 1 square down, then 2 squares right. Which path is correct?","A. right 1, then down 2 | B. down 1, then right 2 | C. up 1, then left 2","down 1, then right 2","Directions must be followed in order: down 1 first, then right 2. Hint: Do one instruction at a time and mark each stop.","","","",""
"AC9M2SP02","Maps, Positions and Pathways","practice","existing","AC9M2SP02-P-012","On the playground map, the tree is between the slide and the bench. Which object is in the middle?","A. the slide | B. the bench | C. the tree","the tree","Between means in the middle of two landmarks. Hint: Name the object with one landmark on each side.","","","",""
"AC9M2SP02","Maps, Positions and Pathways","practice","existing","AC9M2SP02-P-013","On the playground map, what does a classroom map show?","A. where things are from above | B. how heavy the furniture is | C. what time the class starts","where things are from above","A map is a two-dimensional view that shows positions from above. Hint: Imagine looking down at the room from the ceiling.","","","",""
"AC9M2SP02","Maps, Positions and Pathways","practice","existing","AC9M2SP02-P-014","On the playground map, which direction tells someone exactly where to go?","A. Go over there | B. Walk 2 squares up to the door | C. Move somewhere near the wall","Walk 2 squares up to the door","The first direction gives a distance, direction and landmark. Hint: A useful direction should tell how far and which way.","","","",""
"AC9M2SP02","Maps, Positions and Pathways","practice","existing","AC9M2SP02-P-015","On the playground map, a robot follows: right 1, down 1, right 1. How many squares right of the start does it finish?","A. 1 | B. 3 | C. 2","2","The robot makes two right moves, so it finishes 2 squares to the right. Hint: Track horizontal and vertical moves separately.","","","",""
"AC9M2SP02","Maps, Positions and Pathways","practice","existing","AC9M2SP02-P-016","On the playground map, why must map directions be followed in order?","A. A different order can end at a different place | B. The map changes colour | C. The landmarks disappear","A different order can end at a different place","Changing the order can change the pathway and finishing position. Hint: Try swapping the first two moves on the grid.","","","",""
"AC9M2SP02","Maps, Positions and Pathways","practice","existing","AC9M2SP02-P-017","In the robot grid, the library is above the canteen on the map. Where is the library?","A. below the canteen | B. above the canteen | C. inside the canteen","above the canteen","The library is higher on the map, so it is above the canteen. Hint: Find the canteen first, then look directly higher.","","","",""
"AC9M2SP02","Maps, Positions and Pathways","practice","existing","AC9M2SP02-P-018","In the robot grid, start at the orange dot. Move 2 squares right. Where do you finish?","A. 2 squares to the left | B. 2 squares up | C. 2 squares to the right","2 squares to the right","Moving right keeps the same row and increases the column by 2. Hint: Face the top of the map, then move toward your right hand.","","","",""
"AC9M2SP02","Maps, Positions and Pathways","practice","existing","AC9M2SP02-P-019","In the robot grid, start at the orange dot. Move 1 square down, then 2 squares right. Which path is correct?","A. down 1, then right 2 | B. right 1, then down 2 | C. up 1, then left 2","down 1, then right 2","Directions must be followed in order: down 1 first, then right 2. Hint: Do one instruction at a time and mark each stop.","","","",""
"AC9M2SP02","Maps, Positions and Pathways","practice","existing","AC9M2SP02-P-020","In the robot grid, the tree is between the slide and the bench. Which object is in the middle?","A. the slide | B. the tree | C. the bench","the tree","Between means in the middle of two landmarks. Hint: Name the object with one landmark on each side.","","","",""
"AC9M2SP02","Maps, Positions and Pathways","practice","existing","AC9M2SP02-P-021","In the robot grid, what does a classroom map show?","A. how heavy the furniture is | B. what time the class starts | C. where things are from above","where things are from above","A map is a two-dimensional view that shows positions from above. Hint: Imagine looking down at the room from the ceiling.","","","",""
"AC9M2SP02","Maps, Positions and Pathways","practice","existing","AC9M2SP02-P-022","In the robot grid, which direction tells someone exactly where to go?","A. Walk 2 squares up to the door | B. Go over there | C. Move somewhere near the wall","Walk 2 squares up to the door","The first direction gives a distance, direction and landmark. Hint: A useful direction should tell how far and which way.","","","",""
"AC9M2SP02","Maps, Positions and Pathways","practice","existing","AC9M2SP02-P-023","In the robot grid, a robot follows: right 1, down 1, right 1. How many squares right of the start does it finish?","A. 1 | B. 2 | C. 3","2","The robot makes two right moves, so it finishes 2 squares to the right. Hint: Track horizontal and vertical moves separately.","","","",""
"AC9M2SP02","Maps, Positions and Pathways","practice","existing","AC9M2SP02-P-024","In the robot grid, why must map directions be followed in order?","A. The map changes colour | B. The landmarks disappear | C. A different order can end at a different place","A different order can end at a different place","Changing the order can change the pathway and finishing position. Hint: Try swapping the first two moves on the grid.","","","",""
"AC9M2SP02","Maps, Positions and Pathways","practice","placeholder","AC9M2SP02-P-025","","","","","","","","Add practice question 25 of 48 for AC9M2SP02."
"AC9M2SP02","Maps, Positions and Pathways","practice","placeholder","AC9M2SP02-P-026","","","","","","","","Add practice question 26 of 48 for AC9M2SP02."
"AC9M2SP02","Maps, Positions and Pathways","practice","placeholder","AC9M2SP02-P-027","","","","","","","","Add practice question 27 of 48 for AC9M2SP02."
"AC9M2SP02","Maps, Positions and Pathways","practice","placeholder","AC9M2SP02-P-028","","","","","","","","Add practice question 28 of 48 for AC9M2SP02."
"AC9M2SP02","Maps, Positions and Pathways","practice","placeholder","AC9M2SP02-P-029","","","","","","","","Add practice question 29 of 48 for AC9M2SP02."
"AC9M2SP02","Maps, Positions and Pathways","practice","placeholder","AC9M2SP02-P-030","","","","","","","","Add practice question 30 of 48 for AC9M2SP02."
"AC9M2SP02","Maps, Positions and Pathways","practice","placeholder","AC9M2SP02-P-031","","","","","","","","Add practice question 31 of 48 for AC9M2SP02."
"AC9M2SP02","Maps, Positions and Pathways","practice","placeholder","AC9M2SP02-P-032","","","","","","","","Add practice question 32 of 48 for AC9M2SP02."
"AC9M2SP02","Maps, Positions and Pathways","practice","placeholder","AC9M2SP02-P-033","","","","","","","","Add practice question 33 of 48 for AC9M2SP02."
"AC9M2SP02","Maps, Positions and Pathways","practice","placeholder","AC9M2SP02-P-034","","","","","","","","Add practice question 34 of 48 for AC9M2SP02."
"AC9M2SP02","Maps, Positions and Pathways","practice","placeholder","AC9M2SP02-P-035","","","","","","","","Add practice question 35 of 48 for AC9M2SP02."
"AC9M2SP02","Maps, Positions and Pathways","practice","placeholder","AC9M2SP02-P-036","","","","","","","","Add practice question 36 of 48 for AC9M2SP02."
"AC9M2SP02","Maps, Positions and Pathways","practice","placeholder","AC9M2SP02-P-037","","","","","","","","Add practice question 37 of 48 for AC9M2SP02."
"AC9M2SP02","Maps, Positions and Pathways","practice","placeholder","AC9M2SP02-P-038","","","","","","","","Add practice question 38 of 48 for AC9M2SP02."
"AC9M2SP02","Maps, Positions and Pathways","practice","placeholder","AC9M2SP02-P-039","","","","","","","","Add practice question 39 of 48 for AC9M2SP02."
"AC9M2SP02","Maps, Positions and Pathways","practice","placeholder","AC9M2SP02-P-040","","","","","","","","Add practice question 40 of 48 for AC9M2SP02."
"AC9M2SP02","Maps, Positions and Pathways","practice","placeholder","AC9M2SP02-P-041","","","","","","","","Add practice question 41 of 48 for AC9M2SP02."
"AC9M2SP02","Maps, Positions and Pathways","practice","placeholder","AC9M2SP02-P-042","","","","","","","","Add practice question 42 of 48 for AC9M2SP02."
"AC9M2SP02","Maps, Positions and Pathways","practice","placeholder","AC9M2SP02-P-043","","","","","","","","Add practice question 43 of 48 for AC9M2SP02."
"AC9M2SP02","Maps, Positions and Pathways","practice","placeholder","AC9M2SP02-P-044","","","","","","","","Add practice question 44 of 48 for AC9M2SP02."
"AC9M2SP02","Maps, Positions and Pathways","practice","placeholder","AC9M2SP02-P-045","","","","","","","","Add practice question 45 of 48 for AC9M2SP02."
"AC9M2SP02","Maps, Positions and Pathways","practice","placeholder","AC9M2SP02-P-046","","","","","","","","Add practice question 46 of 48 for AC9M2SP02."
"AC9M2SP02","Maps, Positions and Pathways","practice","placeholder","AC9M2SP02-P-047","","","","","","","","Add practice question 47 of 48 for AC9M2SP02."
"AC9M2SP02","Maps, Positions and Pathways","practice","placeholder","AC9M2SP02-P-048","","","","","","","","Add practice question 48 of 48 for AC9M2SP02."
"AC9M2SP02","Maps, Positions and Pathways","test","existing","AC9M2SP02-T-001","On the library map, the library is above the canteen on the map. Where is the library?","A. above the canteen | B. below the canteen | C. inside the canteen","above the canteen","The library is higher on the map, so it is above the canteen. Hint: Find the canteen first, then look directly higher.","","","",""
"AC9M2SP02","Maps, Positions and Pathways","test","existing","AC9M2SP02-T-002","On the library map, start at the orange dot. Move 2 squares right. Where do you finish?","A. 2 squares to the left | B. 2 squares to the right | C. 2 squares up","2 squares to the right","Moving right keeps the same row and increases the column by 2. Hint: Face the top of the map, then move toward your right hand.","","","",""
"AC9M2SP02","Maps, Positions and Pathways","test","existing","AC9M2SP02-T-003","On the library map, start at the orange dot. Move 1 square down, then 2 squares right. Which path is correct?","A. right 1, then down 2 | B. up 1, then left 2 | C. down 1, then right 2","down 1, then right 2","Directions must be followed in order: down 1 first, then right 2. Hint: Do one instruction at a time and mark each stop.","","","",""
"AC9M2SP02","Maps, Positions and Pathways","test","existing","AC9M2SP02-T-004","On the library map, the tree is between the slide and the bench. Which object is in the middle?","A. the tree | B. the slide | C. the bench","the tree","Between means in the middle of two landmarks. Hint: Name the object with one landmark on each side.","","","",""
"AC9M2SP02","Maps, Positions and Pathways","test","existing","AC9M2SP02-T-005","On the library map, what does a classroom map show?","A. how heavy the furniture is | B. where things are from above | C. what time the class starts","where things are from above","A map is a two-dimensional view that shows positions from above. Hint: Imagine looking down at the room from the ceiling.","","","",""
"AC9M2SP02","Maps, Positions and Pathways","test","existing","AC9M2SP02-T-006","On the library map, which direction tells someone exactly where to go?","A. Go over there | B. Move somewhere near the wall | C. Walk 2 squares up to the door","Walk 2 squares up to the door","The first direction gives a distance, direction and landmark. Hint: A useful direction should tell how far and which way.","","","",""
"AC9M2SP02","Maps, Positions and Pathways","test","existing","AC9M2SP02-T-007","On the library map, a robot follows: right 1, down 1, right 1. How many squares right of the start does it finish?","A. 2 | B. 1 | C. 3","2","The robot makes two right moves, so it finishes 2 squares to the right. Hint: Track horizontal and vertical moves separately.","","","",""
"AC9M2SP02","Maps, Positions and Pathways","test","existing","AC9M2SP02-T-008","On the library map, why must map directions be followed in order?","A. The map changes colour | B. A different order can end at a different place | C. The landmarks disappear","A different order can end at a different place","Changing the order can change the pathway and finishing position. Hint: Try swapping the first two moves on the grid.","","","",""
"AC9M2SP02","Maps, Positions and Pathways","test","existing","AC9M2SP02-T-009","In the treasure-map challenge, the library is above the canteen on the map. Where is the library?","A. below the canteen | B. inside the canteen | C. above the canteen","above the canteen","The library is higher on the map, so it is above the canteen. Hint: Find the canteen first, then look directly higher.","","","",""
"AC9M2SP02","Maps, Positions and Pathways","test","existing","AC9M2SP02-T-010","In the treasure-map challenge, start at the orange dot. Move 2 squares right. Where do you finish?","A. 2 squares to the right | B. 2 squares to the left | C. 2 squares up","2 squares to the right","Moving right keeps the same row and increases the column by 2. Hint: Face the top of the map, then move toward your right hand.","","","",""
"AC9M2SP02","Maps, Positions and Pathways","test","existing","AC9M2SP02-T-011","In the treasure-map challenge, start at the orange dot. Move 1 square down, then 2 squares right. Which path is correct?","A. right 1, then down 2 | B. down 1, then right 2 | C. up 1, then left 2","down 1, then right 2","Directions must be followed in order: down 1 first, then right 2. Hint: Do one instruction at a time and mark each stop.","","","",""
"AC9M2SP02","Maps, Positions and Pathways","test","existing","AC9M2SP02-T-012","In the treasure-map challenge, the tree is between the slide and the bench. Which object is in the middle?","A. the slide | B. the bench | C. the tree","the tree","Between means in the middle of two landmarks. Hint: Name the object with one landmark on each side.","","","",""
"AC9M2SP02","Maps, Positions and Pathways","test","existing","AC9M2SP02-T-013","In the treasure-map challenge, what does a classroom map show?","A. where things are from above | B. how heavy the furniture is | C. what time the class starts","where things are from above","A map is a two-dimensional view that shows positions from above. Hint: Imagine looking down at the room from the ceiling.","","","",""
"AC9M2SP02","Maps, Positions and Pathways","test","existing","AC9M2SP02-T-014","In the treasure-map challenge, which direction tells someone exactly where to go?","A. Go over there | B. Walk 2 squares up to the door | C. Move somewhere near the wall","Walk 2 squares up to the door","The first direction gives a distance, direction and landmark. Hint: A useful direction should tell how far and which way.","","","",""
"AC9M2SP02","Maps, Positions and Pathways","test","existing","AC9M2SP02-T-015","In the treasure-map challenge, a robot follows: right 1, down 1, right 1. How many squares right of the start does it finish?","A. 1 | B. 3 | C. 2","2","The robot makes two right moves, so it finishes 2 squares to the right. Hint: Track horizontal and vertical moves separately.","","","",""
"AC9M2SP02","Maps, Positions and Pathways","test","existing","AC9M2SP02-T-016","In the treasure-map challenge, why must map directions be followed in order?","A. A different order can end at a different place | B. The map changes colour | C. The landmarks disappear","A different order can end at a different place","Changing the order can change the pathway and finishing position. Hint: Try swapping the first two moves on the grid.","","","",""
"AC9M2ST01","Collecting and Organising Data","practice","existing","AC9M2ST01-P-001","In the fruit survey, which question would collect data about favourite fruit?","A. How old is the school building? | B. What is your favourite fruit? | C. Can you draw any picture?","What is your favourite fruit?","The question asks every person for one category about favourite fruit. Hint: Choose a question whose answers can be sorted into named groups.","","","",""
"AC9M2ST01","Collecting and Organising Data","practice","existing","AC9M2ST01-P-002","In the fruit survey, a class records apples, bananas and oranges. What kind of data are these?","A. length measurements | B. times on a clock | C. categories","categories","The answers belong to named groups, so they are categories. Hint: Ask whether the answers are names or measurements.","","","",""
"AC9M2ST01","Collecting and Organising Data","practice","existing","AC9M2ST01-P-003","In the fruit survey, why should each student's answer be counted once?","A. so the totals are accurate | B. so every total is the same | C. so the survey has no labels","so the totals are accurate","Counting each response once keeps the category totals correct. Hint: Imagine what happens if one answer is marked twice.","","","",""
"AC9M2ST01","Collecting and Organising Data","practice","existing","AC9M2ST01-P-004","In the fruit survey, which table correctly records 2 apples, 6 bananas and 3 oranges?","A. apples 3, bananas 6, oranges 3 | B. apples 2, bananas 6, oranges 3 | C. apples 2, bananas 6, oranges 4","apples 2, bananas 6, oranges 3","Each category is matched to its correct count. Hint: Read across one row at a time.","","","",""
"AC9M2ST01","Collecting and Organising Data","practice","existing","AC9M2ST01-P-005","In the fruit survey, which category has the most responses?","A. apples | B. oranges | C. bananas","bananas","The bananas category has the largest count. Hint: Compare the heights or the count numbers.","","","",""
"AC9M2ST01","Collecting and Organising Data","practice","existing","AC9M2ST01-P-006","In the fruit survey, which categories are clear and do not overlap for a pet survey?","A. cat, dog, fish | B. small, cute, dog | C. pet, animal, cat","cat, dog, fish","Cat, dog and fish are distinct groups, so each pet has one clear place. Hint: Avoid categories where one answer could fit more than one group.","","","",""
"AC9M2ST01","Collecting and Organising Data","practice","existing","AC9M2ST01-P-007","In the fruit survey, which method could collect data about birds visiting the playground?","A. guess without looking | B. observe and tally each bird | C. measure one desk","observe and tally each bird","Observation and tally marks record each bird that visits. Hint: Choose a method that directly watches the thing being counted.","","","",""
"AC9M2ST01","Collecting and Organising Data","practice","existing","AC9M2ST01-P-008","In the fruit survey, apples has 2 responses and bananas has 6. How many responses altogether?","A. 4 | B. 9 | C. 8","8","Add the two category counts: 2 + 6 = 8. Hint: Altogether means combine both counts.","","","",""
"AC9M2ST01","Collecting and Organising Data","practice","existing","AC9M2ST01-P-009","In the travel survey, which question would collect data about way to travel to school?","A. What is your way to travel to school? | B. How old is the school building? | C. Can you draw any picture?","What is your way to travel to school?","The question asks every person for one category about way to travel to school. Hint: Choose a question whose answers can be sorted into named groups.","","","",""
"AC9M2ST01","Collecting and Organising Data","practice","existing","AC9M2ST01-P-010","In the travel survey, a class records walk, car and bus. What kind of data are these?","A. length measurements | B. categories | C. times on a clock","categories","The answers belong to named groups, so they are categories. Hint: Ask whether the answers are names or measurements.","","","",""
"AC9M2ST01","Collecting and Organising Data","practice","existing","AC9M2ST01-P-011","In the travel survey, why should each student's answer be counted once?","A. so every total is the same | B. so the survey has no labels | C. so the totals are accurate","so the totals are accurate","Counting each response once keeps the category totals correct. Hint: Imagine what happens if one answer is marked twice.","","","",""
"AC9M2ST01","Collecting and Organising Data","practice","existing","AC9M2ST01-P-012","In the travel survey, which table correctly records 3 walk, 7 car and 4 bus?","A. walk 3, car 7, bus 4 | B. walk 4, car 7, bus 4 | C. walk 3, car 7, bus 5","walk 3, car 7, bus 4","Each category is matched to its correct count. Hint: Read across one row at a time.","","","",""
"AC9M2ST01","Collecting and Organising Data","practice","existing","AC9M2ST01-P-013","In the travel survey, which category has the most responses?","A. walk | B. car | C. bus","car","The car category has the largest count. Hint: Compare the heights or the count numbers.","","","",""
"AC9M2ST01","Collecting and Organising Data","practice","existing","AC9M2ST01-P-014","In the travel survey, which categories are clear and do not overlap for a pet survey?","A. small, cute, dog | B. pet, animal, cat | C. cat, dog, fish","cat, dog, fish","Cat, dog and fish are distinct groups, so each pet has one clear place. Hint: Avoid categories where one answer could fit more than one group.","","","",""
"AC9M2ST01","Collecting and Organising Data","practice","existing","AC9M2ST01-P-015","In the travel survey, which method could collect data about birds visiting the playground?","A. observe and tally each bird | B. guess without looking | C. measure one desk","observe and tally each bird","Observation and tally marks record each bird that visits. Hint: Choose a method that directly watches the thing being counted.","","","",""
"AC9M2ST01","Collecting and Organising Data","practice","existing","AC9M2ST01-P-016","In the travel survey, walk has 3 responses and car has 7. How many responses altogether?","A. 4 | B. 10 | C. 11","10","Add the two category counts: 3 + 7 = 10. Hint: Altogether means combine both counts.","","","",""
"AC9M2ST01","Collecting and Organising Data","practice","existing","AC9M2ST01-P-017","In the playground survey, which question would collect data about favourite playground game?","A. How old is the school building? | B. Can you draw any picture? | C. What is your favourite playground game?","What is your favourite playground game?","The question asks every person for one category about favourite playground game. Hint: Choose a question whose answers can be sorted into named groups.","","","",""
"AC9M2ST01","Collecting and Organising Data","practice","existing","AC9M2ST01-P-018","In the playground survey, a class records chase, swings and ball. What kind of data are these?","A. categories | B. length measurements | C. times on a clock","categories","The answers belong to named groups, so they are categories. Hint: Ask whether the answers are names or measurements.","","","",""
"AC9M2ST01","Collecting and Organising Data","practice","existing","AC9M2ST01-P-019","In the playground survey, why should each student's answer be counted once?","A. so every total is the same | B. so the totals are accurate | C. so the survey has no labels","so the totals are accurate","Counting each response once keeps the category totals correct. Hint: Imagine what happens if one answer is marked twice.","","","",""
"AC9M2ST01","Collecting and Organising Data","practice","existing","AC9M2ST01-P-020","In the playground survey, which table correctly records 4 chase, 8 swings and 3 ball?","A. chase 5, swings 8, ball 3 | B. chase 4, swings 8, ball 4 | C. chase 4, swings 8, ball 3","chase 4, swings 8, ball 3","Each category is matched to its correct count. Hint: Read across one row at a time.","","","",""
"AC9M2ST01","Collecting and Organising Data","practice","existing","AC9M2ST01-P-021","In the playground survey, which category has the most responses?","A. swings | B. chase | C. ball","swings","The swings category has the largest count. Hint: Compare the heights or the count numbers.","","","",""
"AC9M2ST01","Collecting and Organising Data","practice","existing","AC9M2ST01-P-022","In the playground survey, which categories are clear and do not overlap for a pet survey?","A. small, cute, dog | B. cat, dog, fish | C. pet, animal, cat","cat, dog, fish","Cat, dog and fish are distinct groups, so each pet has one clear place. Hint: Avoid categories where one answer could fit more than one group.","","","",""
"AC9M2ST01","Collecting and Organising Data","practice","existing","AC9M2ST01-P-023","In the playground survey, which method could collect data about birds visiting the playground?","A. guess without looking | B. measure one desk | C. observe and tally each bird","observe and tally each bird","Observation and tally marks record each bird that visits. Hint: Choose a method that directly watches the thing being counted.","","","",""
"AC9M2ST01","Collecting and Organising Data","practice","existing","AC9M2ST01-P-024","In the playground survey, chase has 4 responses and swings has 8. How many responses altogether?","A. 12 | B. 4 | C. 13","12","Add the two category counts: 4 + 8 = 12. Hint: Altogether means combine both counts.","","","",""
"AC9M2ST01","Collecting and Organising Data","practice","placeholder","AC9M2ST01-P-025","","","","","","","","Add practice question 25 of 48 for AC9M2ST01."
"AC9M2ST01","Collecting and Organising Data","practice","placeholder","AC9M2ST01-P-026","","","","","","","","Add practice question 26 of 48 for AC9M2ST01."
"AC9M2ST01","Collecting and Organising Data","practice","placeholder","AC9M2ST01-P-027","","","","","","","","Add practice question 27 of 48 for AC9M2ST01."
"AC9M2ST01","Collecting and Organising Data","practice","placeholder","AC9M2ST01-P-028","","","","","","","","Add practice question 28 of 48 for AC9M2ST01."
"AC9M2ST01","Collecting and Organising Data","practice","placeholder","AC9M2ST01-P-029","","","","","","","","Add practice question 29 of 48 for AC9M2ST01."
"AC9M2ST01","Collecting and Organising Data","practice","placeholder","AC9M2ST01-P-030","","","","","","","","Add practice question 30 of 48 for AC9M2ST01."
"AC9M2ST01","Collecting and Organising Data","practice","placeholder","AC9M2ST01-P-031","","","","","","","","Add practice question 31 of 48 for AC9M2ST01."
"AC9M2ST01","Collecting and Organising Data","practice","placeholder","AC9M2ST01-P-032","","","","","","","","Add practice question 32 of 48 for AC9M2ST01."
"AC9M2ST01","Collecting and Organising Data","practice","placeholder","AC9M2ST01-P-033","","","","","","","","Add practice question 33 of 48 for AC9M2ST01."
"AC9M2ST01","Collecting and Organising Data","practice","placeholder","AC9M2ST01-P-034","","","","","","","","Add practice question 34 of 48 for AC9M2ST01."
"AC9M2ST01","Collecting and Organising Data","practice","placeholder","AC9M2ST01-P-035","","","","","","","","Add practice question 35 of 48 for AC9M2ST01."
"AC9M2ST01","Collecting and Organising Data","practice","placeholder","AC9M2ST01-P-036","","","","","","","","Add practice question 36 of 48 for AC9M2ST01."
"AC9M2ST01","Collecting and Organising Data","practice","placeholder","AC9M2ST01-P-037","","","","","","","","Add practice question 37 of 48 for AC9M2ST01."
"AC9M2ST01","Collecting and Organising Data","practice","placeholder","AC9M2ST01-P-038","","","","","","","","Add practice question 38 of 48 for AC9M2ST01."
"AC9M2ST01","Collecting and Organising Data","practice","placeholder","AC9M2ST01-P-039","","","","","","","","Add practice question 39 of 48 for AC9M2ST01."
"AC9M2ST01","Collecting and Organising Data","practice","placeholder","AC9M2ST01-P-040","","","","","","","","Add practice question 40 of 48 for AC9M2ST01."
"AC9M2ST01","Collecting and Organising Data","practice","placeholder","AC9M2ST01-P-041","","","","","","","","Add practice question 41 of 48 for AC9M2ST01."
"AC9M2ST01","Collecting and Organising Data","practice","placeholder","AC9M2ST01-P-042","","","","","","","","Add practice question 42 of 48 for AC9M2ST01."
"AC9M2ST01","Collecting and Organising Data","practice","placeholder","AC9M2ST01-P-043","","","","","","","","Add practice question 43 of 48 for AC9M2ST01."
"AC9M2ST01","Collecting and Organising Data","practice","placeholder","AC9M2ST01-P-044","","","","","","","","Add practice question 44 of 48 for AC9M2ST01."
"AC9M2ST01","Collecting and Organising Data","practice","placeholder","AC9M2ST01-P-045","","","","","","","","Add practice question 45 of 48 for AC9M2ST01."
"AC9M2ST01","Collecting and Organising Data","practice","placeholder","AC9M2ST01-P-046","","","","","","","","Add practice question 46 of 48 for AC9M2ST01."
"AC9M2ST01","Collecting and Organising Data","practice","placeholder","AC9M2ST01-P-047","","","","","","","","Add practice question 47 of 48 for AC9M2ST01."
"AC9M2ST01","Collecting and Organising Data","practice","placeholder","AC9M2ST01-P-048","","","","","","","","Add practice question 48 of 48 for AC9M2ST01."
"AC9M2ST01","Collecting and Organising Data","test","existing","AC9M2ST01-T-001","In the pet survey, which question would collect data about type of pet?","A. How old is the school building? | B. What is your type of pet? | C. Can you draw any picture?","What is your type of pet?","The question asks every person for one category about type of pet. Hint: Choose a question whose answers can be sorted into named groups.","","","",""
"AC9M2ST01","Collecting and Organising Data","test","existing","AC9M2ST01-T-002","In the pet survey, a class records cats, dogs and fish. What kind of data are these?","A. length measurements | B. times on a clock | C. categories","categories","The answers belong to named groups, so they are categories. Hint: Ask whether the answers are names or measurements.","","","",""
"AC9M2ST01","Collecting and Organising Data","test","existing","AC9M2ST01-T-003","In the pet survey, why should each student's answer be counted once?","A. so the totals are accurate | B. so every total is the same | C. so the survey has no labels","so the totals are accurate","Counting each response once keeps the category totals correct. Hint: Imagine what happens if one answer is marked twice.","","","",""
"AC9M2ST01","Collecting and Organising Data","test","existing","AC9M2ST01-T-004","In the pet survey, which table correctly records 5 cats, 9 dogs and 4 fish?","A. cats 6, dogs 9, fish 4 | B. cats 5, dogs 9, fish 4 | C. cats 5, dogs 9, fish 5","cats 5, dogs 9, fish 4","Each category is matched to its correct count. Hint: Read across one row at a time.","","","",""
"AC9M2ST01","Collecting and Organising Data","test","existing","AC9M2ST01-T-005","In the pet survey, which category has the most responses?","A. cats | B. fish | C. dogs","dogs","The dogs category has the largest count. Hint: Compare the heights or the count numbers.","","","",""
"AC9M2ST01","Collecting and Organising Data","test","existing","AC9M2ST01-T-006","In the pet survey, which categories are clear and do not overlap for a pet survey?","A. cat, dog, fish | B. small, cute, dog | C. pet, animal, cat","cat, dog, fish","Cat, dog and fish are distinct groups, so each pet has one clear place. Hint: Avoid categories where one answer could fit more than one group.","","","",""
"AC9M2ST01","Collecting and Organising Data","test","existing","AC9M2ST01-T-007","In the pet survey, which method could collect data about birds visiting the playground?","A. guess without looking | B. observe and tally each bird | C. measure one desk","observe and tally each bird","Observation and tally marks record each bird that visits. Hint: Choose a method that directly watches the thing being counted.","","","",""
"AC9M2ST01","Collecting and Organising Data","test","existing","AC9M2ST01-T-008","In the pet survey, cats has 5 responses and dogs has 9. How many responses altogether?","A. 4 | B. 15 | C. 14","14","Add the two category counts: 5 + 9 = 14. Hint: Altogether means combine both counts.","","","",""
"AC9M2ST01","Collecting and Organising Data","test","existing","AC9M2ST01-T-009","In the story survey, which question would collect data about favourite story type?","A. What is your favourite story type? | B. How old is the school building? | C. Can you draw any picture?","What is your favourite story type?","The question asks every person for one category about favourite story type. Hint: Choose a question whose answers can be sorted into named groups.","","","",""
"AC9M2ST01","Collecting and Organising Data","test","existing","AC9M2ST01-T-010","In the story survey, a class records funny, animal and facts. What kind of data are these?","A. length measurements | B. categories | C. times on a clock","categories","The answers belong to named groups, so they are categories. Hint: Ask whether the answers are names or measurements.","","","",""
"AC9M2ST01","Collecting and Organising Data","test","existing","AC9M2ST01-T-011","In the story survey, why should each student's answer be counted once?","A. so every total is the same | B. so the survey has no labels | C. so the totals are accurate","so the totals are accurate","Counting each response once keeps the category totals correct. Hint: Imagine what happens if one answer is marked twice.","","","",""
"AC9M2ST01","Collecting and Organising Data","test","existing","AC9M2ST01-T-012","In the story survey, which table correctly records 6 funny, 10 animal and 3 facts?","A. funny 6, animal 10, facts 3 | B. funny 7, animal 10, facts 3 | C. funny 6, animal 10, facts 4","funny 6, animal 10, facts 3","Each category is matched to its correct count. Hint: Read across one row at a time.","","","",""
"AC9M2ST01","Collecting and Organising Data","test","existing","AC9M2ST01-T-013","In the story survey, which category has the most responses?","A. funny | B. animal | C. facts","animal","The animal category has the largest count. Hint: Compare the heights or the count numbers.","","","",""
"AC9M2ST01","Collecting and Organising Data","test","existing","AC9M2ST01-T-014","In the story survey, which categories are clear and do not overlap for a pet survey?","A. small, cute, dog | B. pet, animal, cat | C. cat, dog, fish","cat, dog, fish","Cat, dog and fish are distinct groups, so each pet has one clear place. Hint: Avoid categories where one answer could fit more than one group.","","","",""
"AC9M2ST01","Collecting and Organising Data","test","existing","AC9M2ST01-T-015","In the story survey, which method could collect data about birds visiting the playground?","A. observe and tally each bird | B. guess without looking | C. measure one desk","observe and tally each bird","Observation and tally marks record each bird that visits. Hint: Choose a method that directly watches the thing being counted.","","","",""
"AC9M2ST01","Collecting and Organising Data","test","existing","AC9M2ST01-T-016","In the story survey, funny has 6 responses and animal has 10. How many responses altogether?","A. 4 | B. 16 | C. 17","16","Add the two category counts: 6 + 10 = 16. Hint: Altogether means combine both counts.","","","",""
"AC9M2ST02","Graphical Data Displays","practice","existing","AC9M2ST02-P-001","On the fruit graph, which category has the most fruit votes?","A. apples | B. oranges | C. bananas","bananas","Category bananas has the tallest bar and the greatest count, 8. Hint: Compare the top of each bar.","","","",""
"AC9M2ST02","Graphical Data Displays","practice","existing","AC9M2ST02-P-002","On the fruit graph, which category has the fewest fruit votes?","A. apples | B. bananas | C. oranges","apples","Category apples has the shortest bar and the smallest count, 2. Hint: Find the bar that reaches the lowest number.","","","",""
"AC9M2ST02","Graphical Data Displays","practice","existing","AC9M2ST02-P-003","On the fruit graph, how many more votes does bananas have than apples?","A. 10 | B. 6 | C. 7","6","Find the difference: 8 − 2 = 6. Hint: Start at apples's height and count up to bananas's height.","","","",""
"AC9M2ST02","Graphical Data Displays","practice","existing","AC9M2ST02-P-004","On the fruit graph, what must stay the same when this table is changed into a graph?","A. the bar colours only | B. the order of the alphabet | C. the category counts","the category counts","A new display must represent the same data values. Hint: Check every graph bar against its table count.","","","",""
"AC9M2ST02","Graphical Data Displays","practice","existing","AC9M2ST02-P-005","On the fruit graph, why does a graph need category labels?","A. to show what each bar represents | B. to make every bar equal | C. to change the data totals","to show what each bar represents","Labels connect each bar or picture to its category. Hint: Without labels, you cannot tell what is being counted.","","","",""
"AC9M2ST02","Graphical Data Displays","practice","existing","AC9M2ST02-P-006","On the fruit graph, which display makes it easy to compare three category counts?","A. an unlabelled picture | B. a labelled bar graph | C. a clock face","a labelled bar graph","A labelled bar graph places the category amounts side by side. Hint: Choose a display where the heights and labels can be compared.","","","",""
"AC9M2ST02","Graphical Data Displays","practice","existing","AC9M2ST02-P-007","On the fruit graph, a picture graph uses one star for one vote. How many votes do 5 stars show?","A. 6 | B. 10 | C. 5","5","When one picture equals one vote, 5 stars represent 5 votes. Hint: Check the key before counting the pictures.","","","",""
"AC9M2ST02","Graphical Data Displays","practice","existing","AC9M2ST02-P-008","On the fruit graph, the table says apples has 2 votes, but the graph shows 3. What is wrong?","A. the graph count does not match the table | B. the graph uses a blue bar | C. the table has a heading","the graph count does not match the table","The graph must show 2 for apples, the same as the source table. Hint: Compare one category at a time across both displays.","","","",""
"AC9M2ST02","Graphical Data Displays","practice","existing","AC9M2ST02-P-009","On the pet graph, which category has the most pets votes?","A. cats | B. dogs | C. fish","dogs","Category dogs has the tallest bar and the greatest count, 9. Hint: Compare the top of each bar.","","","",""
"AC9M2ST02","Graphical Data Displays","practice","existing","AC9M2ST02-P-010","On the pet graph, which category has the fewest pets votes?","A. dogs | B. fish | C. cats","cats","Category cats has the shortest bar and the smallest count, 3. Hint: Find the bar that reaches the lowest number.","","","",""
"AC9M2ST02","Graphical Data Displays","practice","existing","AC9M2ST02-P-011","On the pet graph, how many more votes does dogs have than cats?","A. 6 | B. 12 | C. 7","6","Find the difference: 9 − 3 = 6. Hint: Start at cats's height and count up to dogs's height.","","","",""
"AC9M2ST02","Graphical Data Displays","practice","existing","AC9M2ST02-P-012","On the pet graph, what must stay the same when this table is changed into a graph?","A. the bar colours only | B. the category counts | C. the order of the alphabet","the category counts","A new display must represent the same data values. Hint: Check every graph bar against its table count.","","","",""
"AC9M2ST02","Graphical Data Displays","practice","existing","AC9M2ST02-P-013","On the pet graph, why does a graph need category labels?","A. to make every bar equal | B. to change the data totals | C. to show what each bar represents","to show what each bar represents","Labels connect each bar or picture to its category. Hint: Without labels, you cannot tell what is being counted.","","","",""
"AC9M2ST02","Graphical Data Displays","practice","existing","AC9M2ST02-P-014","On the pet graph, which display makes it easy to compare three category counts?","A. a labelled bar graph | B. an unlabelled picture | C. a clock face","a labelled bar graph","A labelled bar graph places the category amounts side by side. Hint: Choose a display where the heights and labels can be compared.","","","",""
"AC9M2ST02","Graphical Data Displays","practice","existing","AC9M2ST02-P-015","On the pet graph, a picture graph uses one star for one vote. How many votes do 6 stars show?","A. 7 | B. 6 | C. 12","6","When one picture equals one vote, 6 stars represent 6 votes. Hint: Check the key before counting the pictures.","","","",""
"AC9M2ST02","Graphical Data Displays","practice","existing","AC9M2ST02-P-016","On the pet graph, the table says cats has 3 votes, but the graph shows 4. What is wrong?","A. the graph uses a blue bar | B. the table has a heading | C. the graph count does not match the table","the graph count does not match the table","The graph must show 3 for cats, the same as the source table. Hint: Compare one category at a time across both displays.","","","",""
"AC9M2ST02","Graphical Data Displays","practice","existing","AC9M2ST02-P-017","On the games graph, which category has the most games votes?","A. swings | B. chase | C. ball","swings","Category swings has the tallest bar and the greatest count, 10. Hint: Compare the top of each bar.","","","",""
"AC9M2ST02","Graphical Data Displays","practice","existing","AC9M2ST02-P-018","On the games graph, which category has the fewest games votes?","A. swings | B. chase | C. ball","chase","Category chase has the shortest bar and the smallest count, 4. Hint: Find the bar that reaches the lowest number.","","","",""
"AC9M2ST02","Graphical Data Displays","practice","existing","AC9M2ST02-P-019","On the games graph, how many more votes does swings have than chase?","A. 14 | B. 7 | C. 6","6","Find the difference: 10 − 4 = 6. Hint: Start at chase's height and count up to swings's height.","","","",""
"AC9M2ST02","Graphical Data Displays","practice","existing","AC9M2ST02-P-020","On the games graph, what must stay the same when this table is changed into a graph?","A. the category counts | B. the bar colours only | C. the order of the alphabet","the category counts","A new display must represent the same data values. Hint: Check every graph bar against its table count.","","","",""
"AC9M2ST02","Graphical Data Displays","practice","existing","AC9M2ST02-P-021","On the games graph, why does a graph need category labels?","A. to make every bar equal | B. to show what each bar represents | C. to change the data totals","to show what each bar represents","Labels connect each bar or picture to its category. Hint: Without labels, you cannot tell what is being counted.","","","",""
"AC9M2ST02","Graphical Data Displays","practice","existing","AC9M2ST02-P-022","On the games graph, which display makes it easy to compare three category counts?","A. an unlabelled picture | B. a clock face | C. a labelled bar graph","a labelled bar graph","A labelled bar graph places the category amounts side by side. Hint: Choose a display where the heights and labels can be compared.","","","",""
"AC9M2ST02","Graphical Data Displays","practice","existing","AC9M2ST02-P-023","On the games graph, a picture graph uses one star for one vote. How many votes do 7 stars show?","A. 7 | B. 8 | C. 14","7","When one picture equals one vote, 7 stars represent 7 votes. Hint: Check the key before counting the pictures.","","","",""
"AC9M2ST02","Graphical Data Displays","practice","existing","AC9M2ST02-P-024","On the games graph, the table says chase has 4 votes, but the graph shows 5. What is wrong?","A. the graph uses a blue bar | B. the graph count does not match the table | C. the table has a heading","the graph count does not match the table","The graph must show 4 for chase, the same as the source table. Hint: Compare one category at a time across both displays.","","","",""
"AC9M2ST02","Graphical Data Displays","practice","placeholder","AC9M2ST02-P-025","","","","","","","","Add practice question 25 of 48 for AC9M2ST02."
"AC9M2ST02","Graphical Data Displays","practice","placeholder","AC9M2ST02-P-026","","","","","","","","Add practice question 26 of 48 for AC9M2ST02."
"AC9M2ST02","Graphical Data Displays","practice","placeholder","AC9M2ST02-P-027","","","","","","","","Add practice question 27 of 48 for AC9M2ST02."
"AC9M2ST02","Graphical Data Displays","practice","placeholder","AC9M2ST02-P-028","","","","","","","","Add practice question 28 of 48 for AC9M2ST02."
"AC9M2ST02","Graphical Data Displays","practice","placeholder","AC9M2ST02-P-029","","","","","","","","Add practice question 29 of 48 for AC9M2ST02."
"AC9M2ST02","Graphical Data Displays","practice","placeholder","AC9M2ST02-P-030","","","","","","","","Add practice question 30 of 48 for AC9M2ST02."
"AC9M2ST02","Graphical Data Displays","practice","placeholder","AC9M2ST02-P-031","","","","","","","","Add practice question 31 of 48 for AC9M2ST02."
"AC9M2ST02","Graphical Data Displays","practice","placeholder","AC9M2ST02-P-032","","","","","","","","Add practice question 32 of 48 for AC9M2ST02."
"AC9M2ST02","Graphical Data Displays","practice","placeholder","AC9M2ST02-P-033","","","","","","","","Add practice question 33 of 48 for AC9M2ST02."
"AC9M2ST02","Graphical Data Displays","practice","placeholder","AC9M2ST02-P-034","","","","","","","","Add practice question 34 of 48 for AC9M2ST02."
"AC9M2ST02","Graphical Data Displays","practice","placeholder","AC9M2ST02-P-035","","","","","","","","Add practice question 35 of 48 for AC9M2ST02."
"AC9M2ST02","Graphical Data Displays","practice","placeholder","AC9M2ST02-P-036","","","","","","","","Add practice question 36 of 48 for AC9M2ST02."
"AC9M2ST02","Graphical Data Displays","practice","placeholder","AC9M2ST02-P-037","","","","","","","","Add practice question 37 of 48 for AC9M2ST02."
"AC9M2ST02","Graphical Data Displays","practice","placeholder","AC9M2ST02-P-038","","","","","","","","Add practice question 38 of 48 for AC9M2ST02."
"AC9M2ST02","Graphical Data Displays","practice","placeholder","AC9M2ST02-P-039","","","","","","","","Add practice question 39 of 48 for AC9M2ST02."
"AC9M2ST02","Graphical Data Displays","practice","placeholder","AC9M2ST02-P-040","","","","","","","","Add practice question 40 of 48 for AC9M2ST02."
"AC9M2ST02","Graphical Data Displays","practice","placeholder","AC9M2ST02-P-041","","","","","","","","Add practice question 41 of 48 for AC9M2ST02."
"AC9M2ST02","Graphical Data Displays","practice","placeholder","AC9M2ST02-P-042","","","","","","","","Add practice question 42 of 48 for AC9M2ST02."
"AC9M2ST02","Graphical Data Displays","practice","placeholder","AC9M2ST02-P-043","","","","","","","","Add practice question 43 of 48 for AC9M2ST02."
"AC9M2ST02","Graphical Data Displays","practice","placeholder","AC9M2ST02-P-044","","","","","","","","Add practice question 44 of 48 for AC9M2ST02."
"AC9M2ST02","Graphical Data Displays","practice","placeholder","AC9M2ST02-P-045","","","","","","","","Add practice question 45 of 48 for AC9M2ST02."
"AC9M2ST02","Graphical Data Displays","practice","placeholder","AC9M2ST02-P-046","","","","","","","","Add practice question 46 of 48 for AC9M2ST02."
"AC9M2ST02","Graphical Data Displays","practice","placeholder","AC9M2ST02-P-047","","","","","","","","Add practice question 47 of 48 for AC9M2ST02."
"AC9M2ST02","Graphical Data Displays","practice","placeholder","AC9M2ST02-P-048","","","","","","","","Add practice question 48 of 48 for AC9M2ST02."
"AC9M2ST02","Graphical Data Displays","test","existing","AC9M2ST02-T-001","On the weather graph, which category has the most weather votes?","A. sunny | B. cloudy | C. rainy","rainy","Category rainy has the tallest bar and the greatest count, 11. Hint: Compare the top of each bar.","","","",""
"AC9M2ST02","Graphical Data Displays","test","existing","AC9M2ST02-T-002","On the weather graph, which category has the fewest weather votes?","A. sunny | B. rainy | C. cloudy","sunny","Category sunny has the shortest bar and the smallest count, 5. Hint: Find the bar that reaches the lowest number.","","","",""
"AC9M2ST02","Graphical Data Displays","test","existing","AC9M2ST02-T-003","On the weather graph, how many more votes does rainy have than sunny?","A. 16 | B. 6 | C. 7","6","Find the difference: 11 − 5 = 6. Hint: Start at sunny's height and count up to rainy's height.","","","",""
"AC9M2ST02","Graphical Data Displays","test","existing","AC9M2ST02-T-004","On the weather graph, what must stay the same when this table is changed into a graph?","A. the bar colours only | B. the order of the alphabet | C. the category counts","the category counts","A new display must represent the same data values. Hint: Check every graph bar against its table count.","","","",""
"AC9M2ST02","Graphical Data Displays","test","existing","AC9M2ST02-T-005","On the weather graph, why does a graph need category labels?","A. to show what each bar represents | B. to make every bar equal | C. to change the data totals","to show what each bar represents","Labels connect each bar or picture to its category. Hint: Without labels, you cannot tell what is being counted.","","","",""
"AC9M2ST02","Graphical Data Displays","test","existing","AC9M2ST02-T-006","On the weather graph, which display makes it easy to compare three category counts?","A. an unlabelled picture | B. a labelled bar graph | C. a clock face","a labelled bar graph","A labelled bar graph places the category amounts side by side. Hint: Choose a display where the heights and labels can be compared.","","","",""
"AC9M2ST02","Graphical Data Displays","test","existing","AC9M2ST02-T-007","On the weather graph, a picture graph uses one star for one vote. How many votes do 8 stars show?","A. 9 | B. 16 | C. 8","8","When one picture equals one vote, 8 stars represent 8 votes. Hint: Check the key before counting the pictures.","","","",""
"AC9M2ST02","Graphical Data Displays","test","existing","AC9M2ST02-T-008","On the weather graph, the table says sunny has 5 votes, but the graph shows 6. What is wrong?","A. the graph count does not match the table | B. the graph uses a blue bar | C. the table has a heading","the graph count does not match the table","The graph must show 5 for sunny, the same as the source table. Hint: Compare one category at a time across both displays.","","","",""
"AC9M2ST02","Graphical Data Displays","test","existing","AC9M2ST02-T-009","On the books graph, which category has the most books votes?","A. funny | B. animal | C. facts","animal","Category animal has the tallest bar and the greatest count, 12. Hint: Compare the top of each bar.","","","",""
"AC9M2ST02","Graphical Data Displays","test","existing","AC9M2ST02-T-010","On the books graph, which category has the fewest books votes?","A. animal | B. facts | C. funny","funny","Category funny has the shortest bar and the smallest count, 6. Hint: Find the bar that reaches the lowest number.","","","",""
"AC9M2ST02","Graphical Data Displays","test","existing","AC9M2ST02-T-011","On the books graph, how many more votes does animal have than funny?","A. 6 | B. 18 | C. 7","6","Find the difference: 12 − 6 = 6. Hint: Start at funny's height and count up to animal's height.","","","",""
"AC9M2ST02","Graphical Data Displays","test","existing","AC9M2ST02-T-012","On the books graph, what must stay the same when this table is changed into a graph?","A. the bar colours only | B. the category counts | C. the order of the alphabet","the category counts","A new display must represent the same data values. Hint: Check every graph bar against its table count.","","","",""
"AC9M2ST02","Graphical Data Displays","test","existing","AC9M2ST02-T-013","On the books graph, why does a graph need category labels?","A. to make every bar equal | B. to change the data totals | C. to show what each bar represents","to show what each bar represents","Labels connect each bar or picture to its category. Hint: Without labels, you cannot tell what is being counted.","","","",""
"AC9M2ST02","Graphical Data Displays","test","existing","AC9M2ST02-T-014","On the books graph, which display makes it easy to compare three category counts?","A. a labelled bar graph | B. an unlabelled picture | C. a clock face","a labelled bar graph","A labelled bar graph places the category amounts side by side. Hint: Choose a display where the heights and labels can be compared.","","","",""
"AC9M2ST02","Graphical Data Displays","test","existing","AC9M2ST02-T-015","On the books graph, a picture graph uses one star for one vote. How many votes do 9 stars show?","A. 10 | B. 9 | C. 18","9","When one picture equals one vote, 9 stars represent 9 votes. Hint: Check the key before counting the pictures.","","","",""
"AC9M2ST02","Graphical Data Displays","test","existing","AC9M2ST02-T-016","On the books graph, the table says funny has 6 votes, but the graph shows 7. What is wrong?","A. the graph uses a blue bar | B. the table has a heading | C. the graph count does not match the table","the graph count does not match the table","The graph must show 6 for funny, the same as the source table. Hint: Compare one category at a time across both displays.","","","",""
